Workbook
Name Cargo: #REF!
Name Cargo: #REF!
Name Clase: #REF!
Name Clase: #REF!
Name Codigo: #REF!
Name Codigo: #REF!
Name División_de_verificación: #REF!
Name División_de_verificación: #REF!
Name Excentricidad: #REF!
Name Excentricidad: #REF!
Name Max: #REF!
Name Max: #REF!
Name Min: #REF!
Name Min: #REF!
Name Nombres: #REF!
Name Nombres: #REF!
Name Patrón: #REF!
Name Patrón: #REF!
Name Repetibilidad: #REF!
Name Repetibilidad: #REF!
Name Resolucion: #REF!
Name Resolucion: #REF!
Name Resolución: #REF!
Name Resolución: #REF!
Name Temperatura: #REF!
Name Temperatura: #REF!
Name U0: #REF!
Name U0: #REF!
Name Umax: #REF!
Name Umax: #REF!
Name Unidades: #REF!
Name Unidades: #REF!
Name W: #REF!
Name W: #REF!

Sheet Base Patrones Presion
B2: CODIGO | E2: ='TOMA DE DATOS'!F42 -> TEC-LAB-PDI-01 | F2: CI | G2: 0.0005
B3: FABRICANTE | E3: {='TOMA DE DATOS'!P42:Q42} -> Additel | F3: 0
B4: CERTIFICADO DE CALIBRACION | E4: ='TOMA DE DATOS'!R42 -> N25121723
B5: V FECHA DE CALIBRACION | E5: ='TOMA DE DATOS'!S42 -> 46373
B6: calibrado en | C6: =G98 -> psi
A7: Posicion | B7: Presion indicacion | C7: Presion Standar | D7: Desviacion | E7: Incertidumbre
A8: 1 | B8: =IF(C81="","",C81) -> -1.9992 | C8: =IF(D81="","",D81) -> -1.99915 | D8: =IF(B8="","",B8-C8) -> -5e-05 | E8: =IF(F81="","",F81) -> 0.00052
A9: 2 | B9: =IF(C82="","",C82) -> -1.4993 | C9: =IF(D82="","",D82) -> -1.49947 | D9: =IF(B9="","",B9-C9) -> 0.00017 | E9: =IF(F82="","",F82) -> 0.0005
A10: 3 | B10: =IF(C83="","",C83) -> -0.9994 | C10: =IF(D83="","",D83) -> -0.99951 | D10: =IF(B10="","",B10-C10) -> 0.00011 | E10: =IF(F83="","",F83) -> 0.00049
A11: 4 | B11: =IF(C84="","",C84) -> -0.4996 | C11: =IF(D84="","",D84) -> -0.49974 | D11: =IF(B11="","",B11-C11) -> 0.00014 | E11: =IF(F84="","",F84) -> 0.00049
A12: 5 | B12: =IF(C85="","",C85) -> 0.0002 | C12: =IF(D85="","",D85) -> 9e-05 | D12: =IF(B12="","",B12-C12) -> 0.00011 | E12: =IF(F85="","",F85) -> 0.00049
A13: 6 | B13: =IF(C86="","",C86) -> 0.4999 | C13: =IF(D86="","",D86) -> 0.49982 | D13: =IF(B13="","",B13-C13) -> 8e-05 | E13: =IF(F86="","",F86) -> 0.00049
A14: 7 | B14: =IF(C87="","",C87) -> 0.9997 | C14: =IF(D87="","",D87) -> 0.99949 | D14: =IF(B14="","",B14-C14) -> 0.00021 | E14: =IF(F87="","",F87) -> 0.00049
A15: 8 | B15: =IF(C88="","",C88) -> 1.4994 | C15: =IF(D88="","",D88) -> 1.4993 | D15: =IF(B15="","",B15-C15) -> 0.0001 | E15: =IF(F88="","",F88) -> 0.00049
A16: 9 | B16: =IF(C89="","",C89) -> 1.9992 | C16: =IF(D89="","",D89) -> 1.99913 | D16: =IF(B16="","",B16-C16) -> 7e-05 | E16: =IF(F89="","",F89) -> 0.0005
A17: 10 | B17: =IF(C90="","",C90) | C17: =IF(D90="","",D90) | D17: =IF(B17="","",B17-C17) | E17: =IF(F90="","",F90)
A18: 11 | B18: =IF(C91="","",C91) | C18: =IF(D91="","",D91) | D18: =IF(B18="","",B18-C18) | E18: =IF(F91="","",F91)
A19: 12 | B19: =IF(C92="","",C92) | C19: =IF(D92="","",D92) | D19: =IF(B19="","",B19-C19) | E19: =IF(F92="","",F92)
B22: Puntos de medicion indicacion patron | G22: Lectura corregida
C23: Toma Datos IBC | D23: unidades CaL P | E23: Unidades IBC
C24: ='TOMA DE DATOS'!F20 -> InH2O | D24: =F78 -> InH2O | E24: ='TOMA DE DATOS'!F20 -> InH2O | G24: =F78 -> InH2O
A25: =IF('CALCULO DE INCERTIDUMBRES'!D13="","",'CALCULO DE INCERTIDUMBRES'!D13) -> 0.0045 | B25: punto 1 | C25: =IF('CALCULO DE INCERTIDUMBRES'!D13="","",'CALCULO DE INCERTIDUMBRES'!D13) -> 0.0045 | D25: =IF($C$24=$D$24,C25,CONVERSION!$E$31*C25) -> 0.0045 | E25: =IF($D$24=$E$24,D25,C25) -> 0.0045 | G25: =IF(C25="","",H42) -> 0.0043906123
A26: =IF('CALCULO DE INCERTIDUMBRES'!D44="","",'CALCULO DE INCERTIDUMBRES'!D44) -> 0.0508 | B26: punto 2 | C26: =IF('CALCULO DE INCERTIDUMBRES'!D44="","",'CALCULO DE INCERTIDUMBRES'!D44) -> 0.0508 | D26: =IF($C$24=$D$24,C26,CONVERSION!$E$31*C26) -> 0.0508 | E26: =IF($D$24=$E$24,D26,C26) -> 0.0508 | G26: =IF(C26="","",H43) -> 0.050697241
A27: =IF('CALCULO DE INCERTIDUMBRES'!D75="","",'CALCULO DE INCERTIDUMBRES'!D75) -> 0.096 | B27: punto 3 | C27: =IF('CALCULO DE INCERTIDUMBRES'!D75="","",'CALCULO DE INCERTIDUMBRES'!D75) -> 0.096 | D27: =IF($C$24=$D$24,C27,CONVERSION!$E$31*C27) -> 0.096 | E27: =IF($D$24=$E$24,D27,C27) -> 0.096 | G27: =IF(C27="","",H44) -> 0.095903616
A28: =IF('CALCULO DE INCERTIDUMBRES'!D106="","",'CALCULO DE INCERTIDUMBRES'!D106) -> 0.1489 | B28: punto 4 | C28: =IF('CALCULO DE INCERTIDUMBRES'!D106="","",'CALCULO DE INCERTIDUMBRES'!D106) -> 0.1489 | D28: =IF($C$24=$D$24,C28,CONVERSION!$E$31*C28) -> 0.1489 | E28: =IF($D$24=$E$24,D28,C28) -> 0.1489 | G28: =IF(C28="","",H45) -> 0.14881064
A29: =IF('CALCULO DE INCERTIDUMBRES'!D137="","",'CALCULO DE INCERTIDUMBRES'!D137) -> 0.1997 | B29: punto 5 | C29: =IF('CALCULO DE INCERTIDUMBRES'!D137="","",'CALCULO DE INCERTIDUMBRES'!D137) -> 0.1997 | D29: =IF($C$24=$D$24,C29,CONVERSION!$E$31*C29) -> 0.1997 | E29: =IF($D$24=$E$24,D29,C29) -> 0.1997 | G29: =IF(C29="","",H46) -> 0.1996166
A30: =IF('CALCULO DE INCERTIDUMBRES'!D168="","",'CALCULO DE INCERTIDUMBRES'!D168) -> 0.2509 | B30: punto 6 | C30: =IF('CALCULO DE INCERTIDUMBRES'!D168="","",'CALCULO DE INCERTIDUMBRES'!D168) -> 0.2509 | D30: =IF($C$24=$D$24,C30,CONVERSION!$E$31*C30) -> 0.2509 | E30: =IF($D$24=$E$24,D30,C30) -> 0.2509 | G30: =IF(C30="","",H47) -> 0.2508215
A31: =IF('CALCULO DE INCERTIDUMBRES'!D199="","",'CALCULO DE INCERTIDUMBRES'!D199) -> 0 | B31: punto 7 | C31: =IF('CALCULO DE INCERTIDUMBRES'!D199="","",'CALCULO DE INCERTIDUMBRES'!D199) -> 0 | D31: =IF($C$24=$D$24,C31,CONVERSION!$E$31*C31) -> 0 | E31: =IF($D$24=$E$24,D31,C31) -> 0 | G31: =IF(C31="","",H48) -> -0.00011002845
A32: =IF('CALCULO DE INCERTIDUMBRES'!D230="","",'CALCULO DE INCERTIDUMBRES'!D230) -> 0 | B32: punto 8 | C32: =IF('CALCULO DE INCERTIDUMBRES'!D230="","",'CALCULO DE INCERTIDUMBRES'!D230) -> 0 | D32: =IF($C$24=$D$24,C32,CONVERSION!$E$31*C32) -> 0 | E32: =IF($D$24=$E$24,D32,C32) -> 0 | G32: =IF(C32="","",H49) -> -0.00011002845
A33: =IF('CALCULO DE INCERTIDUMBRES'!D261="","",'CALCULO DE INCERTIDUMBRES'!D261) -> 0 | B33: punto 9 | C33: =IF('CALCULO DE INCERTIDUMBRES'!D261="","",'CALCULO DE INCERTIDUMBRES'!D261) -> 0 | D33: =IF($C$24=$D$24,C33,CONVERSION!$E$31*C33) -> 0 | E33: =IF($D$24=$E$24,D33,C33) -> 0 | G33: =IF(C33="","",H50) -> -0.00011002845
A34: =IF('CALCULO DE INCERTIDUMBRES'!D292="","",'CALCULO DE INCERTIDUMBRES'!D292) -> 0 | B34: punto 10 | C34: =IF('CALCULO DE INCERTIDUMBRES'!D292="","",'CALCULO DE INCERTIDUMBRES'!D292) -> 0 | D34: =IF($C$24=$D$24,C34,CONVERSION!$E$31*C34) -> 0 | E34: =IF($D$24=$E$24,D34,C34) -> 0 | G34: =IF(C34="","",H51) -> -0.00011002845
A35: =IF('CALCULO DE INCERTIDUMBRES'!D323="","",'CALCULO DE INCERTIDUMBRES'!D323) -> 0 | B35: punto 11 | C35: =IF('CALCULO DE INCERTIDUMBRES'!D323="","",'CALCULO DE INCERTIDUMBRES'!D323) -> 0 | D35: =IF($C$24=$D$24,C35,CONVERSION!$E$31*C35) -> 0 | E35: =IF($D$24=$E$24,D35,C35) -> 0 | G35: =IF(C35="","",H52) -> -0.00011002845
A36: =IF('CALCULO DE INCERTIDUMBRES'!D24="","",'CALCULO DE INCERTIDUMBRES'!D24) | B36: punto 12 | D36: =IF($C$24=$D$24,C36,CONVERSION!$E$31*C36) -> 0 | E36: =IF($D$24=$E$24,D36,C36) -> 0 | G36: =IF(C36="","",H53)
A37: =IF('CALCULO DE INCERTIDUMBRES'!D25="","",'CALCULO DE INCERTIDUMBRES'!D25) | B37: punto 13 | D37: =IF($C$24=$D$24,C37,CONVERSION!$E$31*C37) -> 0 | E37: =IF($D$24=$E$24,D37,C37) -> 0 | G37: =IF(C37="","",H54)
A38: =IF('CALCULO DE INCERTIDUMBRES'!D26="","",'CALCULO DE INCERTIDUMBRES'!D26) | B38: punto 14 | D38: =IF($C$24=$D$24,C38,CONVERSION!$E$31*C38) -> 0 | E38: =IF($D$24=$E$24,D38,C38) -> 0 | G38: =IF(C38="","",H55)
A39: =IF('CALCULO DE INCERTIDUMBRES'!D27="","",'CALCULO DE INCERTIDUMBRES'!D27) | B39: punto 15 | D39: =IF($C$24=$D$24,C39,CONVERSION!$E$31*C39) -> 0 | E39: =IF($D$24=$E$24,D39,C39) -> 0 | G39: =IF(C39="","",H56)
G40: Valor interpolado de la indicacion del patron | J40: Valor interpolado de incertidumbre patron | M40: =G40 -> Valor interpolado de la indicacion del patron | R40: =J40 -> Valor interpolado de incertidumbre patron
B41: Grado del polinomio | C41: coeficientes | D41: p(x) | E41: u (x) | G41: Valor medido | H41: =CONCATENATE(C23," ",D24) -> Toma Datos IBC InH2O | I41: Correccion | J41: Incetidumbre | K41: =H41 -> Toma Datos IBC InH2O | M41: =G41 -> Valor medido | P41: =CONCATENATE(E23," ",E24) -> Unidades IBC InH2O | Q41: =I41 -> Correccion | R41: =P41 -> Unidades IBC InH2O | T41: =H42-I42 -> 0.0045
C42: a0 | D42: =IF(I81="",0,I81) -> -0.00011002845 | E42: =IF(J81="",0,J81) -> 0.00049000012 | G42: Lectura Corregida Medicion patron punto 1 | H42: =$D$42+$D$43*D25+$D$44*D25^2+$D$45*D25^3+$D$46*D25^4+$D$47*D25^5+$D$48*D25^6+$D$49*D25^7+$D$50*D25^8+$D$51*D25^9+$D$52*D25^10+$D$53*D25^11+$D$54*D25^12+$D$55*D25^13+$D$56*D25^14+$D$57*D25^15 -> 0.0043906123 | I42: =H42-D25 -> -0.00010938766 | J42: Incertidumbre Medicion patron punto 1 | K42: =$E$42+$E$43*D25+$E$44*D25^2+$E$45*D25^3+$E$46*D25^4+$E$47*D25^5+$E$48*D25^6+$E$49*D25^7+$E$50*D25^8+$E$51*D25^9+$E$52*D25^10+$E$53*D25^11+$E$54*D25^12+$E$55*D25^13+$E$56*D25^14+$E$57*D25^15 -> 0.00048999735 | M42: =G42 -> Lectura Corregida Medicion patron punto 1 | P42: =IF($D$24=$E$24,H42,CONVERSION!$E$25*H42) -> 0.0043906123 | Q42: =P42-E25 -> -0.00010938766 | R42: =IF($D$24=$E$24,K42,CONVERSION!$E$25*K42) -> 0.00048999735 | T42: =H43-I43 -> 0.0508
C43: a1 | D43: =IF(I82="",0,I82) -> 1.0001422 | E43: =IF(J82="",0,J82) -> -6.1899016e-07 | G43: Lectura Corregida Medicion patron punto 2 | H43: =$D$42+$D$43*D26+$D$44*D26^2+$D$45*D26^3+$D$46*D26^4+$D$47*D26^5+$D$48*D26^6+$D$49*D26^7+$D$50*D26^8+$D$51*D26^9+$D$52*D26^10+$D$53*D26^11+$D$54*D26^12+$D$55*D26^13+$D$56*D26^14+$D$57*D26^15 -> 0.050697241 | I43: =H43-D26 -> -0.00010275856 | J43: Incertidumbre Medicion patron punto 2 | K43: =$E$42+$E$43*D26+$E$44*D26^2+$E$45*D26^3+$E$46*D26^4+$E$47*D26^5+$E$48*D26^6+$E$49*D26^7+$E$50*D26^8+$E$51*D26^9+$E$52*D26^10+$E$53*D26^11+$E$54*D26^12+$E$55*D26^13+$E$56*D26^14+$E$57*D26^15 -> 0.00048997003 | M43: =G43 -> Lectura Corregida Medicion patron punto 2 | P43: =IF($D$24=$E$24,H43,CONVERSION!$E$25*H43) -> 0.050697241 | Q43: =P43-E26 -> -0.00010275856 | R43: =IF($D$24=$E$24,K43,CONVERSION!$E$25*K43) -> 0.00048997003 | T43: =H44-I44 -> 0.096
C44: a2 | D44: =IF(I83="",0,I83) -> 3.6992886e-05 | E44: =IF(J83="",0,J83) -> 3.6350688e-07 | G44: Lectura Corregida Medicion patron punto 3 | H44: =$D$42+$D$43*D27+$D$44*D27^2+$D$45*D27^3+$D$46*D27^4+$D$47*D27^5+$D$48*D27^6+$D$49*D27^7+$D$50*D27^8+$D$51*D27^9+$D$52*D27^10+$D$53*D27^11+$D$54*D27^12+$D$55*D27^13+$D$56*D27^14+$D$57*D27^15 -> 0.095903616 | I44: =H44-D27 -> -9.6384466e-05 | J44: Incertidumbre Medicion patron punto 3 | K44: =$E$42+$E$43*D27+$E$44*D27^2+$E$45*D27^3+$E$46*D27^4+$E$47*D27^5+$E$48*D27^6+$E$49*D27^7+$E$50*D27^8+$E$51*D27^9+$E$52*D27^10+$E$53*D27^11+$E$54*D27^12+$E$55*D27^13+$E$56*D27^14+$E$57*D27^15 -> 0.00048994672 | M44: =G44 -> Lectura Corregida Medicion patron punto 3 | P44: =IF($D$24=$E$24,H44,CONVERSION!$E$25*H44) -> 0.095903616 | Q44: =P44-E27 -> -9.6384466e-05 | R44: =IF($D$24=$E$24,K44,CONVERSION!$E$25*K44) -> 0.00048994672 | T44: =H45-I45 -> 0.1489
C45: a3 | D45: =IF(I84="",0,I84) -> -0.00038352742 | E45: =IF(J84="",0,J84) -> 3.2256248e-06 | G45: Lectura Corregida Medicion patron punto 4 | H45: =$D$42+$D$43*D28+$D$44*D28^2+$D$45*D28^3+$D$46*D28^4+$D$47*D28^5+$D$48*D28^6+$D$49*D28^7+$D$50*D28^8+$D$51*D28^9+$D$52*D28^10+$D$53*D28^11+$D$54*D28^12+$D$55*D28^13+$D$56*D28^14+$D$57*D28^15 -> 0.14881064 | I45: =H45-D28 -> -8.9361466e-05 | J45: Incertidumbre Medicion patron punto 4 | K45: =$E$42+$E$43*D28+$E$44*D28^2+$E$45*D28^3+$E$46*D28^4+$E$47*D28^5+$E$48*D28^6+$E$49*D28^7+$E$50*D28^8+$E$51*D28^9+$E$52*D28^10+$E$53*D28^11+$E$54*D28^12+$E$55*D28^13+$E$56*D28^14+$E$57*D28^15 -> 0.00048992553 | M45: =G45 -> Lectura Corregida Medicion patron punto 4 | P45: =IF($D$24=$E$24,H45,CONVERSION!$E$25*H45) -> 0.14881064 | Q45: =P45-E28 -> -8.9361466e-05 | R45: =IF($D$24=$E$24,K45,CONVERSION!$E$25*K45) -> 0.00048992553 | T45: =H46-I46 -> 0.1997
C46: a4 | D46: =IF(I85="",0,I85) -> -0.00017110821 | E46: =IF(J85="",0,J85) -> -1.8884309e-06 | G46: Lectura Corregida Medicion patron punto 5 | H46: =$D$42+$D$43*D29+$D$44*D29^2+$D$45*D29^3+$D$46*D29^4+$D$47*D29^5+$D$48*D29^6+$D$49*D29^7+$D$50*D29^8+$D$51*D29^9+$D$52*D29^10+$D$53*D29^11+$D$54*D29^12+$D$55*D29^13+$D$56*D29^14+$D$57*D29^15 -> 0.1996166 | I46: =H46-D29 -> -8.3396791e-05 | J46: Incertidumbre Medicion patron punto 5 | K46: =$E$42+$E$43*D29+$E$44*D29^2+$E$45*D29^3+$E$46*D29^4+$E$47*D29^5+$E$48*D29^6+$E$49*D29^7+$E$50*D29^8+$E$51*D29^9+$E$52*D29^10+$E$53*D29^11+$E$54*D29^12+$E$55*D29^13+$E$56*D29^14+$E$57*D29^15 -> 0.00048991282 | M46: =G46 -> Lectura Corregida Medicion patron punto 5 | P46: =IF($D$24=$E$24,H46,CONVERSION!$E$25*H46) -> 0.1996166 | Q46: =P46-E29 -> -8.3396791e-05 | R46: =IF($D$24=$E$24,K46,CONVERSION!$E$25*K46) -> 0.00048991282 | T46: =H47-I47 -> 0.2509
C47: a5 | D47: =IF(I86="",0,I86) -> 0.00022664944 | E47: =IF(J86="",0,J86) -> -3.1177179e-06 | G47: Lectura Corregida Medicion patron punto 6 | H47: =$D$42+$D$43*D30+$D$44*D30^2+$D$45*D30^3+$D$46*D30^4+$D$47*D30^5+$D$48*D30^6+$D$49*D30^7+$D$50*D30^8+$D$51*D30^9+$D$52*D30^10+$D$53*D30^11+$D$54*D30^12+$D$55*D30^13+$D$56*D30^14+$D$57*D30^15 -> 0.2508215 | I47: =H47-D30 -> -7.8500081e-05 | J47: Incertidumbre Medicion patron punto 6 | K47: =$E$42+$E$43*D30+$E$44*D30^2+$E$45*D30^3+$E$46*D30^4+$E$47*D30^5+$E$48*D30^6+$E$49*D30^7+$E$50*D30^8+$E$51*D30^9+$E$52*D30^10+$E$53*D30^11+$E$54*D30^12+$E$55*D30^13+$E$56*D30^14+$E$57*D30^15 -> 0.00048990854 | M47: =G47 -> Lectura Corregida Medicion patron punto 6 | P47: =IF($D$24=$E$24,H47,CONVERSION!$E$25*H47) -> 0.2508215 | Q47: =P47-E30 -> -7.8500081e-05 | R47: =IF($D$24=$E$24,K47,CONVERSION!$E$25*K47) -> 0.00048990854 | T47: =H48-I48 -> 0
C48: a6 | D48: =IF(I87="",0,I87) -> 9.8130192e-05 | E48: =IF(J87="",0,J87) -> 1.7806928e-06 | G48: Lectura Corregida Medicion patron punto 7 | H48: =$D$42+$D$43*D31+$D$44*D31^2+$D$45*D31^3+$D$46*D31^4+$D$47*D31^5+$D$48*D31^6+$D$49*D31^7+$D$50*D31^8+$D$51*D31^9+$D$52*D31^10+$D$53*D31^11+$D$54*D31^12+$D$55*D31^13+$D$56*D31^14+$D$57*D31^15 -> -0.00011002845 | I48: =H48-D31 -> -0.00011002845 | J48: Incertidumbre Medicion patron punto 7 | K48: =$E$42+$E$43*D31+$E$44*D31^2+$E$45*D31^3+$E$46*D31^4+$E$47*D31^5+$E$48*D31^6+$E$49*D31^7+$E$50*D31^8+$E$51*D31^9+$E$52*D31^10+$E$53*D31^11+$E$54*D31^12+$E$55*D31^13+$E$56*D31^14+$E$57*D31^15 -> 0.00049000012 | M48: =G48 -> Lectura Corregida Medicion patron punto 7 | P48: =IF($D$24=$E$24,H48,CONVERSION!$E$25*H48) -> -0.00011002845 | Q48: =P48-E31 -> -0.00011002845 | R48: =IF($D$24=$E$24,K48,CONVERSION!$E$25*K48) -> 0.00049000012 | T48: =H49-I49 -> 0
C49: a7 | D49: =IF(I88="",0,I88) -> -3.5396759e-05 | E49: =IF(J88="",0,J88) -> 5.0947983e-07 | G49: Lectura Corregida Medicion patron punto 8 | H49: =$D$42+$D$43*D32+$D$44*D32^2+$D$45*D32^3+$D$46*D32^4+$D$47*D32^5+$D$48*D32^6+$D$49*D32^7+$D$50*D32^8+$D$51*D32^9+$D$52*D32^10+$D$53*D32^11+$D$54*D32^12+$D$55*D32^13+$D$56*D32^14+$D$57*D32^15 -> -0.00011002845 | I49: =H49-D32 -> -0.00011002845 | J49: Incertidumbre Medicion patron punto 8 | K49: =$E$42+$E$43*D32+$E$44*D32^2+$E$45*D32^3+$E$46*D32^4+$E$47*D32^5+$E$48*D32^6+$E$49*D32^7+$E$50*D32^8+$E$51*D32^9+$E$52*D32^10+$E$53*D32^11+$E$54*D32^12+$E$55*D32^13+$E$56*D32^14+$E$57*D32^15 -> 0.00049000012 | M49: =G49 -> Lectura Corregida Medicion patron punto 8 | P49: =IF($D$24=$E$24,H49,CONVERSION!$E$25*H49) -> -0.00011002845 | Q49: =P49-E32 -> -0.00011002845 | R49: =IF($D$24=$E$24,K49,CONVERSION!$E$25*K49) -> 0.00049000012 | T49: =H50-I50 -> 0
C50: a8 | D50: =IF(I89="",0,I89) -> -1.4028209e-05 | E50: =IF(J89="",0,J89) -> -2.5463206e-07 | G50: Lectura Corregida Medicion patron punto 9 | H50: =$D$42+$D$43*D33+$D$44*D33^2+$D$45*D33^3+$D$46*D33^4+$D$47*D33^5+$D$48*D33^6+$D$49*D33^7+$D$50*D33^8+$D$51*D33^9+$D$52*D33^10+$D$53*D33^11+$D$54*D33^12+$D$55*D33^13+$D$56*D33^14+$D$57*D33^15 -> -0.00011002845 | I50: =H50-D33 -> -0.00011002845 | J50: Incertidumbre Medicion patron punto 9 | K50: =$E$42+$E$43*D33+$E$44*D33^2+$E$45*D33^3+$E$46*D33^4+$E$47*D33^5+$E$48*D33^6+$E$49*D33^7+$E$50*D33^8+$E$51*D33^9+$E$52*D33^10+$E$53*D33^11+$E$54*D33^12+$E$55*D33^13+$E$56*D33^14+$E$57*D33^15 -> 0.00049000012 | M50: =G50 -> Lectura Corregida Medicion patron punto 9 | P50: =IF($D$24=$E$24,H50,CONVERSION!$E$25*H50) -> -0.00011002845 | Q50: =P50-E33 -> -0.00011002845 | R50: =IF($D$24=$E$24,K50,CONVERSION!$E$25*K50) -> 0.00049000012 | T50: =H51-I51 -> 0
C51: a9 | D51: =IF(I90="",0,I90) -> 0 | E51: =IF(J90="",0,J90) -> 0 | G51: Lectura Corregida Medicion patron punto 10 | H51: =$D$42+$D$43*D34+$D$44*D34^2+$D$45*D34^3+$D$46*D34^4+$D$47*D34^5+$D$48*D34^6+$D$49*D34^7+$D$50*D34^8+$D$51*D34^9+$D$52*D34^10+$D$53*D34^11+$D$54*D34^12+$D$55*D34^13+$D$56*D34^14+$D$57*D34^15 -> -0.00011002845 | I51: =H51-D34 -> -0.00011002845 | J51: Incertidumbre Medicion patron punto 10 | K51: =$E$42+$E$43*D34+$E$44*D34^2+$E$45*D34^3+$E$46*D34^4+$E$47*D34^5+$E$48*D34^6+$E$49*D34^7+$E$50*D34^8+$E$51*D34^9+$E$52*D34^10+$E$53*D34^11+$E$54*D34^12+$E$55*D34^13+$E$56*D34^14+$E$57*D34^15 -> 0.00049000012 | M51: =G51 -> Lectura Corregida Medicion patron punto 10 | P51: =IF($D$24=$E$24,H51,CONVERSION!$E$25*H51) -> -0.00011002845 | Q51: =P51-E34 -> -0.00011002845 | R51: =IF($D$24=$E$24,K51,CONVERSION!$E$25*K51) -> 0.00049000012 | T51: =H52-I52 -> 0
C52: a10 | D52: =IF(I91="",0,I91) -> 0 | E52: =IF(J91="",0,J91) -> 0 | G52: Lectura Corregida Medicion patron punto 11 | H52: =$D$42+$D$43*D35+$D$44*D35^2+$D$45*D35^3+$D$46*D35^4+$D$47*D35^5+$D$48*D35^6+$D$49*D35^7+$D$50*D35^8+$D$51*D35^9+$D$52*D35^10+$D$53*D35^11+$D$54*D35^12+$D$55*D35^13+$D$56*D35^14+$D$57*D35^15 -> -0.00011002845 | I52: =H52-D35 -> -0.00011002845 | J52: Incertidumbre Medicion patron punto 11 | K52: =$E$42+$E$43*D35+$E$44*D35^2+$E$45*D35^3+$E$46*D35^4+$E$47*D35^5+$E$48*D35^6+$E$49*D35^7+$E$50*D35^8+$E$51*D35^9+$E$52*D35^10+$E$53*D35^11+$E$54*D35^12+$E$55*D35^13+$E$56*D35^14+$E$57*D35^15 -> 0.00049000012 | M52: =G52 -> Lectura Corregida Medicion patron punto 11 | P52: =IF($D$24=$E$24,H52,CONVERSION!$E$25*H52) -> -0.00011002845 | Q52: =P52-E35 -> -0.00011002845 | R52: =IF($D$24=$E$24,K52,CONVERSION!$E$25*K52) -> 0.00049000012 | T52: =H53-I53 -> 0
C53: a11 | D53: =IF(I92="",0,I92) -> 0 | E53: =IF(J92="",0,J92) -> 0 | G53: Lectura Corregida Medicion patron punto 12 | H53: =$D$42+$D$43*D36+$D$44*D36^2+$D$45*D36^3+$D$46*D36^4+$D$47*D36^5+$D$48*D36^6+$D$49*D36^7+$D$50*D36^8+$D$51*D36^9+$D$52*D36^10+$D$53*D36^11+$D$54*D36^12+$D$55*D36^13+$D$56*D36^14+$D$57*D36^15 -> -0.00011002845 | I53: =H53-D36 -> -0.00011002845 | J53: Incertidumbre Medicion patron punto 12 | K53: =$E$42+$E$43*D36+$E$44*D36^2+$E$45*D36^3+$E$46*D36^4+$E$47*D36^5+$E$48*D36^6+$E$49*D36^7+$E$50*D36^8+$E$51*D36^9+$E$52*D36^10+$E$53*D36^11+$E$54*D36^12+$E$55*D36^13+$E$56*D36^14+$E$57*D36^15 -> 0.00049000012 | M53: =G53 -> Lectura Corregida Medicion patron punto 12 | P53: =IF($D$24=$E$24,H53,CONVERSION!$E$25*H53) -> -0.00011002845 | Q53: =P53-E36 -> -0.00011002845 | R53: =IF($D$24=$E$24,K53,CONVERSION!$E$25*K53) -> 0.00049000012 | T53: =H54-I54 -> 0
C54: a12 | D54: =IF(I97="",0,I97) -> 0 | E54: =IF(J97="",0,J97) -> 0 | G54: Lectura Corregida Medicion patron punto 13 | H54: =$D$42+$D$43*D37+$D$44*D37^2+$D$45*D37^3+$D$46*D37^4+$D$47*D37^5+$D$48*D37^6+$D$49*D37^7+$D$50*D37^8+$D$51*D37^9+$D$52*D37^10+$D$53*D37^11+$D$54*D37^12+$D$55*D37^13+$D$56*D37^14+$D$57*D37^15 -> -0.00011002845 | I54: =H54-D37 -> -0.00011002845 | J54: Incertidumbre Medicion patron punto 13 | K54: =$E$42+$E$43*D37+$E$44*D37^2+$E$45*D37^3+$E$46*D37^4+$E$47*D37^5+$E$48*D37^6+$E$49*D37^7+$E$50*D37^8+$E$51*D37^9+$E$52*D37^10+$E$53*D37^11+$E$54*D37^12+$E$55*D37^13+$E$56*D37^14+$E$57*D37^15 -> 0.00049000012 | M54: =G54 -> Lectura Corregida Medicion patron punto 13 | P54: =IF($D$24=$E$24,H54,CONVERSION!$E$25*H54) -> -0.00011002845 | Q54: =P54-E37 -> -0.00011002845 | R54: =IF($D$24=$E$24,K54,CONVERSION!$E$25*K54) -> 0.00049000012 | T54: =H55-I55 -> 0
C55: a13 | G55: Lectura Corregida Medicion patron punto 14 | H55: =$D$42+$D$43*D38+$D$44*D38^2+$D$45*D38^3+$D$46*D38^4+$D$47*D38^5+$D$48*D38^6+$D$49*D38^7+$D$50*D38^8+$D$51*D38^9+$D$52*D38^10+$D$53*D38^11+$D$54*D38^12+$D$55*D38^13+$D$56*D38^14+$D$57*D38^15 -> -0.00011002845 | I55: =H55-D38 -> -0.00011002845 | J55: Incertidumbre Medicion patron punto 14 | K55: =$E$42+$E$43*D38+$E$44*D38^2+$E$45*D38^3+$E$46*D38^4+$E$47*D38^5+$E$48*D38^6+$E$49*D38^7+$E$50*D38^8+$E$51*D38^9+$E$52*D38^10+$E$53*D38^11+$E$54*D38^12+$E$55*D38^13+$E$56*D38^14+$E$57*D38^15 -> 0.00049000012 | M55: =G55 -> Lectura Corregida Medicion patron punto 14 | P55: =IF($D$24=$E$24,H55,CONVERSION!$E$25*H55) -> -0.00011002845 | Q55: =P55-E38 -> -0.00011002845 | R55: =IF($D$24=$E$24,K55,CONVERSION!$E$25*K55) -> 0.00049000012 | T55: =H56-I56 -> 0
C56: a14 | G56: Lectura Corregida Medicion patron punto 15 | H56: =$D$42+$D$43*D39+$D$44*D39^2+$D$45*D39^3+$D$46*D39^4+$D$47*D39^5+$D$48*D39^6+$D$49*D39^7+$D$50*D39^8+$D$51*D39^9+$D$52*D39^10+$D$53*D39^11+$D$54*D39^12+$D$55*D39^13+$D$56*D39^14+$D$57*D39^15 -> -0.00011002845 | I56: =H56-D39 -> -0.00011002845 | J56: Incertidumbre Medicion patron punto 15 | K56: =$E$42+$E$43*D39+$E$44*D39^2+$E$45*D39^3+$E$46*D39^4+$E$47*D39^5+$E$48*D39^6+$E$49*D39^7+$E$50*D39^8+$E$51*D39^9+$E$52*D39^10+$E$53*D39^11+$E$54*D39^12+$E$55*D39^13+$E$56*D39^14+$E$57*D39^15 -> 0.00049000012 | M56: =G56 -> Lectura Corregida Medicion patron punto 15 | P56: =IF($D$24=$E$24,H56,CONVERSION!$E$25*H56) -> -0.00011002845 | Q56: =P56-E39 -> -0.00011002845 | R56: =IF($D$24=$E$24,K56,CONVERSION!$E$25*K56) -> 0.00049000012
C57: a15
C60: Calculo para grado x
K61: =H41 -> Toma Datos IBC InH2O | M61: =P41 -> Unidades IBC InH2O
C62: =B7 -> Presion indicacion | D62: =C7 -> Presion Standar | E62: Valor Interpolado | F62: Residuo | G62: Cuadrado de los residuos | H62: Suma Cuadrados | I62: N-p
B63: =A8 -> 1 | C63: =IF(B8="","",B8) -> -1.9992 | D63: =IF(C8="","",C8) -> -1.99915 | E63: =IF(C63="","",$D$42+$D$43*B8+$D$44*B8^2+$D$45*B8^3+$D$46*B8^4+$D$47*B8^5+$D$48*B8^6+$D$49*B8^7+$D$50*B8^8+$D$51*B8^9+$D$52*B8^10+$D$53*B8^11+$D$54*B8^12+$D$55*B8^13+$D$56*B8^14+$D$57*B8^15) -> -1.99915 | F63: =IF(C63="","",D63-E63) -> 2.7533531e-14 | G63: =IF(C63="","",POWER(F63,2)) -> 7.5809533e-28 | H63: =SUM(G63:G74) -> 1.2829443e-27 | I63: =(COUNT(C63:C74)-1) -> 8 | J63: =SQRT(H63/I63) -> 1.266365e-14 | K63: =J63/SQRT(COUNT(C63:C74)-1) -> 4.4772765e-15 | M63: =IF($D$24=$E$24,K63,CONVERSION!$E$25*K63) -> 4.4772765e-15
B64: =A9 -> 2 | C64: =IF(B9="","",B9) -> -1.4993 | D64: =IF(C9="","",C9) -> -1.49947 | E64: =IF(C64="","",$D$42+$D$43*B9+$D$44*B9^2+$D$45*B9^3+$D$46*B9^4+$D$47*B9^5+$D$48*B9^6+$D$49*B9^7+$D$50*B9^8+$D$51*B9^9+$D$52*B9^10+$D$53*B9^11+$D$54*B9^12+$D$55*B9^13+$D$56*B9^14+$D$57*B9^15) -> -1.49947 | F64: =IF(C64="","",D64-E64) -> 1.5543122e-14 | G64: =IF(C64="","",POWER(F64,2)) -> 2.4158865e-28
B65: =A10 -> 3 | C65: =IF(B10="","",B10) -> -0.9994 | D65: =IF(C10="","",C10) -> -0.99951 | E65: =IF(C65="","",$D$42+$D$43*B10+$D$44*B10^2+$D$45*B10^3+$D$46*B10^4+$D$47*B10^5+$D$48*B10^6+$D$49*B10^7+$D$50*B10^8+$D$51*B10^9+$D$52*B10^10+$D$53*B10^11+$D$54*B10^12+$D$55*B10^13+$D$56*B10^14+$D$57*B10^15) -> -0.99951 | F65: =IF(C65="","",D65-E65) -> 7.9936058e-15 | G65: =IF(C65="","",POWER(F65,2)) -> 6.3897733e-29
B66: =A11 -> 4 | C66: =IF(B11="","",B11) -> -0.4996 | D66: =IF(C11="","",C11) -> -0.49974 | E66: =IF(C66="","",$D$42+$D$43*B11+$D$44*B11^2+$D$45*B11^3+$D$46*B11^4+$D$47*B11^5+$D$48*B11^6+$D$49*B11^7+$D$50*B11^8+$D$51*B11^9+$D$52*B11^10+$D$53*B11^11+$D$54*B11^12+$D$55*B11^13+$D$56*B11^14+$D$57*B11^15) -> -0.49974 | F66: =IF(C66="","",D66-E66) -> 2.3314684e-15 | G66: =IF(C66="","",POWER(F66,2)) -> 5.4357447e-30
B67: =A12 -> 5 | C67: =IF(B12="","",B12) -> 0.0002 | D67: =IF(C12="","",C12) -> 9e-05 | E67: =IF(C67="","",$D$42+$D$43*B12+$D$44*B12^2+$D$45*B12^3+$D$46*B12^4+$D$47*B12^5+$D$48*B12^6+$D$49*B12^7+$D$50*B12^8+$D$51*B12^9+$D$52*B12^10+$D$53*B12^11+$D$54*B12^12+$D$55*B12^13+$D$56*B12^14+$D$57*B12^15) -> 9e-05 | F67: =IF(C67="","",D67-E67) -> 1.9215451e-15 | G67: =IF(C67="","",POWER(F67,2)) -> 3.6923354e-30
B68: =A13 -> 6 | C68: =IF(B13="","",B13) -> 0.4999 | D68: =IF(C13="","",C13) -> 0.49982 | E68: =IF(C68="","",$D$42+$D$43*B13+$D$44*B13^2+$D$45*B13^3+$D$46*B13^4+$D$47*B13^5+$D$48*B13^6+$D$49*B13^7+$D$50*B13^8+$D$51*B13^9+$D$52*B13^10+$D$53*B13^11+$D$54*B13^12+$D$55*B13^13+$D$56*B13^14+$D$57*B13^15) -> 0.49982 | F68: =IF(C68="","",D68-E68) -> 6.1617378e-15 | G68: =IF(C68="","",POWER(F68,2)) -> 3.7967013e-29
B69: =A14 -> 7 | C69: =IF(B14="","",B14) -> 0.9997 | D69: =IF(C14="","",C14) -> 0.99949 | E69: =IF(C69="","",$D$42+$D$43*B14+$D$44*B14^2+$D$45*B14^3+$D$46*B14^4+$D$47*B14^5+$D$48*B14^6+$D$49*B14^7+$D$50*B14^8+$D$51*B14^9+$D$52*B14^10+$D$53*B14^11+$D$54*B14^12+$D$55*B14^13+$D$56*B14^14+$D$57*B14^15) -> 0.99949 | F69: =IF(C69="","",D69-E69) -> 1.0214052e-14 | G69: =IF(C69="","",POWER(F69,2)) -> 1.0432685e-28
B70: =A15 -> 8 | C70: =IF(B15="","",B15) -> 1.4994 | D70: =IF(C15="","",C15) -> 1.4993 | E70: =IF(C70="","",$D$42+$D$43*B15+$D$44*B15^2+$D$45*B15^3+$D$46*B15^4+$D$47*B15^5+$D$48*B15^6+$D$49*B15^7+$D$50*B15^8+$D$51*B15^9+$D$52*B15^10+$D$53*B15^11+$D$54*B15^12+$D$55*B15^13+$D$56*B15^14+$D$57*B15^15) -> 1.4993 | F70: =IF(C70="","",D70-E70) -> 8.2156504e-15 | G70: =IF(C70="","",POWER(F70,2)) -> 6.7496911e-29
B71: =A16 -> 9 | C71: =IF(B16="","",B16) -> 1.9992 | D71: =IF(C16="","",C16) -> 1.99913 | E71: =IF(C71="","",$D$42+$D$43*B16+$D$44*B16^2+$D$45*B16^3+$D$46*B16^4+$D$47*B16^5+$D$48*B16^6+$D$49*B16^7+$D$50*B16^8+$D$51*B16^9+$D$52*B16^10+$D$53*B16^11+$D$54*B16^12+$D$55*B16^13+$D$56*B16^14+$D$57*B16^15) -> 1.99913 | F71: =IF(C71="","",D71-E71) -> -6.6613381e-16 | G71: =IF(C71="","",POWER(F71,2)) -> 4.4373426e-31
B72: =A17 -> 10 | C72: =IF(B17="","",B17) | D72: =IF(C17="","",C17) | E72: =IF(C72="","",$D$42+$D$43*B17+$D$44*B17^2+$D$45*B17^3+$D$46*B17^4+$D$47*B17^5+$D$48*B17^6+$D$49*B17^7+$D$50*B17^8+$D$51*B17^9+$D$52*B17^10+$D$53*B17^11+$D$54*B17^12+$D$55*B17^13+$D$56*B17^14+$D$57*B17^15) | F72: =IF(C72="","",D72-E72) | G72: =IF(C72="","",POWER(F72,2))
B73: =A18 -> 11 | C73: =IF(B18="","",B18) | D73: =IF(C18="","",C18) | E73: =IF(C73="","",$D$42+$D$43*B18+$D$44*B18^2+$D$45*B18^3+$D$46*B18^4+$D$47*B18^5+$D$48*B18^6+$D$49*B18^7+$D$50*B18^8+$D$51*B18^9+$D$52*B18^10+$D$53*B18^11+$D$54*B18^12+$D$55*B18^13+$D$56*B18^14+$D$57*B18^15) | F73: =IF(C73="","",D73-E73) | G73: =IF(C73="","",POWER(F73,2))
B74: =A19 -> 12 | C74: =IF(B19="","",B19) | D74: =IF(C19="","",C19) | E74: =IF(C74="","",$D$42+$D$43*B19+$D$44*B19^2+$D$45*B19^3+$D$46*B19^4+$D$47*B19^5+$D$48*B19^6+$D$49*B19^7+$D$50*B19^8+$D$51*B19^9+$D$52*B19^10+$D$53*B19^11+$D$54*B19^12+$D$55*B19^13+$D$56*B19^14+$D$57*B19^15) | F74: =IF(C74="","",D74-E74) | G74: =IF(C74="","",POWER(F74,2))
B77: DATOS CERTIFICADO DE CALIBRACION | H77: coeficientes | L77: DERIVA
B78: Magnitud: | C78: =IF($B$80=$B$99,G98,IF($B$80=$B$112,G111,IF($B$80=$B$125,G124,IF($B$80=$B$138,G137,IF($B$80=$B$151,G150,IF($B$80=$B$164,G163,IF($B$80=$B$181,G180))))))) -> InH2O | E78: Unidades: | F78: =IF($B$80=$B$99,G98,IF($B$80=$B$112,G111,IF($B$80=$B$125,G124,IF($B$80=$B$138,G137,IF($B$80=$B$151,G150,IF($B$80=$B$164,G163,IF($B$80=$B$181,G180,""))))))) -> InH2O | H78: Magnitud: | P78: Vigencia Actual | Q78: Vigencia Anterior
P79: =YEAR(VLOOKUP(B80,TRAZABILIDAD!A3:T20,5,FALSE)) -> 2025 | Q79: =YEAR(VLOOKUP(B80,TRAZABILIDAD!A3:T20,19,FALSE)) -> 2024 | R79: 2021 | S79: 2023 | T79: 2024 | U79: 2025 | V79: 2026 | W79: 2027 | X79: 2028 | Y79: 2029
B80: ='TOMA DE DATOS'!F42 -> TEC-LAB-PDI-01 | C80: INSTRUMENTO | D80: PATRON | E80: CORRECCIÓN | F80: INCERTIDUMBRE | H80: =B80 -> TEC-LAB-PDI-01 | I80: p(x) | J80: u (x) | M80: =H41 -> Toma Datos IBC InH2O | N80: =P41 -> Unidades IBC InH2O
A81: =B99 -> TEC-LAB-PI-01 | B81: 1 | C81: =IF(IF($B$80=$B$99,C99, IF($B$80=$B$112,C112, IF($B$80=$B$125,C125, IF($B$80=$B$138,C138, IF($B$80=$B$151,C151, IF($B$80=$B$164,C164, IF($B$80=$B$181,C181 )))))))="","", IF($B$80=$B$99,C99, IF($B$80=$B$112,C112, IF($B$80=$B$125,C125, IF($B$80=$B$138,C138, IF($B$80=$B$151,C151, IF($B$80=$B$164,C164, IF($B$80=$B$181,C181 )))))))) -> -1.9992 | D81: =IF(IF($B$80=$B$99,D99,IF($B$80=$B$112,D112,IF($B$80=$B$125,D125,IF($B$80=$B$138,D138,IF($B$80=$B$151,D151,IF($B$80=$B$164,D164,IF($B$80=$B$181,D181)))))))="","",IF($B$80=$B$99,D99,IF($B$80=$B$112,D112,IF($B$80=$B$125,D125,IF($B$80=$B$138,D138,IF($B$80=$B$151,D151,IF($B$80=$B$164,D164,IF($B$80=$B$181,D181)))))))) -> -1.99915 | E81: =IF(IF($B$80=$B$99,E99,IF($B$80=$B$112,E112,IF($B$80=$B$125,E125,IF($B$80=$B$138,E138,IF($B$80=$B$151,E151,IF($B$80=$B$164,E164,IF($B$80=$B$181,E181)))))))="","",IF($B$80=$B$99,E99,IF($B$80=$B$112,E112,IF($B$80=$B$125,E125,IF($B$80=$B$138,E138,IF($B$80=$B$151,E151,IF($B$80=$B$164,E164,IF($B$80=$B$181,E181)))))))) -> -0.0001 | F81: =IF(IF($B$80=$B$99,F99,IF($B$80=$B$112,F112,IF($B$80=$B$125,F125,IF($B$80=$B$138,F138,IF($B$80=$B$151,F151,IF($B$80=$B$164,F164,IF($B$80=$B$181,F181)))))))="","",IF($B$80=$B$99,F99,IF($B$80=$B$112,F112,IF($B$80=$B$125,F125,IF($B$80=$B$138,F138,IF($B$80=$B$151,F151,IF($B$80=$B$164,F164,IF($B$80=$B$181,F181)))))))) -> 0.00052 | H81: =B81 -> 1 | I81: =IF(IF($B$80=$B$99,I99,IF($B$80=$B$112,I112,IF($B$80=$B$125,I125,IF($B$80=$B$138,I138,IF($B$80=$B$151,I151,IF($B$80=$B$164,I164,IF($B$80=$B$181,I181)))))))="","",IF($B$80=$B$99,I99,IF($B$80=$B$112,I112,IF($B$80=$B$125,I125,IF($B$80=$B$138,I138,IF($B$80=$B$151,I151,IF($B$80=$B$164,I164,IF($B$80=$B$181,I181)))))))) -> -0.00011002845 | J81: =IF(IF($B$80=$B$99,J99,IF($B$80=$B$112,J112,IF($B$80=$B$125,J125,IF($B$80=$B$138,J138,IF($B$80=$B$151,J151,IF($B$80=$B$164,J164,IF($B$80=$B$181,J181)))))))="","",IF($B$80=$B$99,J99,IF($B$80=$B$112,J112,IF($B$80=$B$125,J125,IF($B$80=$B$138,J138,IF($B$80=$B$151,J151,IF($B$80=$B$164,J164,IF($B$80=$B$181,J181)))))))) -> 0.00049000012 | M81: =IF(P81="","",P81-Q81) -> 0 | N81: =IF(P81="","",IF($D$24=$E$24,M81,CONVERSION!$E$25*M81)) -> 0 | O81: =IF(P81="","",ABS(N81)) -> 0 | P81: =IF(P$79=$R$79,R81,IF(P$79=$S$79,S81,IF(P$79=$T$79,T81,IF(P$79=$U$79,U81,IF(P$79=$V$79,V81,IF(P$79=$W$79,W81)))))) -> FALSE | Q81: =IF(Q$79=$R$79,R81,IF(Q$79=$S$79,S81,IF(Q$79=$T$79,T81,IF(Q$79=$U$79,U81,IF(Q$79=$V$79,V81,IF(Q$79=$W$79,W81)))))) -> FALSE | R81: =IF(IF($B$80=$B$99,R99,IF($B$80=$B$112,R112,IF($B$80=$B$125,R125,IF($B$80=$B$138,R138,IF($B$80=$B$151,R151,IF($B$80=$B$164,R164))))))="","",IF($B$80=$B$99,R99,IF($B$80=$B$112,R112,IF($B$80=$B$125,R125,IF($B$80=$B$138,R138,IF($B$80=$B$151,R151,IF($B$80=$B$164,R164))))))) -> FALSE | S81: =IF(IF($B$80=$B$99,S99,IF($B$80=$B$112,S112,IF($B$80=$B$125,S125,IF($B$80=$B$138,S138,IF($B$80=$B$151,S151,IF($B$80=$B$164,S164))))))="","",IF($B$80=$B$99,S99,IF($B$80=$B$112,S112,IF($B$80=$B$125,S125,IF($B$80=$B$138,S138,IF($B$80=$B$151,S151,IF($B$80=$B$164,S164))))))) -> FALSE | T81: =IF(IF($B$80=$B$99,T99,IF($B$80=$B$112,T112,IF($B$80=$B$125,T125,IF($B$80=$B$138,T138,IF($B$80=$B$151,T151,IF($B$80=$B$164,T164))))))="","",IF($B$80=$B$99,T99,IF($B$80=$B$112,T112,IF($B$80=$B$125,T125,IF($B$80=$B$138,T138,IF($B$80=$B$151,T151,IF($B$80=$B$164,T164))))))) -> FALSE | U81: =IF(IF($B$80=$B$99,U99,IF($B$80=$B$112,U112,IF($B$80=$B$125,U125,IF($B$80=$B$138,U138,IF($B$80=$B$151,U151,IF($B$80=$B$164,U164))))))="","",IF($B$80=$B$99,U99,IF($B$80=$B$112,U112,IF($B$80=$B$125,U125,IF($B$80=$B$138,U138,IF($B$80=$B$151,U151,IF($B$80=$B$164,U164))))))) -> FALSE | V81: =IF(IF($B$80=$B$99,V99,IF($B$80=$B$112,V112,IF($B$80=$B$125,V125,IF($B$80=$B$138,V138,IF($B$80=$B$151,V151,IF($B$80=$B$164,V164))))))="","",IF($B$80=$B$99,V99,IF($B$80=$B$112,V112,IF($B$80=$B$125,V125,IF($B$80=$B$138,V138,IF($B$80=$B$151,V151,IF($B$80=$B$164,V164))))))) -> FALSE | W81: =IF(IF($B$80=$B$99,W99,IF($B$80=$B$112,W112,IF($B$80=$B$125,W125,IF($B$80=$B$138,W138,IF($B$80=$B$151,W151,IF($B$80=$B$164,W164))))))="","",IF($B$80=$B$99,W99,IF($B$80=$B$112,W112,IF($B$80=$B$125,W125,IF($B$80=$B$138,W138,IF($B$80=$B$151,W151,IF($B$80=$B$164,W164))))))) -> FALSE | X81: =IF(IF($B$80=$B$99,X99,IF($B$80=$B$112,X112,IF($B$80=$B$125,X125,IF($B$80=$B$138,X138,IF($B$80=$B$151,X151,IF($B$80=$B$164,X164))))))="","",IF($B$80=$B$99,X99,IF($B$80=$B$112,X112,IF($B$80=$B$125,X125,IF($B$80=$B$138,X138,IF($B$80=$B$151,X151,IF($B$80=$B$164,X164))))))) -> FALSE | Y81: =IF(IF($B$80=$B$99,Y99,IF($B$80=$B$112,Y112,IF($B$80=$B$125,Y125,IF($B$80=$B$138,Y138,IF($B$80=$B$151,Y151,IF($B$80=$B$164,Y164))))))="","",IF($B$80=$B$99,Y99,IF($B$80=$B$112,Y112,IF($B$80=$B$125,Y125,IF($B$80=$B$138,Y138,IF($B$80=$B$151,Y151,IF($B$80=$B$164,Y164))))))) -> FALSE
A82: =B112 -> TEC-LAB-PDI-03 | B82: 2 | C82: =IF(IF($B$80=$B$99,C100, IF($B$80=$B$112,C113, IF($B$80=$B$125,C126, IF($B$80=$B$138,C139, IF($B$80=$B$151,C152, IF($B$80=$B$164,C165, IF($B$80=$B$181,C182 )))))))="","", IF($B$80=$B$99,C100, IF($B$80=$B$112,C113, IF($B$80=$B$125,C126, IF($B$80=$B$138,C139, IF($B$80=$B$151,C152, IF($B$80=$B$164,C165, IF($B$80=$B$181,C182 )))))))) -> -1.4993 | D82: =IF(IF($B$80=$B$99,D100,IF($B$80=$B$112,D113,IF($B$80=$B$125,D126,IF($B$80=$B$138,D139,IF($B$80=$B$151,D152,IF($B$80=$B$164,D165,IF($B$80=$B$181,D182)))))))="","",IF($B$80=$B$99,D100,IF($B$80=$B$112,D113,IF($B$80=$B$125,D126,IF($B$80=$B$138,D139,IF($B$80=$B$151,D152,IF($B$80=$B$164,D165,IF($B$80=$B$181,D182)))))))) -> -1.49947 | E82: =IF(IF($B$80=$B$99,E100,IF($B$80=$B$112,E113,IF($B$80=$B$125,E126,IF($B$80=$B$138,E139,IF($B$80=$B$151,E152,IF($B$80=$B$164,E165,IF($B$80=$B$181,E182)))))))="","",IF($B$80=$B$99,E100,IF($B$80=$B$112,E113,IF($B$80=$B$125,E126,IF($B$80=$B$138,E139,IF($B$80=$B$151,E152,IF($B$80=$B$164,E165,IF($B$80=$B$181,E182)))))))) -> 0.0002 | F82: =IF(IF($B$80=$B$99,F100,IF($B$80=$B$112,F113,IF($B$80=$B$125,F126,IF($B$80=$B$138,F139,IF($B$80=$B$151,F152,IF($B$80=$B$164,F165,IF($B$80=$B$181,F182)))))))="","",IF($B$80=$B$99,F100,IF($B$80=$B$112,F113,IF($B$80=$B$125,F126,IF($B$80=$B$138,F139,IF($B$80=$B$151,F152,IF($B$80=$B$164,F165,IF($B$80=$B$181,F182)))))))) -> 0.0005 | H82: =B82 -> 2 | I82: =IF(IF($B$80=$B$99,I100,IF($B$80=$B$112,I113,IF($B$80=$B$125,I126,IF($B$80=$B$138,I139,IF($B$80=$B$151,I152,IF($B$80=$B$164,I165,IF($B$80=$B$181,I182)))))))="","",IF($B$80=$B$99,I100,IF($B$80=$B$112,I113,IF($B$80=$B$125,I126,IF($B$80=$B$138,I139,IF($B$80=$B$151,I152,IF($B$80=$B$164,I165,IF($B$80=$B$181,I182)))))))) -> 1.0001422 | J82: =IF(IF($B$80=$B$99,J100,IF($B$80=$B$112,J113,IF($B$80=$B$125,J126,IF($B$80=$B$138,J139,IF($B$80=$B$151,J152,IF($B$80=$B$164,J165,IF($B$80=$B$181,J182)))))))="","",IF($B$80=$B$99,J100,IF($B$80=$B$112,J113,IF($B$80=$B$125,J126,IF($B$80=$B$138,J139,IF($B$80=$B$151,J152,IF($B$80=$B$164,J165,IF($B$80=$B$181,J182)))))))) -> -6.1899016e-07 | M82: =IF(P82="","",P82-Q82) -> 0 | N82: =IF(P82="","",IF($D$24=$E$24,M82,CONVERSION!$E$25*M82)) -> 0 | O82: =IF(P82="","",ABS(N82)) -> 0 | P82: =IF($P$79=$R$79,R82,IF($P$79=$S$79,S82,IF($P$79=$T$79,T82,IF($P$79=$U$79,U82,IF($P$79=$V$79,V82,IF($P$79=$W$79,W82)))))) -> FALSE | Q82: =IF(Q$79=$R$79,R82,IF(Q$79=$S$79,S82,IF(Q$79=$T$79,T82,IF(Q$79=$U$79,U82,IF(Q$79=$V$79,V82,IF(Q$79=$W$79,W82)))))) -> FALSE | R82: =IF(IF($B$80=$B$99,R100,IF($B$80=$B$112,R113,IF($B$80=$B$125,R126,IF($B$80=$B$138,R139,IF($B$80=$B$151,R152,IF($B$80=$B$164,R165))))))="","",IF($B$80=$B$99,R100,IF($B$80=$B$112,R113,IF($B$80=$B$125,R126,IF($B$80=$B$138,R139,IF($B$80=$B$151,R152,IF($B$80=$B$164,R165))))))) -> FALSE | S82: =IF(IF($B$80=$B$99,S100,IF($B$80=$B$112,S113,IF($B$80=$B$125,S126,IF($B$80=$B$138,S139,IF($B$80=$B$151,S152,IF($B$80=$B$164,S165))))))="","",IF($B$80=$B$99,S100,IF($B$80=$B$112,S113,IF($B$80=$B$125,S126,IF($B$80=$B$138,S139,IF($B$80=$B$151,S152,IF($B$80=$B$164,S165))))))) -> FALSE | T82: =IF(IF($B$80=$B$99,T100,IF($B$80=$B$112,T113,IF($B$80=$B$125,T126,IF($B$80=$B$138,T139,IF($B$80=$B$151,T152,IF($B$80=$B$164,T165))))))="","",IF($B$80=$B$99,T100,IF($B$80=$B$112,T113,IF($B$80=$B$125,T126,IF($B$80=$B$138,T139,IF($B$80=$B$151,T152,IF($B$80=$B$164,T165))))))) -> FALSE | U82: =IF(IF($B$80=$B$99,U100,IF($B$80=$B$112,U113,IF($B$80=$B$125,U126,IF($B$80=$B$138,U139,IF($B$80=$B$151,U152,IF($B$80=$B$164,U165))))))="","",IF($B$80=$B$99,U100,IF($B$80=$B$112,U113,IF($B$80=$B$125,U126,IF($B$80=$B$138,U139,IF($B$80=$B$151,U152,IF($B$80=$B$164,U165))))))) -> FALSE | V82: =IF(IF($B$80=$B$99,V100,IF($B$80=$B$112,V113,IF($B$80=$B$125,V126,IF($B$80=$B$138,V139,IF($B$80=$B$151,V152,IF($B$80=$B$164,V165))))))="","",IF($B$80=$B$99,V100,IF($B$80=$B$112,V113,IF($B$80=$B$125,V126,IF($B$80=$B$138,V139,IF($B$80=$B$151,V152,IF($B$80=$B$164,V165))))))) -> FALSE | W82: =IF(IF($B$80=$B$99,W100,IF($B$80=$B$112,W113,IF($B$80=$B$125,W126,IF($B$80=$B$138,W139,IF($B$80=$B$151,W152,IF($B$80=$B$164,W165))))))="","",IF($B$80=$B$99,W100,IF($B$80=$B$112,W113,IF($B$80=$B$125,W126,IF($B$80=$B$138,W139,IF($B$80=$B$151,W152,IF($B$80=$B$164,W165))))))) -> FALSE | X82: =IF(IF($B$80=$B$99,X100,IF($B$80=$B$112,X113,IF($B$80=$B$125,X126,IF($B$80=$B$138,X139,IF($B$80=$B$151,X152,IF($B$80=$B$164,X165))))))="","",IF($B$80=$B$99,X100,IF($B$80=$B$112,X113,IF($B$80=$B$125,X126,IF($B$80=$B$138,X139,IF($B$80=$B$151,X152,IF($B$80=$B$164,X165))))))) -> FALSE | Y82: =IF(IF($B$80=$B$99,Y100,IF($B$80=$B$112,Y113,IF($B$80=$B$125,Y126,IF($B$80=$B$138,Y139,IF($B$80=$B$151,Y152,IF($B$80=$B$164,Y165))))))="","",IF($B$80=$B$99,Y100,IF($B$80=$B$112,Y113,IF($B$80=$B$125,Y126,IF($B$80=$B$138,Y139,IF($B$80=$B$151,Y152,IF($B$80=$B$164,Y165))))))) -> FALSE
A83: =B125 -> TEC-LAB-PDI-02 | B83: 3 | C83: =IF(IF($B$80=$B$99,C101, IF($B$80=$B$112,C114, IF($B$80=$B$125,C127, IF($B$80=$B$138,C140, IF($B$80=$B$151,C153, IF($B$80=$B$164,C166, IF($B$80=$B$181,C183 )))))))="","", IF($B$80=$B$99,C101, IF($B$80=$B$112,C114, IF($B$80=$B$125,C127, IF($B$80=$B$138,C140, IF($B$80=$B$151,C153, IF($B$80=$B$164,C166, IF($B$80=$B$181,C183 )))))))) -> -0.9994 | D83: =IF(IF($B$80=$B$99,D101,IF($B$80=$B$112,D114,IF($B$80=$B$125,D127,IF($B$80=$B$138,D140,IF($B$80=$B$151,D153,IF($B$80=$B$164,D166,IF($B$80=$B$181,D183)))))))="","",IF($B$80=$B$99,D101,IF($B$80=$B$112,D114,IF($B$80=$B$125,D127,IF($B$80=$B$138,D140,IF($B$80=$B$151,D153,IF($B$80=$B$164,D166,IF($B$80=$B$181,D183)))))))) -> -0.99951 | E83: =IF(IF($B$80=$B$99,E101,IF($B$80=$B$112,E114,IF($B$80=$B$125,E127,IF($B$80=$B$138,E140,IF($B$80=$B$151,E153,IF($B$80=$B$164,E166,IF($B$80=$B$181,E183)))))))="","",IF($B$80=$B$99,E101,IF($B$80=$B$112,E114,IF($B$80=$B$125,E127,IF($B$80=$B$138,E140,IF($B$80=$B$151,E153,IF($B$80=$B$164,E166,IF($B$80=$B$181,E183)))))))) -> 0.0002 | F83: =IF(IF($B$80=$B$99,F101,IF($B$80=$B$112,F114,IF($B$80=$B$125,F127,IF($B$80=$B$138,F140,IF($B$80=$B$151,F153,IF($B$80=$B$164,F166,IF($B$80=$B$181,F183)))))))="","",IF($B$80=$B$99,F101,IF($B$80=$B$112,F114,IF($B$80=$B$125,F127,IF($B$80=$B$138,F140,IF($B$80=$B$151,F153,IF($B$80=$B$164,F166,IF($B$80=$B$181,F183)))))))) -> 0.00049 | H83: =B83 -> 3 | I83: =IF(IF($B$80=$B$99,I101,IF($B$80=$B$112,I114,IF($B$80=$B$125,I127,IF($B$80=$B$138,I140,IF($B$80=$B$151,I153,IF($B$80=$B$164,I166,IF($B$80=$B$181,I183)))))))="","",IF($B$80=$B$99,I101,IF($B$80=$B$112,I114,IF($B$80=$B$125,I127,IF($B$80=$B$138,I140,IF($B$80=$B$151,I153,IF($B$80=$B$164,I166,IF($B$80=$B$181,I183)))))))) -> 3.6992886e-05 | J83: =IF(IF($B$80=$B$99,J101,IF($B$80=$B$112,J114,IF($B$80=$B$125,J127,IF($B$80=$B$138,J140,IF($B$80=$B$151,J153,IF($B$80=$B$164,J166,IF($B$80=$B$181,J183)))))))="","",IF($B$80=$B$99,J101,IF($B$80=$B$112,J114,IF($B$80=$B$125,J127,IF($B$80=$B$138,J140,IF($B$80=$B$151,J153,IF($B$80=$B$164,J166,IF($B$80=$B$181,J183)))))))) -> 3.6350688e-07 | M83: =IF(P83="","",P83-Q83) -> 0 | N83: =IF(P83="","",IF($D$24=$E$24,M83,CONVERSION!$E$25*M83)) -> 0 | O83: =IF(P83="","",ABS(N83)) -> 0 | P83: =IF($P$79=$R$79,R83,IF($P$79=$S$79,S83,IF($P$79=$T$79,T83,IF($P$79=$U$79,U83,IF($P$79=$V$79,V83,IF($P$79=$W$79,W83)))))) -> FALSE | Q83: =IF(Q$79=$R$79,R83,IF(Q$79=$S$79,S83,IF(Q$79=$T$79,T83,IF(Q$79=$U$79,U83,IF(Q$79=$V$79,V83,IF(Q$79=$W$79,W83)))))) -> FALSE | R83: =IF(IF($B$80=$B$99,R101,IF($B$80=$B$112,R114,IF($B$80=$B$125,R127,IF($B$80=$B$138,R140,IF($B$80=$B$151,R153,IF($B$80=$B$164,R166))))))="","",IF($B$80=$B$99,R101,IF($B$80=$B$112,R114,IF($B$80=$B$125,R127,IF($B$80=$B$138,R140,IF($B$80=$B$151,R153,IF($B$80=$B$164,R166))))))) -> FALSE | S83: =IF(IF($B$80=$B$99,S101,IF($B$80=$B$112,S114,IF($B$80=$B$125,S127,IF($B$80=$B$138,S140,IF($B$80=$B$151,S153,IF($B$80=$B$164,S166))))))="","",IF($B$80=$B$99,S101,IF($B$80=$B$112,S114,IF($B$80=$B$125,S127,IF($B$80=$B$138,S140,IF($B$80=$B$151,S153,IF($B$80=$B$164,S166))))))) -> FALSE | T83: =IF(IF($B$80=$B$99,T101,IF($B$80=$B$112,T114,IF($B$80=$B$125,T127,IF($B$80=$B$138,T140,IF($B$80=$B$151,T153,IF($B$80=$B$164,T166))))))="","",IF($B$80=$B$99,T101,IF($B$80=$B$112,T114,IF($B$80=$B$125,T127,IF($B$80=$B$138,T140,IF($B$80=$B$151,T153,IF($B$80=$B$164,T166))))))) -> FALSE | U83: =IF(IF($B$80=$B$99,U101,IF($B$80=$B$112,U114,IF($B$80=$B$125,U127,IF($B$80=$B$138,U140,IF($B$80=$B$151,U153,IF($B$80=$B$164,U166))))))="","",IF($B$80=$B$99,U101,IF($B$80=$B$112,U114,IF($B$80=$B$125,U127,IF($B$80=$B$138,U140,IF($B$80=$B$151,U153,IF($B$80=$B$164,U166))))))) -> FALSE | V83: =IF(IF($B$80=$B$99,V101,IF($B$80=$B$112,V114,IF($B$80=$B$125,V127,IF($B$80=$B$138,V140,IF($B$80=$B$151,V153,IF($B$80=$B$164,V166))))))="","",IF($B$80=$B$99,V101,IF($B$80=$B$112,V114,IF($B$80=$B$125,V127,IF($B$80=$B$138,V140,IF($B$80=$B$151,V153,IF($B$80=$B$164,V166))))))) -> FALSE | W83: =IF(IF($B$80=$B$99,W101,IF($B$80=$B$112,W114,IF($B$80=$B$125,W127,IF($B$80=$B$138,W140,IF($B$80=$B$151,W153,IF($B$80=$B$164,W166))))))="","",IF($B$80=$B$99,W101,IF($B$80=$B$112,W114,IF($B$80=$B$125,W127,IF($B$80=$B$138,W140,IF($B$80=$B$151,W153,IF($B$80=$B$164,W166))))))) -> FALSE | X83: =IF(IF($B$80=$B$99,X101,IF($B$80=$B$112,X114,IF($B$80=$B$125,X127,IF($B$80=$B$138,X140,IF($B$80=$B$151,X153,IF($B$80=$B$164,X166))))))="","",IF($B$80=$B$99,X101,IF($B$80=$B$112,X114,IF($B$80=$B$125,X127,IF($B$80=$B$138,X140,IF($B$80=$B$151,X153,IF($B$80=$B$164,X166))))))) -> FALSE | Y83: =IF(IF($B$80=$B$99,Y101,IF($B$80=$B$112,Y114,IF($B$80=$B$125,Y127,IF($B$80=$B$138,Y140,IF($B$80=$B$151,Y153,IF($B$80=$B$164,Y166))))))="","",IF($B$80=$B$99,Y101,IF($B$80=$B$112,Y114,IF($B$80=$B$125,Y127,IF($B$80=$B$138,Y140,IF($B$80=$B$151,Y153,IF($B$80=$B$164,Y166))))))) -> FALSE
A84: =B138 -> TEC-LAB-PS-03- | B84: 4 | C84: =IF(IF($B$80=$B$99,C102, IF($B$80=$B$112,C115, IF($B$80=$B$125,C128, IF($B$80=$B$138,C141, IF($B$80=$B$151,C154, IF($B$80=$B$164,C167, IF($B$80=$B$181,C184 )))))))="","", IF($B$80=$B$99,C102, IF($B$80=$B$112,C115, IF($B$80=$B$125,C128, IF($B$80=$B$138,C141, IF($B$80=$B$151,C154, IF($B$80=$B$164,C167, IF($B$80=$B$181,C184 )))))))) -> -0.4996 | D84: =IF(IF($B$80=$B$99,D102,IF($B$80=$B$112,D115,IF($B$80=$B$125,D128,IF($B$80=$B$138,D141,IF($B$80=$B$151,D154,IF($B$80=$B$164,D167,IF($B$80=$B$181,D184)))))))="","",IF($B$80=$B$99,D102,IF($B$80=$B$112,D115,IF($B$80=$B$125,D128,IF($B$80=$B$138,D141,IF($B$80=$B$151,D154,IF($B$80=$B$164,D167,IF($B$80=$B$181,D184)))))))) -> -0.49974 | E84: =IF(IF($B$80=$B$99,E102,IF($B$80=$B$112,E115,IF($B$80=$B$125,E128,IF($B$80=$B$138,E141,IF($B$80=$B$151,E154,IF($B$80=$B$164,E167,IF($B$80=$B$181,E184)))))))="","",IF($B$80=$B$99,E102,IF($B$80=$B$112,E115,IF($B$80=$B$125,E128,IF($B$80=$B$138,E141,IF($B$80=$B$151,E154,IF($B$80=$B$164,E167,IF($B$80=$B$181,E184)))))))) -> 0.0002 | F84: =IF(IF($B$80=$B$99,F102,IF($B$80=$B$112,F115,IF($B$80=$B$125,F128,IF($B$80=$B$138,F141,IF($B$80=$B$151,F154,IF($B$80=$B$164,F167,IF($B$80=$B$181,F184)))))))="","",IF($B$80=$B$99,F102,IF($B$80=$B$112,F115,IF($B$80=$B$125,F128,IF($B$80=$B$138,F141,IF($B$80=$B$151,F154,IF($B$80=$B$164,F167,IF($B$80=$B$181,F184)))))))) -> 0.00049 | H84: =B84 -> 4 | I84: =IF(IF($B$80=$B$99,I102,IF($B$80=$B$112,I115,IF($B$80=$B$125,I128,IF($B$80=$B$138,I141,IF($B$80=$B$151,I154,IF($B$80=$B$164,I167,IF($B$80=$B$181,I184)))))))="","",IF($B$80=$B$99,I102,IF($B$80=$B$112,I115,IF($B$80=$B$125,I128,IF($B$80=$B$138,I141,IF($B$80=$B$151,I154,IF($B$80=$B$164,I167,IF($B$80=$B$181,I184)))))))) -> -0.00038352742 | J84: =IF(IF($B$80=$B$99,J102,IF($B$80=$B$112,J115,IF($B$80=$B$125,J128,IF($B$80=$B$138,J141,IF($B$80=$B$151,J154,IF($B$80=$B$164,J167,IF($B$80=$B$181,J184)))))))="","",IF($B$80=$B$99,J102,IF($B$80=$B$112,J115,IF($B$80=$B$125,J128,IF($B$80=$B$138,J141,IF($B$80=$B$151,J154,IF($B$80=$B$164,J167,IF($B$80=$B$181,J184)))))))) -> 3.2256248e-06 | M84: =IF(P84="","",P84-Q84) -> 0 | N84: =IF(P84="","",IF($D$24=$E$24,M84,CONVERSION!$E$25*M84)) -> 0 | O84: =IF(P84="","",ABS(N84)) -> 0 | P84: =IF($P$79=$R$79,R84,IF($P$79=$S$79,S84,IF($P$79=$T$79,T84,IF($P$79=$U$79,U84,IF($P$79=$V$79,V84,IF($P$79=$W$79,W84)))))) -> FALSE | Q84: =IF(Q$79=$R$79,R84,IF(Q$79=$S$79,S84,IF(Q$79=$T$79,T84,IF(Q$79=$U$79,U84,IF(Q$79=$V$79,V84,IF(Q$79=$W$79,W84)))))) -> FALSE | R84: =IF(IF($B$80=$B$99,R102,IF($B$80=$B$112,R115,IF($B$80=$B$125,R128,IF($B$80=$B$138,R141,IF($B$80=$B$151,R154,IF($B$80=$B$164,R167))))))="","",IF($B$80=$B$99,R102,IF($B$80=$B$112,R115,IF($B$80=$B$125,R128,IF($B$80=$B$138,R141,IF($B$80=$B$151,R154,IF($B$80=$B$164,R167))))))) -> FALSE | S84: =IF(IF($B$80=$B$99,S102,IF($B$80=$B$112,S115,IF($B$80=$B$125,S128,IF($B$80=$B$138,S141,IF($B$80=$B$151,S154,IF($B$80=$B$164,S167))))))="","",IF($B$80=$B$99,S102,IF($B$80=$B$112,S115,IF($B$80=$B$125,S128,IF($B$80=$B$138,S141,IF($B$80=$B$151,S154,IF($B$80=$B$164,S167))))))) -> FALSE | T84: =IF(IF($B$80=$B$99,T102,IF($B$80=$B$112,T115,IF($B$80=$B$125,T128,IF($B$80=$B$138,T141,IF($B$80=$B$151,T154,IF($B$80=$B$164,T167))))))="","",IF($B$80=$B$99,T102,IF($B$80=$B$112,T115,IF($B$80=$B$125,T128,IF($B$80=$B$138,T141,IF($B$80=$B$151,T154,IF($B$80=$B$164,T167))))))) -> FALSE | U84: =IF(IF($B$80=$B$99,U102,IF($B$80=$B$112,U115,IF($B$80=$B$125,U128,IF($B$80=$B$138,U141,IF($B$80=$B$151,U154,IF($B$80=$B$164,U167))))))="","",IF($B$80=$B$99,U102,IF($B$80=$B$112,U115,IF($B$80=$B$125,U128,IF($B$80=$B$138,U141,IF($B$80=$B$151,U154,IF($B$80=$B$164,U167))))))) -> FALSE | V84: =IF(IF($B$80=$B$99,V102,IF($B$80=$B$112,V115,IF($B$80=$B$125,V128,IF($B$80=$B$138,V141,IF($B$80=$B$151,V154,IF($B$80=$B$164,V167))))))="","",IF($B$80=$B$99,V102,IF($B$80=$B$112,V115,IF($B$80=$B$125,V128,IF($B$80=$B$138,V141,IF($B$80=$B$151,V154,IF($B$80=$B$164,V167))))))) -> FALSE | W84: =IF(IF($B$80=$B$99,W102,IF($B$80=$B$112,W115,IF($B$80=$B$125,W128,IF($B$80=$B$138,W141,IF($B$80=$B$151,W154,IF($B$80=$B$164,W167))))))="","",IF($B$80=$B$99,W102,IF($B$80=$B$112,W115,IF($B$80=$B$125,W128,IF($B$80=$B$138,W141,IF($B$80=$B$151,W154,IF($B$80=$B$164,W167))))))) -> FALSE | X84: =IF(IF($B$80=$B$99,X102,IF($B$80=$B$112,X115,IF($B$80=$B$125,X128,IF($B$80=$B$138,X141,IF($B$80=$B$151,X154,IF($B$80=$B$164,X167))))))="","",IF($B$80=$B$99,X102,IF($B$80=$B$112,X115,IF($B$80=$B$125,X128,IF($B$80=$B$138,X141,IF($B$80=$B$151,X154,IF($B$80=$B$164,X167))))))) -> FALSE | Y84: =IF(IF($B$80=$B$99,Y102,IF($B$80=$B$112,Y115,IF($B$80=$B$125,Y128,IF($B$80=$B$138,Y141,IF($B$80=$B$151,Y154,IF($B$80=$B$164,Y167))))))="","",IF($B$80=$B$99,Y102,IF($B$80=$B$112,Y115,IF($B$80=$B$125,Y128,IF($B$80=$B$138,Y141,IF($B$80=$B$151,Y154,IF($B$80=$B$164,Y167))))))) -> FALSE
A85: =B151 -> TEC-LAB-PS-03+ | B85: 5 | C85: =IF(IF($B$80=$B$99,C103, IF($B$80=$B$112,C116, IF($B$80=$B$125,C129, IF($B$80=$B$138,C142, IF($B$80=$B$151,C155, IF($B$80=$B$164,C168, IF($B$80=$B$181,C185 )))))))="","", IF($B$80=$B$99,C103, IF($B$80=$B$112,C116, IF($B$80=$B$125,C129, IF($B$80=$B$138,C142, IF($B$80=$B$151,C155, IF($B$80=$B$164,C168, IF($B$80=$B$181,C185 )))))))) -> 0.0002 | D85: =IF(IF($B$80=$B$99,D103,IF($B$80=$B$112,D116,IF($B$80=$B$125,D129,IF($B$80=$B$138,D142,IF($B$80=$B$151,D155,IF($B$80=$B$164,D168,IF($B$80=$B$181,D185)))))))="","",IF($B$80=$B$99,D103,IF($B$80=$B$112,D116,IF($B$80=$B$125,D129,IF($B$80=$B$138,D142,IF($B$80=$B$151,D155,IF($B$80=$B$164,D168,IF($B$80=$B$181,D185)))))))) -> 9e-05 | E85: =IF(IF($B$80=$B$99,E103,IF($B$80=$B$112,E116,IF($B$80=$B$125,E129,IF($B$80=$B$138,E142,IF($B$80=$B$151,E155,IF($B$80=$B$164,E168,IF($B$80=$B$181,E185)))))))="","",IF($B$80=$B$99,E103,IF($B$80=$B$112,E116,IF($B$80=$B$125,E129,IF($B$80=$B$138,E142,IF($B$80=$B$151,E155,IF($B$80=$B$164,E168,IF($B$80=$B$181,E185)))))))) -> 0.0001 | F85: =IF(IF($B$80=$B$99,F103,IF($B$80=$B$112,F116,IF($B$80=$B$125,F129,IF($B$80=$B$138,F142,IF($B$80=$B$151,F155,IF($B$80=$B$164,F168,IF($B$80=$B$181,F185)))))))="","",IF($B$80=$B$99,F103,IF($B$80=$B$112,F116,IF($B$80=$B$125,F129,IF($B$80=$B$138,F142,IF($B$80=$B$151,F155,IF($B$80=$B$164,F168,IF($B$80=$B$181,F185)))))))) -> 0.00049 | H85: =B85 -> 5 | I85: =IF(IF($B$80=$B$99,I103,IF($B$80=$B$112,I116,IF($B$80=$B$125,I129,IF($B$80=$B$138,I142,IF($B$80=$B$151,I155,IF($B$80=$B$164,I168,IF($B$80=$B$181,I185)))))))="","",IF($B$80=$B$99,I103,IF($B$80=$B$112,I116,IF($B$80=$B$125,I129,IF($B$80=$B$138,I142,IF($B$80=$B$151,I155,IF($B$80=$B$164,I168,IF($B$80=$B$181,I185)))))))) -> -0.00017110821 | J85: =IF(IF($B$80=$B$99,J103,IF($B$80=$B$112,J116,IF($B$80=$B$125,J129,IF($B$80=$B$138,J142,IF($B$80=$B$151,J155,IF($B$80=$B$164,J168,IF($B$80=$B$181,J185)))))))="","",IF($B$80=$B$99,J103,IF($B$80=$B$112,J116,IF($B$80=$B$125,J129,IF($B$80=$B$138,J142,IF($B$80=$B$151,J155,IF($B$80=$B$164,J168,IF($B$80=$B$181,J185)))))))) -> -1.8884309e-06 | M85: =IF(P85="","",P85-Q85) -> 0 | N85: =IF(P85="","",IF($D$24=$E$24,M85,CONVERSION!$E$25*M85)) -> 0 | O85: =IF(P85="","",ABS(N85)) -> 0 | P85: =IF($P$79=$R$79,R85,IF($P$79=$S$79,S85,IF($P$79=$T$79,T85,IF($P$79=$U$79,U85,IF($P$79=$V$79,V85,IF($P$79=$W$79,W85)))))) -> FALSE | Q85: =IF(Q$79=$R$79,R85,IF(Q$79=$S$79,S85,IF(Q$79=$T$79,T85,IF(Q$79=$U$79,U85,IF(Q$79=$V$79,V85,IF(Q$79=$W$79,W85)))))) -> FALSE | R85: =IF(IF($B$80=$B$99,R103,IF($B$80=$B$112,R116,IF($B$80=$B$125,R129,IF($B$80=$B$138,R142,IF($B$80=$B$151,R155,IF($B$80=$B$164,R168))))))="","",IF($B$80=$B$99,R103,IF($B$80=$B$112,R116,IF($B$80=$B$125,R129,IF($B$80=$B$138,R142,IF($B$80=$B$151,R155,IF($B$80=$B$164,R168))))))) -> FALSE | S85: =IF(IF($B$80=$B$99,S103,IF($B$80=$B$112,S116,IF($B$80=$B$125,S129,IF($B$80=$B$138,S142,IF($B$80=$B$151,S155,IF($B$80=$B$164,S168))))))="","",IF($B$80=$B$99,S103,IF($B$80=$B$112,S116,IF($B$80=$B$125,S129,IF($B$80=$B$138,S142,IF($B$80=$B$151,S155,IF($B$80=$B$164,S168))))))) -> FALSE | T85: =IF(IF($B$80=$B$99,T103,IF($B$80=$B$112,T116,IF($B$80=$B$125,T129,IF($B$80=$B$138,T142,IF($B$80=$B$151,T155,IF($B$80=$B$164,T168))))))="","",IF($B$80=$B$99,T103,IF($B$80=$B$112,T116,IF($B$80=$B$125,T129,IF($B$80=$B$138,T142,IF($B$80=$B$151,T155,IF($B$80=$B$164,T168))))))) -> FALSE | U85: =IF(IF($B$80=$B$99,U103,IF($B$80=$B$112,U116,IF($B$80=$B$125,U129,IF($B$80=$B$138,U142,IF($B$80=$B$151,U155,IF($B$80=$B$164,U168))))))="","",IF($B$80=$B$99,U103,IF($B$80=$B$112,U116,IF($B$80=$B$125,U129,IF($B$80=$B$138,U142,IF($B$80=$B$151,U155,IF($B$80=$B$164,U168))))))) -> FALSE | V85: =IF(IF($B$80=$B$99,V103,IF($B$80=$B$112,V116,IF($B$80=$B$125,V129,IF($B$80=$B$138,V142,IF($B$80=$B$151,V155,IF($B$80=$B$164,V168))))))="","",IF($B$80=$B$99,V103,IF($B$80=$B$112,V116,IF($B$80=$B$125,V129,IF($B$80=$B$138,V142,IF($B$80=$B$151,V155,IF($B$80=$B$164,V168))))))) -> FALSE | W85: =IF(IF($B$80=$B$99,W103,IF($B$80=$B$112,W116,IF($B$80=$B$125,W129,IF($B$80=$B$138,W142,IF($B$80=$B$151,W155,IF($B$80=$B$164,W168))))))="","",IF($B$80=$B$99,W103,IF($B$80=$B$112,W116,IF($B$80=$B$125,W129,IF($B$80=$B$138,W142,IF($B$80=$B$151,W155,IF($B$80=$B$164,W168))))))) -> FALSE | X85: =IF(IF($B$80=$B$99,X103,IF($B$80=$B$112,X116,IF($B$80=$B$125,X129,IF($B$80=$B$138,X142,IF($B$80=$B$151,X155,IF($B$80=$B$164,X168))))))="","",IF($B$80=$B$99,X103,IF($B$80=$B$112,X116,IF($B$80=$B$125,X129,IF($B$80=$B$138,X142,IF($B$80=$B$151,X155,IF($B$80=$B$164,X168))))))) -> FALSE | Y85: =IF(IF($B$80=$B$99,Y103,IF($B$80=$B$112,Y116,IF($B$80=$B$125,Y129,IF($B$80=$B$138,Y142,IF($B$80=$B$151,Y155,IF($B$80=$B$164,Y168))))))="","",IF($B$80=$B$99,Y103,IF($B$80=$B$112,Y116,IF($B$80=$B$125,Y129,IF($B$80=$B$138,Y142,IF($B$80=$B$151,Y155,IF($B$80=$B$164,Y168))))))) -> FALSE
A86: =B164 -> TEC-LAB-PS-10 | B86: 6 | C86: =IF(IF($B$80=$B$99,C104, IF($B$80=$B$112,C117, IF($B$80=$B$125,C130, IF($B$80=$B$138,C143, IF($B$80=$B$151,C156, IF($B$80=$B$164,C169, IF($B$80=$B$181,C186 )))))))="","", IF($B$80=$B$99,C104, IF($B$80=$B$112,C117, IF($B$80=$B$125,C130, IF($B$80=$B$138,C143, IF($B$80=$B$151,C156, IF($B$80=$B$164,C169, IF($B$80=$B$181,C186 )))))))) -> 0.4999 | D86: =IF(IF($B$80=$B$99,D104,IF($B$80=$B$112,D117,IF($B$80=$B$125,D130,IF($B$80=$B$138,D143,IF($B$80=$B$151,D156,IF($B$80=$B$164,D169,IF($B$80=$B$181,D186)))))))="","",IF($B$80=$B$99,D104,IF($B$80=$B$112,D117,IF($B$80=$B$125,D130,IF($B$80=$B$138,D143,IF($B$80=$B$151,D156,IF($B$80=$B$164,D169,IF($B$80=$B$181,D186)))))))) -> 0.49982 | E86: =IF(IF($B$80=$B$99,E104,IF($B$80=$B$112,E117,IF($B$80=$B$125,E130,IF($B$80=$B$138,E143,IF($B$80=$B$151,E156,IF($B$80=$B$164,E169,IF($B$80=$B$181,E186)))))))="","",IF($B$80=$B$99,E104,IF($B$80=$B$112,E117,IF($B$80=$B$125,E130,IF($B$80=$B$138,E143,IF($B$80=$B$151,E156,IF($B$80=$B$164,E169,IF($B$80=$B$181,E186)))))))) -> 0.0001 | F86: =IF(IF($B$80=$B$99,F104,IF($B$80=$B$112,F117,IF($B$80=$B$125,F130,IF($B$80=$B$138,F143,IF($B$80=$B$151,F156,IF($B$80=$B$164,F169,IF($B$80=$B$181,F186)))))))="","",IF($B$80=$B$99,F104,IF($B$80=$B$112,F117,IF($B$80=$B$125,F130,IF($B$80=$B$138,F143,IF($B$80=$B$151,F156,IF($B$80=$B$164,F169,IF($B$80=$B$181,F186)))))))) -> 0.00049 | H86: =B86 -> 6 | I86: =IF(IF($B$80=$B$99,I104,IF($B$80=$B$112,I117,IF($B$80=$B$125,I130,IF($B$80=$B$138,I143,IF($B$80=$B$151,I156,IF($B$80=$B$164,I169,IF($B$80=$B$181,I186)))))))="","",IF($B$80=$B$99,I104,IF($B$80=$B$112,I117,IF($B$80=$B$125,I130,IF($B$80=$B$138,I143,IF($B$80=$B$151,I156,IF($B$80=$B$164,I169,IF($B$80=$B$181,I186)))))))) -> 0.00022664944 | J86: =IF(IF($B$80=$B$99,J104,IF($B$80=$B$112,J117,IF($B$80=$B$125,J130,IF($B$80=$B$138,J143,IF($B$80=$B$151,J156,IF($B$80=$B$164,J169,IF($B$80=$B$181,J186)))))))="","",IF($B$80=$B$99,J104,IF($B$80=$B$112,J117,IF($B$80=$B$125,J130,IF($B$80=$B$138,J143,IF($B$80=$B$151,J156,IF($B$80=$B$164,J169,IF($B$80=$B$181,J186)))))))) -> -3.1177179e-06 | M86: =IF(P86="","",P86-Q86) -> 0 | N86: =IF(P86="","",IF($D$24=$E$24,M86,CONVERSION!$E$25*M86)) -> 0 | O86: =IF(P86="","",ABS(N86)) -> 0 | P86: =IF($P$79=$R$79,R86,IF($P$79=$S$79,S86,IF($P$79=$T$79,T86,IF($P$79=$U$79,U86,IF($P$79=$V$79,V86,IF($P$79=$W$79,W86)))))) -> FALSE | Q86: =IF(Q$79=$R$79,R86,IF(Q$79=$S$79,S86,IF(Q$79=$T$79,T86,IF(Q$79=$U$79,U86,IF(Q$79=$V$79,V86,IF(Q$79=$W$79,W86)))))) -> FALSE | R86: =IF(IF($B$80=$B$99,R104,IF($B$80=$B$112,R117,IF($B$80=$B$125,R130,IF($B$80=$B$138,R143,IF($B$80=$B$151,R156,IF($B$80=$B$164,R169))))))="","",IF($B$80=$B$99,R104,IF($B$80=$B$112,R117,IF($B$80=$B$125,R130,IF($B$80=$B$138,R143,IF($B$80=$B$151,R156,IF($B$80=$B$164,R169))))))) -> FALSE | S86: =IF(IF($B$80=$B$99,S104,IF($B$80=$B$112,S117,IF($B$80=$B$125,S130,IF($B$80=$B$138,S143,IF($B$80=$B$151,S156,IF($B$80=$B$164,S169))))))="","",IF($B$80=$B$99,S104,IF($B$80=$B$112,S117,IF($B$80=$B$125,S130,IF($B$80=$B$138,S143,IF($B$80=$B$151,S156,IF($B$80=$B$164,S169))))))) -> FALSE | T86: =IF(IF($B$80=$B$99,T104,IF($B$80=$B$112,T117,IF($B$80=$B$125,T130,IF($B$80=$B$138,T143,IF($B$80=$B$151,T156,IF($B$80=$B$164,T169))))))="","",IF($B$80=$B$99,T104,IF($B$80=$B$112,T117,IF($B$80=$B$125,T130,IF($B$80=$B$138,T143,IF($B$80=$B$151,T156,IF($B$80=$B$164,T169))))))) -> FALSE | U86: =IF(IF($B$80=$B$99,U104,IF($B$80=$B$112,U117,IF($B$80=$B$125,U130,IF($B$80=$B$138,U143,IF($B$80=$B$151,U156,IF($B$80=$B$164,U169))))))="","",IF($B$80=$B$99,U104,IF($B$80=$B$112,U117,IF($B$80=$B$125,U130,IF($B$80=$B$138,U143,IF($B$80=$B$151,U156,IF($B$80=$B$164,U169))))))) -> FALSE | V86: =IF(IF($B$80=$B$99,V104,IF($B$80=$B$112,V117,IF($B$80=$B$125,V130,IF($B$80=$B$138,V143,IF($B$80=$B$151,V156,IF($B$80=$B$164,V169))))))="","",IF($B$80=$B$99,V104,IF($B$80=$B$112,V117,IF($B$80=$B$125,V130,IF($B$80=$B$138,V143,IF($B$80=$B$151,V156,IF($B$80=$B$164,V169))))))) -> FALSE | W86: =IF(IF($B$80=$B$99,W104,IF($B$80=$B$112,W117,IF($B$80=$B$125,W130,IF($B$80=$B$138,W143,IF($B$80=$B$151,W156,IF($B$80=$B$164,W169))))))="","",IF($B$80=$B$99,W104,IF($B$80=$B$112,W117,IF($B$80=$B$125,W130,IF($B$80=$B$138,W143,IF($B$80=$B$151,W156,IF($B$80=$B$164,W169))))))) -> FALSE | X86: =IF(IF($B$80=$B$99,X104,IF($B$80=$B$112,X117,IF($B$80=$B$125,X130,IF($B$80=$B$138,X143,IF($B$80=$B$151,X156,IF($B$80=$B$164,X169))))))="","",IF($B$80=$B$99,X104,IF($B$80=$B$112,X117,IF($B$80=$B$125,X130,IF($B$80=$B$138,X143,IF($B$80=$B$151,X156,IF($B$80=$B$164,X169))))))) -> FALSE | Y86: =IF(IF($B$80=$B$99,Y104,IF($B$80=$B$112,Y117,IF($B$80=$B$125,Y130,IF($B$80=$B$138,Y143,IF($B$80=$B$151,Y156,IF($B$80=$B$164,Y169))))))="","",IF($B$80=$B$99,Y104,IF($B$80=$B$112,Y117,IF($B$80=$B$125,Y130,IF($B$80=$B$138,Y143,IF($B$80=$B$151,Y156,IF($B$80=$B$164,Y169))))))) -> FALSE
B87: 7 | C87: =IF(IF($B$80=$B$99,C105, IF($B$80=$B$112,C118, IF($B$80=$B$125,C131, IF($B$80=$B$138,C144, IF($B$80=$B$151,C157, IF($B$80=$B$164,C170, IF($B$80=$B$181,C187 )))))))="","", IF($B$80=$B$99,C105, IF($B$80=$B$112,C118, IF($B$80=$B$125,C131, IF($B$80=$B$138,C144, IF($B$80=$B$151,C157, IF($B$80=$B$164,C170, IF($B$80=$B$181,C187 )))))))) -> 0.9997 | D87: =IF(IF($B$80=$B$99,D105,IF($B$80=$B$112,D118,IF($B$80=$B$125,D131,IF($B$80=$B$138,D144,IF($B$80=$B$151,D157,IF($B$80=$B$164,D170,IF($B$80=$B$181,D187)))))))="","",IF($B$80=$B$99,D105,IF($B$80=$B$112,D118,IF($B$80=$B$125,D131,IF($B$80=$B$138,D144,IF($B$80=$B$151,D157,IF($B$80=$B$164,D170,IF($B$80=$B$181,D187)))))))) -> 0.99949 | E87: =IF(IF($B$80=$B$99,E105,IF($B$80=$B$112,E118,IF($B$80=$B$125,E131,IF($B$80=$B$138,E144,IF($B$80=$B$151,E157,IF($B$80=$B$164,E170,IF($B$80=$B$181,E187)))))))="","",IF($B$80=$B$99,E105,IF($B$80=$B$112,E118,IF($B$80=$B$125,E131,IF($B$80=$B$138,E144,IF($B$80=$B$151,E157,IF($B$80=$B$164,E170,IF($B$80=$B$181,E187)))))))) -> 0.0003 | F87: =IF(IF($B$80=$B$99,F105,IF($B$80=$B$112,F118,IF($B$80=$B$125,F131,IF($B$80=$B$138,F144,IF($B$80=$B$151,F157,IF($B$80=$B$164,F170,IF($B$80=$B$181,F187)))))))="","",IF($B$80=$B$99,F105,IF($B$80=$B$112,F118,IF($B$80=$B$125,F131,IF($B$80=$B$138,F144,IF($B$80=$B$151,F157,IF($B$80=$B$164,F170,IF($B$80=$B$181,F187)))))))) -> 0.00049 | H87: =B87 -> 7 | I87: =IF(IF($B$80=$B$99,I105,IF($B$80=$B$112,I118,IF($B$80=$B$125,I131,IF($B$80=$B$138,I144,IF($B$80=$B$151,I157,IF($B$80=$B$164,I170,IF($B$80=$B$181,I187)))))))="","",IF($B$80=$B$99,I105,IF($B$80=$B$112,I118,IF($B$80=$B$125,I131,IF($B$80=$B$138,I144,IF($B$80=$B$151,I157,IF($B$80=$B$164,I170,IF($B$80=$B$181,I187)))))))) -> 9.8130192e-05 | J87: =IF(IF($B$80=$B$99,J105,IF($B$80=$B$112,J118,IF($B$80=$B$125,J131,IF($B$80=$B$138,J144,IF($B$80=$B$151,J157,IF($B$80=$B$164,J170,IF($B$80=$B$181,J187)))))))="","",IF($B$80=$B$99,J105,IF($B$80=$B$112,J118,IF($B$80=$B$125,J131,IF($B$80=$B$138,J144,IF($B$80=$B$151,J157,IF($B$80=$B$164,J170,IF($B$80=$B$181,J187)))))))) -> 1.7806928e-06 | M87: =IF(P87="","",P87-Q87) -> 0 | N87: =IF(P87="","",IF($D$24=$E$24,M87,CONVERSION!$E$25*M87)) -> 0 | O87: =IF(P87="","",ABS(N87)) -> 0 | P87: =IF($P$79=$R$79,R87,IF($P$79=$S$79,S87,IF($P$79=$T$79,T87,IF($P$79=$U$79,U87,IF($P$79=$V$79,V87,IF($P$79=$W$79,W87)))))) -> FALSE | Q87: =IF(Q$79=$R$79,R87,IF(Q$79=$S$79,S87,IF(Q$79=$T$79,T87,IF(Q$79=$U$79,U87,IF(Q$79=$V$79,V87,IF(Q$79=$W$79,W87)))))) -> FALSE | R87: =IF(IF($B$80=$B$99,R105,IF($B$80=$B$112,R118,IF($B$80=$B$125,R131,IF($B$80=$B$138,R144,IF($B$80=$B$151,R157,IF($B$80=$B$164,R170))))))="","",IF($B$80=$B$99,R105,IF($B$80=$B$112,R118,IF($B$80=$B$125,R131,IF($B$80=$B$138,R144,IF($B$80=$B$151,R157,IF($B$80=$B$164,R170))))))) -> FALSE | S87: =IF(IF($B$80=$B$99,S105,IF($B$80=$B$112,S118,IF($B$80=$B$125,S131,IF($B$80=$B$138,S144,IF($B$80=$B$151,S157,IF($B$80=$B$164,S170))))))="","",IF($B$80=$B$99,S105,IF($B$80=$B$112,S118,IF($B$80=$B$125,S131,IF($B$80=$B$138,S144,IF($B$80=$B$151,S157,IF($B$80=$B$164,S170))))))) -> FALSE | T87: =IF(IF($B$80=$B$99,T105,IF($B$80=$B$112,T118,IF($B$80=$B$125,T131,IF($B$80=$B$138,T144,IF($B$80=$B$151,T157,IF($B$80=$B$164,T170))))))="","",IF($B$80=$B$99,T105,IF($B$80=$B$112,T118,IF($B$80=$B$125,T131,IF($B$80=$B$138,T144,IF($B$80=$B$151,T157,IF($B$80=$B$164,T170))))))) -> FALSE | U87: =IF(IF($B$80=$B$99,U105,IF($B$80=$B$112,U118,IF($B$80=$B$125,U131,IF($B$80=$B$138,U144,IF($B$80=$B$151,U157,IF($B$80=$B$164,U170))))))="","",IF($B$80=$B$99,U105,IF($B$80=$B$112,U118,IF($B$80=$B$125,U131,IF($B$80=$B$138,U144,IF($B$80=$B$151,U157,IF($B$80=$B$164,U170))))))) -> FALSE | V87: =IF(IF($B$80=$B$99,V105,IF($B$80=$B$112,V118,IF($B$80=$B$125,V131,IF($B$80=$B$138,V144,IF($B$80=$B$151,V157,IF($B$80=$B$164,V170))))))="","",IF($B$80=$B$99,V105,IF($B$80=$B$112,V118,IF($B$80=$B$125,V131,IF($B$80=$B$138,V144,IF($B$80=$B$151,V157,IF($B$80=$B$164,V170))))))) -> FALSE | W87: =IF(IF($B$80=$B$99,W105,IF($B$80=$B$112,W118,IF($B$80=$B$125,W131,IF($B$80=$B$138,W144,IF($B$80=$B$151,W157,IF($B$80=$B$164,W170))))))="","",IF($B$80=$B$99,W105,IF($B$80=$B$112,W118,IF($B$80=$B$125,W131,IF($B$80=$B$138,W144,IF($B$80=$B$151,W157,IF($B$80=$B$164,W170))))))) -> FALSE | X87: =IF(IF($B$80=$B$99,X105,IF($B$80=$B$112,X118,IF($B$80=$B$125,X131,IF($B$80=$B$138,X144,IF($B$80=$B$151,X157,IF($B$80=$B$164,X170))))))="","",IF($B$80=$B$99,X105,IF($B$80=$B$112,X118,IF($B$80=$B$125,X131,IF($B$80=$B$138,X144,IF($B$80=$B$151,X157,IF($B$80=$B$164,X170))))))) -> FALSE | Y87: =IF(IF($B$80=$B$99,Y105,IF($B$80=$B$112,Y118,IF($B$80=$B$125,Y131,IF($B$80=$B$138,Y144,IF($B$80=$B$151,Y157,IF($B$80=$B$164,Y170))))))="","",IF($B$80=$B$99,Y105,IF($B$80=$B$112,Y118,IF($B$80=$B$125,Y131,IF($B$80=$B$138,Y144,IF($B$80=$B$151,Y157,IF($B$80=$B$164,Y170))))))) -> FALSE
B88: 8 | C88: =IF(IF($B$80=$B$99,C106, IF($B$80=$B$112,C119, IF($B$80=$B$125,C132, IF($B$80=$B$138,C145, IF($B$80=$B$151,C158, IF($B$80=$B$164,C171, IF($B$80=$B$181,C188 )))))))="","", IF($B$80=$B$99,C106, IF($B$80=$B$112,C119, IF($B$80=$B$125,C132, IF($B$80=$B$138,C145, IF($B$80=$B$151,C158, IF($B$80=$B$164,C171, IF($B$80=$B$181,C188 )))))))) -> 1.4994 | D88: =IF(IF($B$80=$B$99,D106,IF($B$80=$B$112,D119,IF($B$80=$B$125,D132,IF($B$80=$B$138,D145,IF($B$80=$B$151,D158,IF($B$80=$B$164,D171,IF($B$80=$B$181,D188)))))))="","",IF($B$80=$B$99,D106,IF($B$80=$B$112,D119,IF($B$80=$B$125,D132,IF($B$80=$B$138,D145,IF($B$80=$B$151,D158,IF($B$80=$B$164,D171,IF($B$80=$B$181,D188)))))))) -> 1.4993 | E88: =IF(IF($B$80=$B$99,E106,IF($B$80=$B$112,E119,IF($B$80=$B$125,E132,IF($B$80=$B$138,E145,IF($B$80=$B$151,E158,IF($B$80=$B$164,E171,IF($B$80=$B$181,E188)))))))="","",IF($B$80=$B$99,E106,IF($B$80=$B$112,E119,IF($B$80=$B$125,E132,IF($B$80=$B$138,E145,IF($B$80=$B$151,E158,IF($B$80=$B$164,E171,IF($B$80=$B$181,E188)))))))) -> 0.0001 | F88: =IF(IF($B$80=$B$99,F106,IF($B$80=$B$112,F119,IF($B$80=$B$125,F132,IF($B$80=$B$138,F145,IF($B$80=$B$151,F158,IF($B$80=$B$164,F171,IF($B$80=$B$181,F188)))))))="","",IF($B$80=$B$99,F106,IF($B$80=$B$112,F119,IF($B$80=$B$125,F132,IF($B$80=$B$138,F145,IF($B$80=$B$151,F158,IF($B$80=$B$164,F171,IF($B$80=$B$181,F188)))))))) -> 0.00049 | H88: =B88 -> 8 | I88: =IF(IF($B$80=$B$99,I106,IF($B$80=$B$112,I119,IF($B$80=$B$125,I132,IF($B$80=$B$138,I145,IF($B$80=$B$151,I158,IF($B$80=$B$164,I171,IF($B$80=$B$181,I188)))))))="","",IF($B$80=$B$99,I106,IF($B$80=$B$112,I119,IF($B$80=$B$125,I132,IF($B$80=$B$138,I145,IF($B$80=$B$151,I158,IF($B$80=$B$164,I171,IF($B$80=$B$181,I188)))))))) -> -3.5396759e-05 | J88: =IF(IF($B$80=$B$99,J106,IF($B$80=$B$112,J119,IF($B$80=$B$125,J132,IF($B$80=$B$138,J145,IF($B$80=$B$151,J158,IF($B$80=$B$164,J171,IF($B$80=$B$181,J188)))))))="","",IF($B$80=$B$99,J106,IF($B$80=$B$112,J119,IF($B$80=$B$125,J132,IF($B$80=$B$138,J145,IF($B$80=$B$151,J158,IF($B$80=$B$164,J171,IF($B$80=$B$181,J188)))))))) -> 5.0947983e-07 | M88: =IF(P88="","",P88-Q88) -> 0 | N88: =IF(P88="","",IF($D$24=$E$24,M88,CONVERSION!$E$25*M88)) -> 0 | O88: =IF(P88="","",ABS(N88)) -> 0 | P88: =IF($P$79=$R$79,R88,IF($P$79=$S$79,S88,IF($P$79=$T$79,T88,IF($P$79=$U$79,U88,IF($P$79=$V$79,V88,IF($P$79=$W$79,W88)))))) -> FALSE | Q88: =IF(Q$79=$R$79,R88,IF(Q$79=$S$79,S88,IF(Q$79=$T$79,T88,IF(Q$79=$U$79,U88,IF(Q$79=$V$79,V88,IF(Q$79=$W$79,W88)))))) -> FALSE | R88: =IF(IF($B$80=$B$99,R106,IF($B$80=$B$112,R119,IF($B$80=$B$125,R132,IF($B$80=$B$138,R145,IF($B$80=$B$151,R158,IF($B$80=$B$164,R171))))))="","",IF($B$80=$B$99,R106,IF($B$80=$B$112,R119,IF($B$80=$B$125,R132,IF($B$80=$B$138,R145,IF($B$80=$B$151,R158,IF($B$80=$B$164,R171))))))) -> FALSE | S88: =IF(IF($B$80=$B$99,S106,IF($B$80=$B$112,S119,IF($B$80=$B$125,S132,IF($B$80=$B$138,S145,IF($B$80=$B$151,S158,IF($B$80=$B$164,S171))))))="","",IF($B$80=$B$99,S106,IF($B$80=$B$112,S119,IF($B$80=$B$125,S132,IF($B$80=$B$138,S145,IF($B$80=$B$151,S158,IF($B$80=$B$164,S171))))))) -> FALSE | T88: =IF(IF($B$80=$B$99,T106,IF($B$80=$B$112,T119,IF($B$80=$B$125,T132,IF($B$80=$B$138,T145,IF($B$80=$B$151,T158,IF($B$80=$B$164,T171))))))="","",IF($B$80=$B$99,T106,IF($B$80=$B$112,T119,IF($B$80=$B$125,T132,IF($B$80=$B$138,T145,IF($B$80=$B$151,T158,IF($B$80=$B$164,T171))))))) -> FALSE | U88: =IF(IF($B$80=$B$99,U106,IF($B$80=$B$112,U119,IF($B$80=$B$125,U132,IF($B$80=$B$138,U145,IF($B$80=$B$151,U158,IF($B$80=$B$164,U171))))))="","",IF($B$80=$B$99,U106,IF($B$80=$B$112,U119,IF($B$80=$B$125,U132,IF($B$80=$B$138,U145,IF($B$80=$B$151,U158,IF($B$80=$B$164,U171))))))) -> FALSE | V88: =IF(IF($B$80=$B$99,V106,IF($B$80=$B$112,V119,IF($B$80=$B$125,V132,IF($B$80=$B$138,V145,IF($B$80=$B$151,V158,IF($B$80=$B$164,V171))))))="","",IF($B$80=$B$99,V106,IF($B$80=$B$112,V119,IF($B$80=$B$125,V132,IF($B$80=$B$138,V145,IF($B$80=$B$151,V158,IF($B$80=$B$164,V171))))))) -> FALSE | W88: =IF(IF($B$80=$B$99,W106,IF($B$80=$B$112,W119,IF($B$80=$B$125,W132,IF($B$80=$B$138,W145,IF($B$80=$B$151,W158,IF($B$80=$B$164,W171))))))="","",IF($B$80=$B$99,W106,IF($B$80=$B$112,W119,IF($B$80=$B$125,W132,IF($B$80=$B$138,W145,IF($B$80=$B$151,W158,IF($B$80=$B$164,W171))))))) -> FALSE | X88: =IF(IF($B$80=$B$99,X106,IF($B$80=$B$112,X119,IF($B$80=$B$125,X132,IF($B$80=$B$138,X145,IF($B$80=$B$151,X158,IF($B$80=$B$164,X171))))))="","",IF($B$80=$B$99,X106,IF($B$80=$B$112,X119,IF($B$80=$B$125,X132,IF($B$80=$B$138,X145,IF($B$80=$B$151,X158,IF($B$80=$B$164,X171))))))) -> FALSE | Y88: =IF(IF($B$80=$B$99,Y106,IF($B$80=$B$112,Y119,IF($B$80=$B$125,Y132,IF($B$80=$B$138,Y145,IF($B$80=$B$151,Y158,IF($B$80=$B$164,Y171))))))="","",IF($B$80=$B$99,Y106,IF($B$80=$B$112,Y119,IF($B$80=$B$125,Y132,IF($B$80=$B$138,Y145,IF($B$80=$B$151,Y158,IF($B$80=$B$164,Y171))))))) -> FALSE
B89: 9 | C89: =IF(IF($B$80=$B$99,C107, IF($B$80=$B$112,C120, IF($B$80=$B$125,C133, IF($B$80=$B$138,C146, IF($B$80=$B$151,C159, IF($B$80=$B$164,C172, IF($B$80=$B$181,C189 )))))))="","", IF($B$80=$B$99,C107, IF($B$80=$B$112,C120, IF($B$80=$B$125,C133, IF($B$80=$B$138,C146, IF($B$80=$B$151,C159, IF($B$80=$B$164,C172, IF($B$80=$B$181,C189 )))))))) -> 1.9992 | D89: =IF(IF($B$80=$B$99,D107,IF($B$80=$B$112,D120,IF($B$80=$B$125,D133,IF($B$80=$B$138,D146,IF($B$80=$B$151,D159,IF($B$80=$B$164,D172,IF($B$80=$B$181,D189)))))))="","",IF($B$80=$B$99,D107,IF($B$80=$B$112,D120,IF($B$80=$B$125,D133,IF($B$80=$B$138,D146,IF($B$80=$B$151,D159,IF($B$80=$B$164,D172,IF($B$80=$B$181,D189)))))))) -> 1.99913 | E89: =IF(IF($B$80=$B$99,E107,IF($B$80=$B$112,E120,IF($B$80=$B$125,E133,IF($B$80=$B$138,E146,IF($B$80=$B$151,E159,IF($B$80=$B$164,E172,IF($B$80=$B$181,E189)))))))="","",IF($B$80=$B$99,E107,IF($B$80=$B$112,E120,IF($B$80=$B$125,E133,IF($B$80=$B$138,E146,IF($B$80=$B$151,E159,IF($B$80=$B$164,E172,IF($B$80=$B$181,E189)))))))) -> 0 | F89: =IF(IF($B$80=$B$99,F107,IF($B$80=$B$112,F120,IF($B$80=$B$125,F133,IF($B$80=$B$138,F146,IF($B$80=$B$151,F159,IF($B$80=$B$164,F172,IF($B$80=$B$181,F189)))))))="","",IF($B$80=$B$99,F107,IF($B$80=$B$112,F120,IF($B$80=$B$125,F133,IF($B$80=$B$138,F146,IF($B$80=$B$151,F159,IF($B$80=$B$164,F172,IF($B$80=$B$181,F189)))))))) -> 0.0005 | H89: =B89 -> 9 | I89: =IF(IF($B$80=$B$99,I107,IF($B$80=$B$112,I120,IF($B$80=$B$125,I133,IF($B$80=$B$138,I146,IF($B$80=$B$151,I159,IF($B$80=$B$164,I172,IF($B$80=$B$181,I189)))))))="","",IF($B$80=$B$99,I107,IF($B$80=$B$112,I120,IF($B$80=$B$125,I133,IF($B$80=$B$138,I146,IF($B$80=$B$151,I159,IF($B$80=$B$164,I172,IF($B$80=$B$181,I189)))))))) -> -1.4028209e-05 | J89: =IF(IF($B$80=$B$99,J107,IF($B$80=$B$112,J120,IF($B$80=$B$125,J133,IF($B$80=$B$138,J146,IF($B$80=$B$151,J159,IF($B$80=$B$164,J172,IF($B$80=$B$181,J189)))))))="","",IF($B$80=$B$99,J107,IF($B$80=$B$112,J120,IF($B$80=$B$125,J133,IF($B$80=$B$138,J146,IF($B$80=$B$151,J159,IF($B$80=$B$164,J172,IF($B$80=$B$181,J189)))))))) -> -2.5463206e-07 | M89: =IF(P89="","",P89-Q89) -> 0 | N89: =IF(P89="","",IF($D$24=$E$24,M89,CONVERSION!$E$25*M89)) -> 0 | O89: =IF(P89="","",ABS(N89)) -> 0 | P89: =IF($P$79=$R$79,R89,IF($P$79=$S$79,S89,IF($P$79=$T$79,T89,IF($P$79=$U$79,U89,IF($P$79=$V$79,V89,IF($P$79=$W$79,W89)))))) -> FALSE | Q89: =IF(Q$79=$R$79,R89,IF(Q$79=$S$79,S89,IF(Q$79=$T$79,T89,IF(Q$79=$U$79,U89,IF(Q$79=$V$79,V89,IF(Q$79=$W$79,W89)))))) -> FALSE | R89: =IF(IF($B$80=$B$99,R107,IF($B$80=$B$112,R120,IF($B$80=$B$125,R133,IF($B$80=$B$138,R146,IF($B$80=$B$151,R159,IF($B$80=$B$164,R172))))))="","",IF($B$80=$B$99,R107,IF($B$80=$B$112,R120,IF($B$80=$B$125,R133,IF($B$80=$B$138,R146,IF($B$80=$B$151,R159,IF($B$80=$B$164,R172))))))) -> FALSE | S89: =IF(IF($B$80=$B$99,S107,IF($B$80=$B$112,S120,IF($B$80=$B$125,S133,IF($B$80=$B$138,S146,IF($B$80=$B$151,S159,IF($B$80=$B$164,S172))))))="","",IF($B$80=$B$99,S107,IF($B$80=$B$112,S120,IF($B$80=$B$125,S133,IF($B$80=$B$138,S146,IF($B$80=$B$151,S159,IF($B$80=$B$164,S172))))))) -> FALSE | T89: =IF(IF($B$80=$B$99,T107,IF($B$80=$B$112,T120,IF($B$80=$B$125,T133,IF($B$80=$B$138,T146,IF($B$80=$B$151,T159,IF($B$80=$B$164,T172))))))="","",IF($B$80=$B$99,T107,IF($B$80=$B$112,T120,IF($B$80=$B$125,T133,IF($B$80=$B$138,T146,IF($B$80=$B$151,T159,IF($B$80=$B$164,T172))))))) -> FALSE | U89: =IF(IF($B$80=$B$99,U107,IF($B$80=$B$112,U120,IF($B$80=$B$125,U133,IF($B$80=$B$138,U146,IF($B$80=$B$151,U159,IF($B$80=$B$164,U172))))))="","",IF($B$80=$B$99,U107,IF($B$80=$B$112,U120,IF($B$80=$B$125,U133,IF($B$80=$B$138,U146,IF($B$80=$B$151,U159,IF($B$80=$B$164,U172))))))) -> FALSE | V89: =IF(IF($B$80=$B$99,V107,IF($B$80=$B$112,V120,IF($B$80=$B$125,V133,IF($B$80=$B$138,V146,IF($B$80=$B$151,V159,IF($B$80=$B$164,V172))))))="","",IF($B$80=$B$99,V107,IF($B$80=$B$112,V120,IF($B$80=$B$125,V133,IF($B$80=$B$138,V146,IF($B$80=$B$151,V159,IF($B$80=$B$164,V172))))))) -> FALSE | W89: =IF(IF($B$80=$B$99,W107,IF($B$80=$B$112,W120,IF($B$80=$B$125,W133,IF($B$80=$B$138,W146,IF($B$80=$B$151,W159,IF($B$80=$B$164,W172))))))="","",IF($B$80=$B$99,W107,IF($B$80=$B$112,W120,IF($B$80=$B$125,W133,IF($B$80=$B$138,W146,IF($B$80=$B$151,W159,IF($B$80=$B$164,W172))))))) -> FALSE | X89: =IF(IF($B$80=$B$99,X107,IF($B$80=$B$112,X120,IF($B$80=$B$125,X133,IF($B$80=$B$138,X146,IF($B$80=$B$151,X159,IF($B$80=$B$164,X172))))))="","",IF($B$80=$B$99,X107,IF($B$80=$B$112,X120,IF($B$80=$B$125,X133,IF($B$80=$B$138,X146,IF($B$80=$B$151,X159,IF($B$80=$B$164,X172))))))) -> FALSE | Y89: =IF(IF($B$80=$B$99,Y107,IF($B$80=$B$112,Y120,IF($B$80=$B$125,Y133,IF($B$80=$B$138,Y146,IF($B$80=$B$151,Y159,IF($B$80=$B$164,Y172))))))="","",IF($B$80=$B$99,Y107,IF($B$80=$B$112,Y120,IF($B$80=$B$125,Y133,IF($B$80=$B$138,Y146,IF($B$80=$B$151,Y159,IF($B$80=$B$164,Y172))))))) -> FALSE
B90: 10 | C90: =IF(IF($B$80=$B$99,C108, IF($B$80=$B$112,C121, IF($B$80=$B$125,C134, IF($B$80=$B$138,C147, IF($B$80=$B$151,C160, IF($B$80=$B$164,C173, IF($B$80=$B$181,C190 )))))))="","", IF($B$80=$B$99,C108, IF($B$80=$B$112,C121, IF($B$80=$B$125,C134, IF($B$80=$B$138,C147, IF($B$80=$B$151,C160, IF($B$80=$B$164,C173, IF($B$80=$B$181,C190 )))))))) | D90: =IF(IF($B$80=$B$99,D108,IF($B$80=$B$112,D121,IF($B$80=$B$125,D134,IF($B$80=$B$138,D147,IF($B$80=$B$151,D160,IF($B$80=$B$164,D173,IF($B$80=$B$181,D190)))))))="","",IF($B$80=$B$99,D108,IF($B$80=$B$112,D121,IF($B$80=$B$125,D134,IF($B$80=$B$138,D147,IF($B$80=$B$151,D160,IF($B$80=$B$164,D173,IF($B$80=$B$181,D190)))))))) | E90: =IF(IF($B$80=$B$99,E108,IF($B$80=$B$112,E121,IF($B$80=$B$125,E134,IF($B$80=$B$138,E147,IF($B$80=$B$151,E160,IF($B$80=$B$164,E173,IF($B$80=$B$181,E190)))))))="","",IF($B$80=$B$99,E108,IF($B$80=$B$112,E121,IF($B$80=$B$125,E134,IF($B$80=$B$138,E147,IF($B$80=$B$151,E160,IF($B$80=$B$164,E173,IF($B$80=$B$181,E190)))))))) | F90: =IF(IF($B$80=$B$99,F108,IF($B$80=$B$112,F121,IF($B$80=$B$125,F134,IF($B$80=$B$138,F147,IF($B$80=$B$151,F160,IF($B$80=$B$164,F173,IF($B$80=$B$181,F190)))))))="","",IF($B$80=$B$99,F108,IF($B$80=$B$112,F121,IF($B$80=$B$125,F134,IF($B$80=$B$138,F147,IF($B$80=$B$151,F160,IF($B$80=$B$164,F173,IF($B$80=$B$181,F190)))))))) | H90: =B90 -> 10 | I90: =IF(IF($B$80=$B$99,I108,IF($B$80=$B$112,I121,IF($B$80=$B$125,I134,IF($B$80=$B$138,I147,IF($B$80=$B$151,I160,IF($B$80=$B$164,I173,IF($B$80=$B$181,I190)))))))="","",IF($B$80=$B$99,I108,IF($B$80=$B$112,I121,IF($B$80=$B$125,I134,IF($B$80=$B$138,I147,IF($B$80=$B$151,I160,IF($B$80=$B$164,I173,IF($B$80=$B$181,I190)))))))) | J90: =IF(IF($B$80=$B$99,J108,IF($B$80=$B$112,J121,IF($B$80=$B$125,J134,IF($B$80=$B$138,J147,IF($B$80=$B$151,J160,IF($B$80=$B$164,J173,IF($B$80=$B$181,J190)))))))="","",IF($B$80=$B$99,J108,IF($B$80=$B$112,J121,IF($B$80=$B$125,J134,IF($B$80=$B$138,J147,IF($B$80=$B$151,J160,IF($B$80=$B$164,J173,IF($B$80=$B$181,J190)))))))) | M90: =IF(P90="","",P90-Q90) -> 0 | N90: =IF(P90="","",IF($D$24=$E$24,M90,CONVERSION!$E$25*M90)) -> 0 | O90: =IF(P90="","",ABS(N90)) -> 0 | P90: =IF($P$79=$R$79,R90,IF($P$79=$S$79,S90,IF($P$79=$T$79,T90,IF($P$79=$U$79,U90,IF($P$79=$V$79,V90,IF($P$79=$W$79,W90)))))) -> FALSE | Q90: =IF(Q$79=$R$79,R90,IF(Q$79=$S$79,S90,IF(Q$79=$T$79,T90,IF(Q$79=$U$79,U90,IF(Q$79=$V$79,V90,IF(Q$79=$W$79,W90)))))) -> FALSE | R90: =IF(IF($B$80=$B$99,R108,IF($B$80=$B$112,R121,IF($B$80=$B$125,R134,IF($B$80=$B$138,R147,IF($B$80=$B$151,R160,IF($B$80=$B$164,R173))))))="","",IF($B$80=$B$99,R108,IF($B$80=$B$112,R121,IF($B$80=$B$125,R134,IF($B$80=$B$138,R147,IF($B$80=$B$151,R160,IF($B$80=$B$164,R173))))))) -> FALSE | S90: =IF(IF($B$80=$B$99,S108,IF($B$80=$B$112,S121,IF($B$80=$B$125,S134,IF($B$80=$B$138,S147,IF($B$80=$B$151,S160,IF($B$80=$B$164,S173))))))="","",IF($B$80=$B$99,S108,IF($B$80=$B$112,S121,IF($B$80=$B$125,S134,IF($B$80=$B$138,S147,IF($B$80=$B$151,S160,IF($B$80=$B$164,S173))))))) -> FALSE | T90: =IF(IF($B$80=$B$99,T108,IF($B$80=$B$112,T121,IF($B$80=$B$125,T134,IF($B$80=$B$138,T147,IF($B$80=$B$151,T160,IF($B$80=$B$164,T173))))))="","",IF($B$80=$B$99,T108,IF($B$80=$B$112,T121,IF($B$80=$B$125,T134,IF($B$80=$B$138,T147,IF($B$80=$B$151,T160,IF($B$80=$B$164,T173))))))) -> FALSE | U90: =IF(IF($B$80=$B$99,U108,IF($B$80=$B$112,U121,IF($B$80=$B$125,U134,IF($B$80=$B$138,U147,IF($B$80=$B$151,U160,IF($B$80=$B$164,U173))))))="","",IF($B$80=$B$99,U108,IF($B$80=$B$112,U121,IF($B$80=$B$125,U134,IF($B$80=$B$138,U147,IF($B$80=$B$151,U160,IF($B$80=$B$164,U173))))))) -> FALSE | V90: =IF(IF($B$80=$B$99,V108,IF($B$80=$B$112,V121,IF($B$80=$B$125,V134,IF($B$80=$B$138,V147,IF($B$80=$B$151,V160,IF($B$80=$B$164,V173))))))="","",IF($B$80=$B$99,V108,IF($B$80=$B$112,V121,IF($B$80=$B$125,V134,IF($B$80=$B$138,V147,IF($B$80=$B$151,V160,IF($B$80=$B$164,V173))))))) -> FALSE | W90: =IF(IF($B$80=$B$99,W108,IF($B$80=$B$112,W121,IF($B$80=$B$125,W134,IF($B$80=$B$138,W147,IF($B$80=$B$151,W160,IF($B$80=$B$164,W173))))))="","",IF($B$80=$B$99,W108,IF($B$80=$B$112,W121,IF($B$80=$B$125,W134,IF($B$80=$B$138,W147,IF($B$80=$B$151,W160,IF($B$80=$B$164,W173))))))) -> FALSE | X90: =IF(IF($B$80=$B$99,X108,IF($B$80=$B$112,X121,IF($B$80=$B$125,X134,IF($B$80=$B$138,X147,IF($B$80=$B$151,X160,IF($B$80=$B$164,X173))))))="","",IF($B$80=$B$99,X108,IF($B$80=$B$112,X121,IF($B$80=$B$125,X134,IF($B$80=$B$138,X147,IF($B$80=$B$151,X160,IF($B$80=$B$164,X173))))))) -> FALSE | Y90: =IF(IF($B$80=$B$99,Y108,IF($B$80=$B$112,Y121,IF($B$80=$B$125,Y134,IF($B$80=$B$138,Y147,IF($B$80=$B$151,Y160,IF($B$80=$B$164,Y173))))))="","",IF($B$80=$B$99,Y108,IF($B$80=$B$112,Y121,IF($B$80=$B$125,Y134,IF($B$80=$B$138,Y147,IF($B$80=$B$151,Y160,IF($B$80=$B$164,Y173))))))) -> FALSE
B91: 11 | C91: =IF(IF($B$80=$B$99,C109, IF($B$80=$B$112,C122, IF($B$80=$B$125,C135, IF($B$80=$B$138,C148, IF($B$80=$B$151,C161, IF($B$80=$B$164,C174, IF($B$80=$B$181,C191 )))))))="","", IF($B$80=$B$99,C109, IF($B$80=$B$112,C122, IF($B$80=$B$125,C135, IF($B$80=$B$138,C148, IF($B$80=$B$151,C161, IF($B$80=$B$164,C174, IF($B$80=$B$181,C191 )))))))) | D91: =IF(IF($B$80=$B$99,D109,IF($B$80=$B$112,D122,IF($B$80=$B$125,D135,IF($B$80=$B$138,D148,IF($B$80=$B$151,D161,IF($B$80=$B$164,D174,IF($B$80=$B$181,D191)))))))="","",IF($B$80=$B$99,D109,IF($B$80=$B$112,D122,IF($B$80=$B$125,D135,IF($B$80=$B$138,D148,IF($B$80=$B$151,D161,IF($B$80=$B$164,D174,IF($B$80=$B$181,D191)))))))) | E91: =IF(IF($B$80=$B$99,E109,IF($B$80=$B$112,E122,IF($B$80=$B$125,E135,IF($B$80=$B$138,E148,IF($B$80=$B$151,E161,IF($B$80=$B$164,E174,IF($B$80=$B$181,E191)))))))="","",IF($B$80=$B$99,E109,IF($B$80=$B$112,E122,IF($B$80=$B$125,E135,IF($B$80=$B$138,E148,IF($B$80=$B$151,E161,IF($B$80=$B$164,E174,IF($B$80=$B$181,E191)))))))) | F91: =IF(IF($B$80=$B$99,F109,IF($B$80=$B$112,F122,IF($B$80=$B$125,F135,IF($B$80=$B$138,F148,IF($B$80=$B$151,F161,IF($B$80=$B$164,F174,IF($B$80=$B$181,F191)))))))="","",IF($B$80=$B$99,F109,IF($B$80=$B$112,F122,IF($B$80=$B$125,F135,IF($B$80=$B$138,F148,IF($B$80=$B$151,F161,IF($B$80=$B$164,F174,IF($B$80=$B$181,F191)))))))) | H91: =B91 -> 11 | I91: =IF(IF($B$80=$B$99,I109,IF($B$80=$B$112,I122,IF($B$80=$B$125,I135,IF($B$80=$B$138,I148,IF($B$80=$B$151,I161,IF($B$80=$B$164,I174,IF($B$80=$B$181,I191)))))))="","",IF($B$80=$B$99,I109,IF($B$80=$B$112,I122,IF($B$80=$B$125,I135,IF($B$80=$B$138,I148,IF($B$80=$B$151,I161,IF($B$80=$B$164,I174,IF($B$80=$B$181,I191)))))))) | J91: =IF(IF($B$80=$B$99,J109,IF($B$80=$B$112,J122,IF($B$80=$B$125,J135,IF($B$80=$B$138,J148,IF($B$80=$B$151,J161,IF($B$80=$B$164,J174,IF($B$80=$B$181,J191)))))))="","",IF($B$80=$B$99,J109,IF($B$80=$B$112,J122,IF($B$80=$B$125,J135,IF($B$80=$B$138,J148,IF($B$80=$B$151,J161,IF($B$80=$B$164,J174,IF($B$80=$B$181,J191)))))))) | M91: =IF(P91="","",P91-Q91) -> 0 | N91: =IF(P91="","",IF($D$24=$E$24,M91,CONVERSION!$E$25*M91)) -> 0 | O91: =IF(P91="","",ABS(N91)) -> 0 | P91: =IF($P$79=$R$79,R91,IF($P$79=$S$79,S91,IF($P$79=$T$79,T91,IF($P$79=$U$79,U91,IF($P$79=$V$79,V91,IF($P$79=$W$79,W91)))))) -> FALSE | Q91: =IF(Q$79=$R$79,R91,IF(Q$79=$S$79,S91,IF(Q$79=$T$79,T91,IF(Q$79=$U$79,U91,IF(Q$79=$V$79,V91,IF(Q$79=$W$79,W91)))))) -> FALSE | R91: =IF(IF($B$80=$B$99,R109,IF($B$80=$B$112,R122,IF($B$80=$B$125,R135,IF($B$80=$B$138,R148,IF($B$80=$B$151,R161,IF($B$80=$B$164,R174))))))="","",IF($B$80=$B$99,R109,IF($B$80=$B$112,R122,IF($B$80=$B$125,R135,IF($B$80=$B$138,R148,IF($B$80=$B$151,R161,IF($B$80=$B$164,R174))))))) -> FALSE | S91: =IF(IF($B$80=$B$99,S109,IF($B$80=$B$112,S122,IF($B$80=$B$125,S135,IF($B$80=$B$138,S148,IF($B$80=$B$151,S161,IF($B$80=$B$164,S174))))))="","",IF($B$80=$B$99,S109,IF($B$80=$B$112,S122,IF($B$80=$B$125,S135,IF($B$80=$B$138,S148,IF($B$80=$B$151,S161,IF($B$80=$B$164,S174))))))) -> FALSE | T91: =IF(IF($B$80=$B$99,T109,IF($B$80=$B$112,T122,IF($B$80=$B$125,T135,IF($B$80=$B$138,T148,IF($B$80=$B$151,T161,IF($B$80=$B$164,T174))))))="","",IF($B$80=$B$99,T109,IF($B$80=$B$112,T122,IF($B$80=$B$125,T135,IF($B$80=$B$138,T148,IF($B$80=$B$151,T161,IF($B$80=$B$164,T174))))))) -> FALSE | U91: =IF(IF($B$80=$B$99,U109,IF($B$80=$B$112,U122,IF($B$80=$B$125,U135,IF($B$80=$B$138,U148,IF($B$80=$B$151,U161,IF($B$80=$B$164,U174))))))="","",IF($B$80=$B$99,U109,IF($B$80=$B$112,U122,IF($B$80=$B$125,U135,IF($B$80=$B$138,U148,IF($B$80=$B$151,U161,IF($B$80=$B$164,U174))))))) -> FALSE | V91: =IF(IF($B$80=$B$99,V109,IF($B$80=$B$112,V122,IF($B$80=$B$125,V135,IF($B$80=$B$138,V148,IF($B$80=$B$151,V161,IF($B$80=$B$164,V174))))))="","",IF($B$80=$B$99,V109,IF($B$80=$B$112,V122,IF($B$80=$B$125,V135,IF($B$80=$B$138,V148,IF($B$80=$B$151,V161,IF($B$80=$B$164,V174))))))) -> FALSE | W91: =IF(IF($B$80=$B$99,W109,IF($B$80=$B$112,W122,IF($B$80=$B$125,W135,IF($B$80=$B$138,W148,IF($B$80=$B$151,W161,IF($B$80=$B$164,W174))))))="","",IF($B$80=$B$99,W109,IF($B$80=$B$112,W122,IF($B$80=$B$125,W135,IF($B$80=$B$138,W148,IF($B$80=$B$151,W161,IF($B$80=$B$164,W174))))))) -> FALSE | X91: =IF(IF($B$80=$B$99,X109,IF($B$80=$B$112,X122,IF($B$80=$B$125,X135,IF($B$80=$B$138,X148,IF($B$80=$B$151,X161,IF($B$80=$B$164,X174))))))="","",IF($B$80=$B$99,X109,IF($B$80=$B$112,X122,IF($B$80=$B$125,X135,IF($B$80=$B$138,X148,IF($B$80=$B$151,X161,IF($B$80=$B$164,X174))))))) -> FALSE | Y91: =IF(IF($B$80=$B$99,Y109,IF($B$80=$B$112,Y122,IF($B$80=$B$125,Y135,IF($B$80=$B$138,Y148,IF($B$80=$B$151,Y161,IF($B$80=$B$164,Y174))))))="","",IF($B$80=$B$99,Y109,IF($B$80=$B$112,Y122,IF($B$80=$B$125,Y135,IF($B$80=$B$138,Y148,IF($B$80=$B$151,Y161,IF($B$80=$B$164,Y174))))))) -> FALSE
L92: Maxima | M92: =MAX(M81:M91) -> 0 | N92: =IF(MAX(N81:N91)=0,MIN(N81:N91),MAX(N81:N91)) -> 0 | O92: =MAX(ABS(N81),ABS(N82),ABS(N83),ABS(N84),ABS(N85),ABS(N86),ABS(N87),ABS(N88),ABS(N89),ABS(N90),ABS(N91)) -> 0
L93: aportante | M93: =M92/(2*SQRT(3)) -> 0 | N93: =IFERROR(N92/(2*SQRT(3)),0) -> 0
N94: =N92/(2*SQRT(3)) -> 0
N95: =IF(MAX(N81:N91)=0,MIN(N81:N91),MAX(N81:N91)) -> 0
S97: 9749_2023 | T97: 9749_2023 | U97: 12629_2025
B98: Cert FCal 12629 Vig 2025-04-24 | C98: INSTRUMENTO | D98: PATRON | E98: DESVIACION | F98: INCERTIDUMBRE | G98: psi | H98: =B98 -> Cert FCal 12629 Vig 2025-04-24 | I98: p(x) | J98: u (x) | R98: 2021 | S98: 2023 | T98: 2024 | U98: 2025 | V98: 2026 | W98: 2027 | X98: 2028 | Y98: 2029
B99: TEC-LAB-PI-01 | C99: 1e-300 | D99: 0 | E99: 0 | F99: 0.0058 | G99: 1 | H99: =B99 -> TEC-LAB-PI-01 | I99: -9.9675959e-301 | J99: 0.0058 | P99: =B99 -> TEC-LAB-PI-01 | R99: 0 | S99: 0 | T99: 0 | U99: 0 | V99: 0 | W99: 0 | X99: 0 | Y99: 0
C100: 24.998 | D100: 25 | E100: -0.002 | F100: 0.012 | G100: 2 | I100: 0.99675959 | J100: -0.0061876162 | R100: 0 | S100: 0.008 | U100: -0.002 | V100: 0 | W100: 0 | X100: 0 | Y100: 0
C101: 49.9951 | D101: 50 | E101: -0.0049 | F101: 0.0087 | G101: 3 | I101: 0.00033768923 | J101: 0.00071618218 | R101: -0.01 | S101: 0.005 | T101: 0.008 | U101: -0.0049 | V101: 0 | W101: 0 | X101: 0 | Y101: 0
C102: 74.9951 | D102: 75 | E102: -0.0049 | F102: 0.0093 | G102: 4 | I102: -1.3440799e-05 | J102: -3.1230307e-05 | R102: 0 | S102: 0 | T102: 0.005 | U102: -0.0049 | V102: 0 | W102: 0 | X102: 0 | Y102: 0
C103: 99.99 | D103: 100 | E103: -0.01 | F103: 0.014 | G103: 5 | I103: 2.8318163e-07 | J103: 7.0787733e-07 | R103: -0.02 | S103: -0.01 | U103: -0.01 | V103: 0 | W103: 0 | X103: 0 | Y103: 0
C104: 124.985 | D104: 125 | E104: -0.015 | F104: 0.011 | G104: 6 | I104: -3.5490966e-09 | J104: -9.4087261e-09 | R104: 0 | S104: -0.012 | T104: 0 | U104: -0.015 | V104: 0 | W104: 0 | X104: 0 | Y104: 0
C105: 149.978 | D105: 150 | E105: -0.022 | F105: 0.015 | G105: 7 | I105: 2.7797241e-11 | J105: 7.7231092e-11 | R105: -0.02 | S105: -0.015 | T105: -0.01 | U105: -0.022 | V105: 0 | W105: 0 | X105: 0 | Y105: 0
C106: 174.973 | D106: 175 | E106: -0.027 | F106: 0.014 | G106: 8 | I106: -1.3720075e-13 | J106: -3.9582691e-13 | R106: 0 | S106: -0.02 | T106: -0.02 | U106: -0.027 | V106: 0 | W106: 0 | X106: 0 | Y106: 0
C107: 224.97 | D107: 225 | E107: -0.03 | F107: 0.018 | G107: 9 | I107: 4.1399378e-16 | J107: 1.2315222e-15 | R107: -0.03 | S107: -0.037 | T107: -0.015 | U107: -0.03 | V107: 0 | W107: 0 | X107: 0 | Y107: 0
C108: 259.965 | D108: 260 | E108: -0.035 | F108: 0.02 | G108: 10 | I108: -6.9628417e-19 | J108: -2.1242309e-18 | T108: -0.02 | U108: -0.035
...

Sheet TOMA DE DATOS
A1: FORMATO CALIBRACION MEDIDORES DE PRESIÓN LC-FR-87 V5 | XFC1: ='[1]Informacion certificados'!$A2 -> Agenquimicos Ltda.
A2: CD412-25 | XFC2: ='[1]Informacion certificados'!$A3 -> Agropecuaria Gomez Cabal S.A.S.
XFC3: ='[1]Informacion certificados'!$A4 -> Agroavicola San Marino S.A.
A4: Revisado Coordinador de Calidad, 2025-02-22 - Aprobado Gerente General, 2025-02-24 | XFC4: ='[1]Informacion certificados'!$A5 -> Alfa Y Omega Instrumentación S.A.S
XFC5: Alimentos Del Valle S. A.
A6: Certificado de calibración No. | F6: TP046-26 | K6: Hora inicio de calibración: | P6: 0.34027778 | XFC6: Ambiocom S.A.S.
A7: Fecha de recepción: | F7: 46136 | K7: Hora final de la calibración: | XFC7: Amed Asesorías A La Medida De Su Empresa S.A.S
A8: Fecha de calibración: | F8: 46136 | XFC8: Ángel Diagnostica S.A
XFC9: Arpack S.A.S
A10: Información del cliente | XFC10: Artilab S.A.
A11: Cliente: | C11: VALLECILLA B Y VALLECILLA M Y CIA S.C.A CARVAL DE COLOMBIA | I11: Dirección: | K11: Calle 15 No 32 - 450 km 2 | P11: Ciudad: | R11: Yumbo, Valle del Cauca | XFC11: Asoclinic Limitada
P12: País | R12: Colombia | XFC12: Automatizamos Ingeniería S.A.S.
A13: Información del instrumento | XFC13: Avantika Colombia S.A.S
A14: Equipo: | C14: Manómetro de presión diferencial | H14: Fabricante: | K14: DWYER | N14: Modelo: | Q14: MAGNEHELIC | XFC14: Avícola Pollo Listo S.A.S
A15: No. serie: | C15: N.I | H15: Código: | K15: CVSAC001-Q642 | N15: Ubicación: | P15: Laboratorio de microbiología / Exclusa de siembra 2 | XFC15: AVIDESA DE OCCIDENTE SA
A16: Sitio de calibración: | E16: Laboratorio de presión de Tecservice s.a.s. | XFC16: B Altman & Compañía S.A.S
XFC17: B ALTMAN & COMPAÑIA SAS
A18: Características metrológicas del instrumento | XFC18: Balanceados SA
A19: Magnitud: | D19: Presión. | XFC19: Basalex S.A.S.
A20: Intervalo de medición: | D20: 0 | F20: InH2O | G20: Hasta | I20: 0.25 | K20: =F20 -> InH2O | L20: Indicación | O20: Analógica | XFC20: Basculas Y Servicios Electrónicos De Pesaje Limitada
A21: Intervalo de calibración: | D21: 0 | F21: =F20 -> InH2O | G21: Hasta | I21: 0.25 | K21: =F20 -> InH2O | L21: Clase de Fabricante | O21: 4 | XFC21: Basculas Y Suministros S.A.S
A22: =IF(O20=E128,"División de escala:",IF(O20=E127,"Resolución:","División de escala/Resolución:")) -> División de escala: | D22: 0.005 | F22: =IF(ISBLANK(F21),"N.A.",F21) -> InH2O | G22: =IF(O20="Digital","N.A.","Apreciacion:") -> Apreciacion: | I22: 0.0025 | K22: =F20 -> InH2O | L22: Clase calculada | O22: =ROUNDUP((('Tabla de resultados'!AM102)/(ABS(D20)+ABS(I20))*100),1) -> 1.8 | XFC22: Belleza Express S.A.
F23: Posición de Montaje | J23: Horizontal | L23: Secuencia | O23: C | XFC23: Bionutrect S.A.S.
A24: Limite Superior | D24: =IF(ISBLANK(O21),((ABS(D20)+ABS(I20))*O22)/100,(O21*((ABS(D20)+ABS(I20)))/100)) -> 0.01 | F24: Limite Inferior | I24: =IF(ISBLANK(O21),((ABS(D20)+ABS(I20))*O22)/-100,(O21*((ABS(D20)+ABS(I20)))/-100)) -> -0.01 | K24: Numero de puntos sin punto cero | P24: =IF(O23="A",9,IF(O23="B",9,5)) -> 5 | XFC24: Biotec Laboratorio S.A.S
XFC25: Bpc Services S.A.S
A26: Evaluación visual de las características de funcionamiento instrumento | XFC26: Byspro S.A.S
A27: Características a evaluar: | J27: Cumple | M27: Observaciones | XFC27: C.I Seasif Pacific S.A.S.
J28: Si | K28: No | L28: N.A | XFC28: Caad Instrumentación Control Y Metrología S.A.S
A29: La escala es legible | J29: X | XFC29: Campofert S.A.S.
A30: Sellos en buen estado | J30: X | XFC30: Campolab S.A.S.
A31: las agujas se encuentran en buen estado | J31: X | XFC31: Carlos Sarmiento L. & Cía.. Ingenio Sancarlos S.A.
A32: Información del instrumento completa | J32: X | XFC32: Cartón De Colombia S.A
A33: El display esta en buenas condiciones | J33: X | XFC33: Cartonera Nacional S.A.
A34: El instrumento presenta contaminación o suciedad | K34: X | XFC34: Carvajal Pulpa Y Papel S.A
A35: El equipo retorna a cero | J35: X | XFC35: Carval De Colombia
A36: Entrada de presión libre | J36: X | XFC36: Carval De Colombia.
A37: Funciones eléctricas en buen estado | L37: X | XFC37: Carval De Colombia
A38: Presenta variación | K38: X | XFC38: Casita De Belén
XFC39: CENEGRALS.A.S.
F40: Trazabilidad | XFC40: Centro De Investigación Científica Caucaseco Limitada
F41: Código | J41: Descripción | P41: Marca | R41: Certificado | S41: Vigencia | T41: Intervalo | XFC41: Ci Laboratorios Improfarme S.A.S
F42: TEC-LAB-PDI-01 | J42: =VLOOKUP(F42,TRAZABILIDAD!A3:F9,2,FALSE) -> Manometro de presión Diferencial | P42: =VLOOKUP(F42,TRAZABILIDAD!$A$3:$E$9,3,0) -> Additel | R42: =VLOOKUP(F42,TRAZABILIDAD!$A$3:$E$9,4,0) -> N25121723 | S42: =VLOOKUP(F42,TRAZABILIDAD!A3:$F$11,6,FALSE) -> 46373 | T42: =VLOOKUP(F42,TRAZABILIDAD!A3:$G$11,7,FALSE) -> -2 In H2O a 2 In H2O | V42: =TODAY() -> 46136 | XFC42: Clorox De Colombia S.A
J43: =VLOOKUP(F43,TRAZABILIDAD!A3:F9,2,FALSE) -> #N/A | P43: =VLOOKUP(F43,TRAZABILIDAD!$A$3:$E$9,3,0) -> #N/A | R43: =VLOOKUP(F43,TRAZABILIDAD!$A$3:$E$9,4,0) -> #N/A | S43: =VLOOKUP(F43,TRAZABILIDAD!A3:$F$11,6,FALSE) -> #N/A | T43: =VLOOKUP(F43,TRAZABILIDAD!A3:$G$11,7,FALSE) -> #N/A | XFC43: Colgate Palmolive Compañía
J44: =VLOOKUP(F44,TRAZABILIDAD!A3:F9,2,FALSE) -> #N/A | P44: =VLOOKUP(F44,TRAZABILIDAD!$A$3:$E$9,3,0) -> #N/A | R44: =VLOOKUP(F44,TRAZABILIDAD!$A$3:$E$9,4,0) -> #N/A | S44: =VLOOKUP(F44,TRAZABILIDAD!A3:$F$11,6,FALSE) -> #N/A | T44: =VLOOKUP(F44,TRAZABILIDAD!A3:$G$11,7,FALSE) -> #N/A | XFC44: Colombia Industrial & Automotriz S.A.S
XFC45: Colombiana De Bebidas Y Envasados S.A
F46: Condiciones ambientales | XFC46: Colombina Del Cauca S.A.
F47: Rango de condiciones ambientales 18° C hasta 45°C | XFC47: Comercializadora A.N. Jell S.A.S.
J48: Inicial | M48: Final | XFC48: Comercializadora El Peluquero S.A.S
F49: Temperatura [°C] | J49: 25.1 | XFC49: Comercializadora Santander S.A.S
F50: Humedad [% HR] | J50: 65 | XFC50: Comestibles Aldor S.A.S
F51: presión Atmosférica | J51: 908 | XFC51: Commercial Soluttions & Logistics S.A.S
XFC52: COMPAÑÍA INTEGRAL S.A.
XFC53: Compañía Minera E & J S.A.S
XFC54: Compass Group Services Colombia S.A.
XFC55: Compraventa Coffee Gold
XFC56: Continental de Ingredientes SAS
XFC57: Control E Instrumentación Industrial De Colombia S.A.S
XFC58: Corporación Autónoma Regional Del Valle Del Cauca
XFC59: Cristar S.A.S
XFC60: Destilería Riopaila S.A.S
XFC61: Disproquin S.A.S
E62: Precarga | XFC62: Ecoquimica S.A.S
E63: Numero de precargas | H63: Tiempo (s) | L63: Valor de precarga | XFC63: Eka Corporación S.A.
E64: 1 | H64: 30 | L64: =I20 -> 0.25 | XFC64: El Molino Eduardo Molinari Palacin & Cía. S En C
E65: 2 | H65: 30 | L65: =L64 -> 0.25 | XFC65: Empresa De Acueducto Y Alcantarillado De Pereira S.A. Esp
E66: 3 | H66: 30 | L66: =L64 -> 0.25 | XFC66: Empresa Oficial De Servicios Públicos De Yumbo S.A. Esp
XFC67: Equipos De Pesaje Leal S.A.S
A68: Valor indicación | F68: =IF(A68=Q137,Q138,Q137) -> Patrón Estándar | XFC68: ESP La virginia Risaralda SAS
XFC69: Fabrifarma S.A.
F70: Secuencia A | XFC70: Familia Del Pacifico S.A.S
F71: Secuencia B | XFC71: Farmacia Droguería San Jorge Ltda.
F72: Secuencia C | XFC72: Farmalogica S A
XFC73: Fiscalía General De La Nación Seccional Cali
F74: M1 | G74: M2 | H74: M3 | I74: M4 | XFC74: Fleischmann Foods S.A.
A75: =IF(A68="Valor indicación","indicaciones de IBC","Indicaciones de Patron") -> indicaciones de IBC | E75: =IF(A68="Valor indicación","indicaciones de Patron","Indicaciones de IBC") -> indicaciones de Patron | O75: Segunda medida con sujeción( con torque) | XFC75: Friomix Del Cauca S.A.S
A76: Puntos | C76: =CONCATENATE("Puntos a calibrar e indicación Instrumento en", " [",F20,"]") -> Puntos a calibrar e indicación Instrumento en [InH2O] | E76: Ascendente M1 | G76: Descendente M2 | I76: Tiempo de espera | K76: Ascendente M1 | M76: Descendente M2 | O76: Carga al valor máximo | Q76: Ascendente M1 | S76: Descendente M2 | XFC76: Fundación Liga Colombiana Contra La Epilepsia Capitulo Valle
XFC77: Fundación Los Caleñitos "Gladys Candelo"
A78: 1 | C78: 0 | E78: 0.0067 | G78: 0.0045 | I78: 30 s | O78: =L21 -> Clase de Fabricante | XFC78: Fundación Santa Luisa De Marillac
A79: 2 | C79: 0.05 | E79: 0.0518 | G79: 0.0498 | I79: 30 s | XFC79: Fundiciones Universo S.A.S.
A80: 3 | C80: 0.1 | E80: 0.0964 | G80: 0.0956 | I80: 30 s | XFC80: Postobon S.A.
A81: 4 | C81: 0.15 | E81: 0.1505 | G81: 0.1473 | I81: 30 s | XFC81: Global Products Manufacture Services S.A.S
A82: 5 | C82: 0.2 | E82: 0.2021 | G82: 0.1973 | I82: 30 s | XFC82: Global Surfachem S.A.S.
A83: 6 | C83: 0.25 | E83: 0.2513 | G83: 0.2505 | I83: 30 s | XFC83: Golosinas Trululu S.A.
A84: 7 | I84: 30 s | XFC84: Granos Y Proteínas S.A.S.
A85: 8 | I85: 30 s | XFC85: Grow Chemical Group S.A
A86: 9 | I86: 30 s | XFC86: H&B Laboratorios S.A.S
A87: 10 | I87: 30 s | XFC87: Hada International S.A
XFC88: Hada S.A
XFC89: Hidroambiental Ltda.
A90: Valores en unidad de calibración del patrón | O90: Segunda medida con sujeción( con torque) | XFC90: Hospital Carlos Holmes Trujillo
A91: Puntos | C91: =CONCATENATE("Puntos a calibrar e indicación Instrumento en", " [",I33,"]") -> Puntos a calibrar e indicación Instrumento en [] | E91: Ascendente M1 | G91: Descendente M2 | I91: Tiempo de espera | K91: Ascendente M1 | M91: Descendente M2 | O91: Carga al valor máximo | Q91: Ascendente M1 | S91: Descendente M2 | XFC91: Impadoc S.A.
XFC92: Inbascol De Occidente S.A.S
A93: 1 | C93: =C78/$G$105 -> 0 | E93: =E78/$G$105 -> 0.0002420529 | G93: =G78/$G$105 -> 0.00016257284 | I93: 30 s | K93: =K78/$G$105 -> 0 | M93: =M78/$G$105 -> 0 | O93: =L21 -> Clase de Fabricante | XFC93: Indugraficas S.A.S.
A94: 2 | C94: =C79/$G$105 -> 0.0018063649 | E94: =E79/$G$105 -> 0.001871394 | G94: =G79/$G$105 -> 0.0017991394 | I94: 30 s | K94: =K79/$G$105 -> 0 | M94: =M79/$G$105 -> 0 | XFC94: Indusquim S.A.S
A95: 3 | C95: =C80/$G$105 -> 0.0036127298 | E95: =E80/$G$105 -> 0.0034826715 | G95: =G80/$G$105 -> 0.0034537697 | I95: 30 s | K95: =K80/$G$105 -> 0 | M95: =M80/$G$105 -> 0 | XFC95: Industria Colombiana De Logística Y Transporte S.A.S
A96: 4 | C96: =C81/$G$105 -> 0.0054190947 | E96: =E81/$G$105 -> 0.0054371584 | G96: =G81/$G$105 -> 0.005321551 | I96: 30 s | K96: =K81/$G$105 -> 0 | M96: =M81/$G$105 -> 0 | XFC96: Industria de Alimentos Santa Rita SAS
A97: 5 | C97: =C82/$G$105 -> 0.0072254596 | E97: =E82/$G$105 -> 0.007301327 | G97: =G82/$G$105 -> 0.0071279159 | I97: 30 s | K97: =K82/$G$105 -> 0 | M97: =M82/$G$105 -> 0 | XFC97: Industria De Harinas Tuluá S.A.S
A98: 6 | C98: =C83/$G$105 -> 0.0090318245 | E98: =E83/$G$105 -> 0.00907879 | G98: =G83/$G$105 -> 0.0090498882 | I98: 30 s | K98: =K83/$G$105 -> 0 | M98: =M83/$G$105 -> 0 | XFC98: Industria De Licores Del Valle
A99: 7 | C99: =C84/$G$105 -> 0 | E99: =E84/$G$105 -> 0 | G99: =G84/$G$105 -> 0 | I99: 30 s | K99: =K84/$G$105 -> 0 | M99: =M84/$G$105 -> 0 | XFC99: Industria Grafica Latinoamérica S.A.S.
A100: 8 | C100: =C85/$G$105 -> 0 | E100: =E85/$G$105 -> 0 | G100: =G85/$G$105 -> 0 | I100: 30 s | K100: =K85/$G$105 -> 0 | M100: =M85/$G$105 -> 0 | XFC100: Industria Molinera De Caldas S.A.
...

Sheet Tabla de resultados
A1: CERTIFICADOS CALIBRACION MEDIDORES DE PRESIÓN LC-FR-87 V5
A2: CD412-25
A4: Revisado Coordinador de Calidad, 2025-02-22 - Aprobado Gerente General, 2025-02-24
A5: CERTIFICADO DE CALIBRACIÓN
A6: Certificate of calibración
R9: CERTIFICADO No: | V9: ='TOMA DE DATOS'!F6 -> TP046-26
R10: Certificate number
A13: Magnitud | E13: Presión | O13: Instrumento:* | R13: ='TOMA DE DATOS'!C14 -> Manómetro de presión diferencial
A15: Solicitante: | E15: ='TOMA DE DATOS'!C11 -> VALLECILLA B Y VALLECILLA M Y CIA S.C.A CARVAL DE COLOMBIA | O15: Fabricante:* | R15: ='TOMA DE DATOS'!K14 -> DWYER
A17: Dirección: | E17: =IF('TOMA DE DATOS'!K11="","",CONCATENATE('TOMA DE DATOS'!K11," ",'TOMA DE DATOS'!R11," - ",'TOMA DE DATOS'!R12)) -> Calle 15 No 32 - 450 km 2 Yumbo, Valle del Cauca - Colombia | O17: Modelo:* | R17: ='TOMA DE DATOS'!Q14 -> MAGNEHELIC
A19: Fecha de recepción: | E19: ='TOMA DE DATOS'!F7 -> 46136 | O19: Identificación:* | R19: ='TOMA DE DATOS'!K15 -> CVSAC001-Q642
A21: Fecha de calibración: | E21: ='TOMA DE DATOS'!F8 -> 46136 | O21: Número de serie:* | S21: ='TOMA DE DATOS'!C15 -> N.I
A23: Número de páginas del certificado : | H23: Dos (2) | O23: Ubicación:* | Q23: ='TOMA DE DATOS'!P15 -> Laboratorio de microbiología / Exclusa de siembra 2
A26: Características Metrológicas del Instrumento de medición
A28: Presión
A29: Intervalo de medición: | E29: =CONCATENATE('TOMA DE DATOS'!D20) -> 0 | G29: ='TOMA DE DATOS'!F20 -> InH2O | H29: Hasta | J29: =CONCATENATE('TOMA DE DATOS'!I20) -> 0,25 | L29: =G29 -> InH2O | Q29: Tipo de indicación: | U29: ='TOMA DE DATOS'!O20 -> Analógica
A30: Intervalo calibrado: | E30: =CONCATENATE('TOMA DE DATOS'!D21) -> 0 | G30: =G29 -> InH2O | H30: Hasta | J30: =CONCATENATE('TOMA DE DATOS'!I21) -> 0,25 | L30: =L29 -> InH2O | Q30: Secuencia Utilizada: | U30: ='TOMA DE DATOS'!O23 -> C
A31: ='TOMA DE DATOS'!A22 -> División de escala: | E31: =CONCATENATE('TOMA DE DATOS'!D22) -> 0,005 | G31: =G30 -> InH2O | Q31: Posición de Montaje: | U31: ='TOMA DE DATOS'!J23 -> Horizontal
A32: Resolución: | E32: ='TOMA DE DATOS'!I22 -> 0.0025 | G32: =G31 -> InH2O
A33: Clase del Fabricante: | E33: =IF('TOMA DE DATOS'!O21="","N.I.",'TOMA DE DATOS'!O21) -> 4 | G33: =IF('TOMA DE DATOS'!O21="","","%") -> % | H33: Clase Calculada: | L33: =IF('TOMA DE DATOS'!O21="",CONCATENATE('TOMA DE DATOS'!O22),"N.A.") -> N.A. | N33: =IF('TOMA DE DATOS'!O21="","%","")
A34: Limite Superior: | D34: =CONCATENATE('TOMA DE DATOS'!D24) -> 0,01 | F34: =IF(D34="","",G29) -> InH2O | H34: Limite Inferior: | L34: =CONCATENATE('TOMA DE DATOS'!I24) -> -0,01 | N34: =IF(L34="","",G29) -> InH2O
A37: Este certificado expresa fielmente el resultado de las mediciones realizadas. No podrá ser reproducido parcialmente.
A38: Este certificado es emitido de acuerdo con los requerimientos de la norma NTC- ISO/IEC 17025:2017 (Requisitos generales para la competencia de los laboratorios de ensayo y calibración). El usuario es responsable de la calibración de sus instrumentos a intervalos apropiados.
A40: Resultado evaluación física:
A41: El instrumento a calibrar fue inspeccionado detalladamente para determinar su estado y condición física determinando que puede ser calibrado
A43: Método de calibración utilizado:
A44: Método de comparación directa, el cual consiste en comparar la indicación del instrumento versus las sustancias y/o equipos de referencia.
A47: Procedimiento de calibración:
A48: Procedimiento LC-PR-36 para calibración de equipos medidores de presión, vacío, presión diferencial.
A52: Lugar de calibración:
A53: La calibración se realizó en las instalaciones de | J53: ='TOMA DE DATOS'!E16 -> Laboratorio de presión de Tecservice s.a.s.
A55: Descripción de la trazabilidad
A56: Esta calibración es trazable al Sistema Internacional de Unidades (SI), a través de una cadena ininterrumpida de comparaciones, cada eslabón de la cadena está documentado y la incertidumbre de medición ha sido estimada en cada paso.
C58: Código | G58: Descripción | M58: Marca | Q58: Certificado No. | U58: Fecha Prox Calibración
C59: ='TOMA DE DATOS'!F42 -> TEC-LAB-PDI-01 | G59: =VLOOKUP(C59,TRAZABILIDAD!$A$3:$E$12,2,0) -> Manometro de presión Diferencial | M59: =VLOOKUP(C59,TRAZABILIDAD!$A$3:$E$9,3,0) -> Additel | Q59: =VLOOKUP(C59,TRAZABILIDAD!$A$3:$E$9,4,0) -> N25121723 | U59: =VLOOKUP(C59,TRAZABILIDAD!$A$3:$F$9,6,0) -> 46373
C60: =IF(ISBLANK('TOMA DE DATOS'!F43),"",'TOMA DE DATOS'!F43) | G60: =IF(ISBLANK('TOMA DE DATOS'!F43),"",VLOOKUP(C60,TRAZABILIDAD!$A$3:$E$12,2,0)) | M60: =IF(ISBLANK('TOMA DE DATOS'!F43),"",VLOOKUP(C60,TRAZABILIDAD!$A$3:$E$12,3,0)) | Q60: =IF(ISBLANK('TOMA DE DATOS'!F43),"",VLOOKUP(C60,TRAZABILIDAD!$A$3:$E$12,4,0)) | U60: =IF(ISBLANK('TOMA DE DATOS'!F43),"",VLOOKUP(C60,TRAZABILIDAD!$A$3:$F$12,6,0))
C61: =IF(ISBLANK('TOMA DE DATOS'!F44),"",'TOMA DE DATOS'!F44) | G61: =IF(ISBLANK('TOMA DE DATOS'!F44),"",VLOOKUP(C61,TRAZABILIDAD!$A$3:$E$12,2,0)) | M61: =IF(ISBLANK('TOMA DE DATOS'!F44),"",VLOOKUP(C61,TRAZABILIDAD!$A$3:$E$12,3,0)) | Q61: =IF(ISBLANK('TOMA DE DATOS'!F44),"",VLOOKUP(C61,TRAZABILIDAD!$A$3:$E$12,4,0)) | U61: =IF(ISBLANK('TOMA DE DATOS'!F44),"",VLOOKUP(C61,TRAZABILIDAD!$A$3:$F$12,6,0))
A65: FIRMAS AUTORIZADAS
E67: =IF(U59<TODAY(),"No Se Puede Emitir Certificado, Revisar Equipo Patron") -> FALSE
A70: ='TOMA DE DATOS'!K116 -> Diego Vera
A71: Firmado Digitalmente. | R71: =IF(R72<E21,"OJO REVISAR FECHA","") -> OJO REVISAR FECHA
A72: ='TOMA DE DATOS'!K117 -> Director Técnico
A73: Aprobado por: | R73: Fecha de emisión: | X73: Página 1 de 2
X74: LC-FR-87-V5
A75: CERTIFICADO DE CALIBRACIÓN
A76: Certificate of calibration
R77: =R9 -> CERTIFICADO No: | V77: =V9 -> TP046-26
R78: =R10 -> Certificate number
A82: Condiciones ambientales durante la calibración
A84: Temperatura del aire: | E84: Inicial | G84: ='TOMA DE DATOS'!J49 -> 25.1 | I84: °C | J84: Final | L84: ='TOMA DE DATOS'!M49 -> 0 | N84: °C
A85: Humedad Relativa: | E85: Inicial | G85: ='TOMA DE DATOS'!J50 -> 65 | I85: % hr | J85: Final | L85: ='TOMA DE DATOS'!M50 -> 0 | N85: =I85 -> % hr
A86: Presión atmosférica | E86: Inicial | G86: ='TOMA DE DATOS'!J51 -> 908 | I86: mbar | J86: Final | L86: ='TOMA DE DATOS'!M51 -> 0 | N86: mbar
AF88: Convertir mediciones a otra unidad
A89: =CONCATENATE("Pruebas según la secuencia "& 'TOMA DE DATOS'!O23) -> Pruebas según la secuencia C
A90: =CONCATENATE('TOMA DE DATOS'!A68," [",G29,"]") -> Valor indicación [InH2O] | E90: =CONCATENATE('TOMA DE DATOS'!F68," [",G29,"]") -> Patrón Estándar [InH2O] | J90: =CONCATENATE("Desviación "," [",G29,"]") -> Desviación [InH2O] | O90: =CONCATENATE("Histéresis"," [",G31,"]" ) -> Histéresis [InH2O] | S90: =CONCATENATE("Margen de Variación"," [",G29,"]") -> Margen de Variación [InH2O] | V90: =CONCATENATE("± Incertidumbre expandida ","[",G29,"]") -> ± Incertidumbre expandida [InH2O] | Y90: Factor de Cobertura k | AA90: Cifras Significativas | AB90: Cifras Decimales | AD90: LCS | AE90: LCI | AF90: =A90 -> Valor indicación [InH2O] | AG90: =E90 -> Patrón Estándar [InH2O] | AH90: =J90 -> Desviación [InH2O] | AI90: =Y90 -> Factor de Cobertura k | AJ90: =V90 -> ± Incertidumbre expandida [InH2O] | AK90: =S90 -> Margen de Variación [InH2O]
AD91: ='TOMA DE DATOS'!D24 -> 0.01 | AE91: =AD91*-1 -> -0.01 | AF91: =AK104 -> Pa | AG91: =$AF$91 -> Pa | AH91: =$AF$91 -> Pa | AI91: k | AJ91: =$AF$91 -> Pa | AK91: =$AF$91 -> Pa | AL91: incertidumbre | AM91: desviación | AN91: =A90 -> Valor indicación [InH2O]
A92: =IF('TOMA DE DATOS'!C78="","",('CALCULO DE INCERTIDUMBRES'!C9)) -> 0 | E92: =IF(A92="","",'CALCULO DE INCERTIDUMBRES'!F13) -> 0.0043906123 | J92: =IF(A92="","",FIXED(ROUND(AM92,AA92),AA92)) -> 0,00 | O92: =IF(A92="","",'CALCULO DE INCERTIDUMBRES'!S29) -> -0.0022 | S92: =IF(A92="","",ABS(AM92)+AL92) -> 0.0078581966 | V92: =IF(A92="","",FIXED(ROUND(AL92,AA92),AA92)) -> 0,00 | Y92: =IF(A92="","",'CALCULO DE INCERTIDUMBRES'!E26) -> 1.959964 | AA92: 2 | AB92: 2 | AD92: =$AD$91 -> 0.01 | AE92: =$AE$91 -> -0.01 | AF92: =A92*$AH$105 -> 0 | AG92: =E92*$AH$105 -> 1.7626684e-05 | AH92: =AM92*$AH$105 -> -1.7626684e-05 | AI92: =Y92 -> 1.959964 | AJ92: =AL92*$AH$105 -> 1.3921068e-05 | AK92: =S92*$AH$105 -> 3.1547752e-05 | AL92: ='CALCULO DE INCERTIDUMBRES'!E27 -> 0.0034675842 | AM92: ='CALCULO DE INCERTIDUMBRES'!D14 -> -0.0043906123 | AN92: =IF(A92="", NA(), A92) -> 0 | AP92: =FIXED('CALCULO DE INCERTIDUMBRES'!E27,AA92) -> 0,00 | AQ92: =ROUND('CALCULO DE INCERTIDUMBRES'!E27,AA92) -> 0
A93: =IF('TOMA DE DATOS'!C79="","",('CALCULO DE INCERTIDUMBRES'!C40)) -> 0.05 | E93: =IF(A92="","",'CALCULO DE INCERTIDUMBRES'!F44) -> 0.050697241 | J93: =IF(A92="","",FIXED(ROUND(AM93,AA93),AA93)) -> 0,00 | O93: =IF(A92="","",'CALCULO DE INCERTIDUMBRES'!S60) -> -0.002 | S93: =IF(A93="","",ABS(AM93)+AL93) -> 0.0041258177 | V93: =IF(A92="","",FIXED(ROUND(AL93,AA93),AA93)) -> 0,00 | Y93: =IF(A92="","",'CALCULO DE INCERTIDUMBRES'!E57) -> 1.959964 | AA93: 2 | AB93: 2 | AD93: =$AD$91 -> 0.01 | AE93: =$AE$91 -> -0.01 | AF93: =A93*$AH$105 -> 0.0002007315 | AG93: =E93*$AH$105 -> 0.00020353067 | AH93: =AM93*$AH$105 -> -2.7991664e-06 | AI93: =Y93 -> 1.959964 | AJ93: =AL93*$AH$105 -> 1.3764465e-05 | AK93: =ABS(AH93)+AJ93 -> 1.6563632e-05 | AL93: ='CALCULO DE INCERTIDUMBRES'!E58 -> 0.0034285763 | AM93: ='CALCULO DE INCERTIDUMBRES'!D45 -> -0.00069724144 | AN93: =IF(A93="", NA(), A93) -> 0.05 | AP93: =FIXED('CALCULO DE INCERTIDUMBRES'!E58,AA93) -> 0,00 | AQ93: =ROUND('CALCULO DE INCERTIDUMBRES'!E58,AA93) -> 0
A94: =IF('TOMA DE DATOS'!C80="","",('CALCULO DE INCERTIDUMBRES'!C71)) -> 0.1 | E94: =IF(A92="","",'CALCULO DE INCERTIDUMBRES'!F75) -> 0.095903616 | J94: =IF(A92="","",FIXED(ROUND(AM94,AA94),AA94)) -> 0,00 | O94: =IF(A92="","",'CALCULO DE INCERTIDUMBRES'!S91) -> -0.0008 | S94: =IF(A94="","",ABS(AM94)+AL94) -> 0.0073643256 | V94: =IF(A92="","",FIXED(ROUND(AL94,AA94),AA94)) -> 0,00 | Y94: =IF(A92="","",'CALCULO DE INCERTIDUMBRES'!E88) -> 1.959964 | AA94: 2 | AB94: 2 | AD94: =$AD$91 -> 0.01 | AE94: =$AE$91 -> -0.01 | AF94: =A94*$AH$105 -> 0.000401463 | AG94: =E94*$AH$105 -> 0.00038501753 | AH94: =AM94*$AH$105 -> 1.6445468e-05 | AI94: =Y94 -> 1.959964 | AJ94: =AL94*$AH$105 -> 1.3119575e-05 | AK94: =ABS(AH94)+AJ94 -> 2.9565042e-05 | AL94: ='CALCULO DE INCERTIDUMBRES'!E89 -> 0.0032679411 | AM94: ='CALCULO DE INCERTIDUMBRES'!D76 -> 0.0040963845 | AN94: =IF(A94="", NA(), A94) -> 0.1 | AP94: =FIXED('CALCULO DE INCERTIDUMBRES'!E89,AA94) -> 0,00 | AQ94: =ROUND('CALCULO DE INCERTIDUMBRES'!E89,AA94) -> 0
A95: =IF('TOMA DE DATOS'!C81="","",('CALCULO DE INCERTIDUMBRES'!C102)) -> 0.15 | E95: =IF(A92="","",'CALCULO DE INCERTIDUMBRES'!F106) -> 0.14881064 | J95: =IF(A92="","",FIXED(ROUND(AM95,AA95),AA95)) -> 0,00 | O95: =IF(A92="","",'CALCULO DE INCERTIDUMBRES'!S122) -> -0.0032 | S95: =IF(A95="","",ABS(AM95)+AL95) -> 0.0048978014 | V95: =IF(A92="","",FIXED(ROUND(AL95,AA95),AA95)) -> 0,00 | Y95: =IF(A92="","",'CALCULO DE INCERTIDUMBRES'!E119) -> 1.959964 | AA95: 2 | AB95: 2 | AD95: =$AD$91 -> 0.01 | AE95: =$AE$91 -> -0.01 | AF95: =A95*$AH$105 -> 0.0006021945 | AG95: =E95*$AH$105 -> 0.00059741965 | AH95: =AM95*$AH$105 -> 4.7748462e-06 | AI95: =Y95 -> 1.959964 | AJ95: =AL95*$AH$105 -> 1.4888014e-05 | AK95: =ABS(AH95)+AJ95 -> 1.966286e-05 | AL95: ='CALCULO DE INCERTIDUMBRES'!E120 -> 0.0037084399 | AM95: ='CALCULO DE INCERTIDUMBRES'!D107 -> 0.0011893615 | AN95: =IF(A95="", NA(), A95) -> 0.15 | AP95: =FIXED('CALCULO DE INCERTIDUMBRES'!E120,AA95) -> 0,00 | AQ95: =ROUND('CALCULO DE INCERTIDUMBRES'!E120,AA95) -> 0
A96: =IF('TOMA DE DATOS'!C82="","",('CALCULO DE INCERTIDUMBRES'!C133)) -> 0.2 | E96: =IF(A92="","",'CALCULO DE INCERTIDUMBRES'!F137) -> 0.1996166 | J96: =IF(A92="","",FIXED(ROUND(AM96,AA96),AA96)) -> 0,00 | O96: =IF(A92="","",'CALCULO DE INCERTIDUMBRES'!S153) -> -0.0048 | S96: =IF(A96="","",ABS(AM96)+AL96) -> 0.004608327 | V96: =IF(A92="","",FIXED(ROUND(AL96,AA96),AA96)) -> 0,00 | Y96: =IF(A92="","",'CALCULO DE INCERTIDUMBRES'!E150) -> 1.959964 | AA96: 2 | AB96: 2 | AD96: =$AD$91 -> 0.01 | AE96: =$AE$91 -> -0.01 | AF96: =A96*$AH$105 -> 0.000802926 | AG96: =E96*$AH$105 -> 0.0008013868 | AH96: =AM96*$AH$105 -> 1.5391963e-06 | AI96: =Y96 -> 1.959964 | AJ96: =AL96*$AH$105 -> 1.6961531e-05 | AK96: =ABS(AH96)+AJ96 -> 1.8500728e-05 | AL96: ='CALCULO DE INCERTIDUMBRES'!E151 -> 0.0042249302 | AM96: ='CALCULO DE INCERTIDUMBRES'!D138 -> 0.00038339679 | AN96: =IF(A96="", NA(), A96) -> 0.2 | AP96: =FIXED('CALCULO DE INCERTIDUMBRES'!E151,AA96) -> 0,00 | AQ96: =ROUND('CALCULO DE INCERTIDUMBRES'!E151,AA96) -> 0
A97: =IF('TOMA DE DATOS'!C83="","",('CALCULO DE INCERTIDUMBRES'!C164)) -> 0.25 | E97: =IF(A92="","",'CALCULO DE INCERTIDUMBRES'!F168) -> 0.2508215 | J97: =IF(A92="","",FIXED(ROUND(AM97,AA97),AA97)) -> 0,00 | O97: =IF(A92="","",'CALCULO DE INCERTIDUMBRES'!S184) -> -0.0008 | S97: =IF(A97="","",ABS(AM97)+AL97) -> 0.0040894191 | V97: =IF(A92="","",FIXED(ROUND(AL97,AA97),AA97)) -> 0,00 | Y97: =IF(A92="","",'CALCULO DE INCERTIDUMBRES'!E181) -> 1.959964 | AA97: 2 | AB97: 2 | AD97: =$AD$91 -> 0.01 | AE97: =$AE$91 -> -0.01 | AF97: =A97*$AH$105 -> 0.0010036575 | AG97: =E97*$AH$105 -> 0.0010069555 | AH97: =AM97*$AH$105 -> -3.2980182e-06 | AI97: =Y97 -> 1.959964 | AJ97: =AL97*$AH$105 -> 1.3119486e-05 | AK97: =ABS(AH97)+AJ97 -> 1.6417504e-05 | AL97: ='CALCULO DE INCERTIDUMBRES'!E182 -> 0.0032679191 | AM97: ='CALCULO DE INCERTIDUMBRES'!D169 -> -0.00082149992 | AN97: =IF(A97="", NA(), A97) -> 0.25 | AP97: =FIXED('CALCULO DE INCERTIDUMBRES'!E182,AA97) -> 0,00 | AQ97: =ROUND('CALCULO DE INCERTIDUMBRES'!E182,AA97) -> 0
A98: =IF('TOMA DE DATOS'!C84="","",('CALCULO DE INCERTIDUMBRES'!C195)) | E98: =IF(A93="","",'CALCULO DE INCERTIDUMBRES'!F199) -> -0.00011002845 | J98: =IF(A93="","",FIXED(ROUND(AM98,AA98),AA98)) -> #VALUE! | O98: =IF(A93="","",'CALCULO DE INCERTIDUMBRES'!S215) -> 0 | S98: =IF(A98="","",ABS(AM98)+AL98) | V98: =IF(A93="","",FIXED(ROUND(AL98,AA98),AA98)) -> 0,0 | Y98: =IF(A93="","",'CALCULO DE INCERTIDUMBRES'!E212) -> 1.959964 | AA98: 1 | AB98: 1 | AD98: =$AD$91 -> 0.01 | AE98: =$AE$91 -> -0.01 | AF98: =A98*$AH$105 -> #VALUE! | AG98: =E98*$AH$105 -> -4.4172351e-07 | AH98: =AM98*$AH$105 -> #VALUE! | AI98: =Y98 -> 1.959964 | AJ98: =AL98*$AH$105 -> 1.2993245e-05 | AK98: =ABS(AH98)+AJ98 -> #VALUE! | AL98: ='CALCULO DE INCERTIDUMBRES'!E213 -> 0.0032364738 | AM98: =IF('TOMA DE DATOS'!$O$23="C","",'CALCULO DE INCERTIDUMBRES'!D200) | AN98: =IF(A98="", NA(), A98) -> #N/A
A99: =IF('TOMA DE DATOS'!C85="","",('CALCULO DE INCERTIDUMBRES'!C226)) | E99: =IF(A94="","",'CALCULO DE INCERTIDUMBRES'!F230) -> -0.00011002845 | J99: =IF(A94="","",FIXED(ROUND(AM99,AA99),AA99)) -> #VALUE! | O99: =IF(A94="","",'CALCULO DE INCERTIDUMBRES'!S246) -> 0 | S99: =IF(A99="","",ABS(AM99)+AL99) | V99: =IF(A94="","",FIXED(ROUND(AL99,AA99),AA99)) -> 0,0 | Y99: =IF(A94="","",'CALCULO DE INCERTIDUMBRES'!E243) -> 1.959964 | AA99: 1 | AB99: 1 | AD99: =$AD$91 -> 0.01 | AE99: =$AE$91 -> -0.01 | AF99: =A99*$AH$105 -> #VALUE! | AG99: =E99*$AH$105 -> -4.4172351e-07 | AH99: =AM99*$AH$105 -> #VALUE! | AI99: =Y99 -> 1.959964 | AJ99: =AL99*$AH$105 -> 1.2993245e-05 | AK99: =ABS(AH99)+AJ99 -> #VALUE! | AL99: ='CALCULO DE INCERTIDUMBRES'!E244 -> 0.0032364738 | AM99: =IF('TOMA DE DATOS'!$O$23="C","",'CALCULO DE INCERTIDUMBRES'!D231) | AN99: =IF(A99="", NA(), A99) -> #N/A
A100: =IF('TOMA DE DATOS'!C86="","",('CALCULO DE INCERTIDUMBRES'!C257)) | E100: =IF(A95="","",'CALCULO DE INCERTIDUMBRES'!F261) -> -0.00011002845 | J100: =IF(A95="","",FIXED(ROUND(AM100,AA100),AA100)) -> #VALUE! | O100: =IF(A95="","",'CALCULO DE INCERTIDUMBRES'!S277) -> 0 | S100: =IF(A100="","",ABS(AM100)+AL100) | V100: =IF(A95="","",FIXED(ROUND(AL100,AA100),AA100)) -> 0,0 | Y100: =IF(A95="","",'CALCULO DE INCERTIDUMBRES'!E274) -> 1.959964 | AA100: 1 | AB100: 1 | AD100: =$AD$91 -> 0.01 | AE100: =$AE$91 -> -0.01 | AF100: =A100*$AH$105 -> #VALUE! | AG100: =E100*$AH$105 -> -4.4172351e-07 | AH100: =AM100*$AH$105 -> #VALUE! | AI100: =Y100 -> 1.959964 | AJ100: =AL100*$AH$105 -> 1.2993245e-05 | AK100: =ABS(AH100)+AJ100 -> #VALUE! | AL100: ='CALCULO DE INCERTIDUMBRES'!E275 -> 0.0032364738 | AM100: =IF('TOMA DE DATOS'!$O$23="C","",'CALCULO DE INCERTIDUMBRES'!D262) | AN100: =IF(A100="", NA(), A100) -> #N/A
A101: =IF('TOMA DE DATOS'!C87="","",('CALCULO DE INCERTIDUMBRES'!C288)) | E101: =IF(A96="","",'CALCULO DE INCERTIDUMBRES'!F292) -> -0.00011002845 | J101: =IF(A96="","",FIXED(ROUND(AM101,AA101),AA101)) -> #VALUE! | O101: =IF(A96="","",'CALCULO DE INCERTIDUMBRES'!S308) -> 0 | S101: =IF(A101="","",ABS(AM101)+AL101) | V101: =IF(A96="","",FIXED(ROUND(AL101,AA101),AA101)) -> 0,0 | Y101: =IF(A96="","",'CALCULO DE INCERTIDUMBRES'!E305) -> 1.959964 | AA101: 1 | AB101: 1 | AD101: =$AD$91 -> 0.01 | AE101: =$AE$91 -> -0.01 | AF101: =A101*$AH$105 -> #VALUE! | AG101: =E101*$AH$105 -> -4.4172351e-07 | AH101: =AM101*$AH$105 -> #VALUE! | AI101: =Y101 -> 1.959964 | AJ101: =AL101*$AH$105 -> 1.2993245e-05 | AK101: =ABS(AH101)+AJ101 -> #VALUE! | AL101: ='CALCULO DE INCERTIDUMBRES'!E306 -> 0.0032364738 | AM101: =IF('TOMA DE DATOS'!$O$23="C","",'CALCULO DE INCERTIDUMBRES'!D293) | AN101: =IF(A101="", NA(), A101) -> #N/A
AM102: =IF('TOMA DE DATOS'!O23="C",MAX(ABS(AM92),ABS(AM93),ABS(AM94),ABS(AM95),ABS(AM96),ABS(AM97)),MAX(ABS(AM92),ABS(AM93),ABS(AM94),ABS(AM95),ABS(AM96),ABS(AM97),ABS(AM98),ABS(AM99),ABS(AM100),ABS(AM101))) -> 0.0043906123
AF104: Unidad original | AH104: =G29 -> InH2O | AI104: Unidad a convertir | AK104: Pa | AL104: Fila | AM104: =MATCH(AH104,CONVERSION!B4:M4,0) -> 7
AF105: Valor | AH105: =INDEX(CONVERSION!B5:M16,AM104,AM105) -> 0.00401463 | AL105: Columna | AM105: =MATCH(AK104,CONVERSION!A5:A14,0) -> 1
A118: Estimación de incertidumbre: | AE118: El máximo porcentaje de error obtenida en esta calibración mas su incertidumbre es | AI118: =(MAX(S92:S101)/'TOMA DE DATOS'!$I$20) -> 0.031432786
A120: La incertidumbre expandida de la medición reportada se establece como la incertidumbre estándar de medición multiplicada por el factor de cobertura “k= 2” y la probabilidad de cobertura, la cual debe ser aproximada al 95% y no menor a este valor.
AE121: Desviación = Valor indicación - Patrón Estándar
A124: Observaciones:
A125: 1-Los resultados contenidos en el presente certificado se refieren al momento y condiciones en que se realizaron las mediciones. El laboratorio de Metrología de Tecservice S.A.S, no se responsabiliza de los perjuicios que puedan derivarse del uso inadecuado del instrumento calibrado.
A126: 2-Este certificado aplica exclusivamente al instrumento calibrado.
A127: 3- N.I. = No indica, N.A. = No aplica, EMP = Error máximo Permitido.
A128: 4- * Informacion suministrada por el cliente.
A129: =IF('TOMA DE DATOS'!E107="","",CONCATENATE('TOMA DE DATOS'!E107,'TOMA DE DATOS'!B108))
A130: =IF('TOMA DE DATOS'!B109="","",CONCATENATE('TOMA DE DATOS'!B109,'TOMA DE DATOS'!B110))
X131: Página 2 de 2
X132: =X74 -> LC-FR-87-V5
K135: Final de este certificado
A136: Elaboró: | D136: Roberto Carlos Rojas | K136: Revisó: | O136: Cesar Augusto Cobo | S136: Aprobó: | V136: Héctor Carabalí
A137: Cargo: | D137: Metrologo | K137: Cargo: | O137: Director Técnico | S137: Cargo: | V137: Gerente General
A138: Fecha: | D138: 43902 | K138: Fecha: | O138: 43903 | S138: Fecha: | V138: 43906
A141: Versión | D141: Descripción del cambio | T141: Responsable

Sheet CALCULO DE INCERTIDUMBRES
A1: Aportantes de incertidumbre
C2: 1
E4: TIPO B | F4: TIPO B | G4: TIPO B | H4: TIPO A | I4: TIPO B | J4: TIPO B | K4: TIPO B
A5: Punto 1 | J5: Valor mas pequeño estimado por residuos | O5: *
A6: 0
C8: ='Tabla de resultados'!$A$90 -> Valor indicación [InH2O] | D8: ='Tabla de resultados'!$E$90 -> Patrón Estándar [InH2O] | E8: Por certificado del patron | F8: Incertidumbre estandar por resolucion del instrumento | J8: Aportante por interpolacion | K8: Aportante por deriva
A9: 17 | C9: =IF('TOMA DE DATOS'!$A$68='TOMA DE DATOS'!$Q$138,'TOMA DE DATOS'!$C$78,'TOMA DE DATOS'!C78+'Base Patrones Presion'!Q42) -> 0 | D9: ='TOMA DE DATOS'!E78&"" -> 0,0067 | E9: ='Base Patrones Presion'!R42 -> 0.00048999735 | F9: =IF('TOMA DE DATOS'!$O$20="Analógica",SQRT((1/3)*(POWER((2*'TOMA DE DATOS'!$I$22)/2,2))),SQRT((1/3)*(POWER((2*'TOMA DE DATOS'!$D$22)/2,2)))) -> 0.0014433757 | G9: =SQRT((1/3)*(POWER(($Q$11)/2,2))) -> 0.0006350853 | H9: =SQRT((1/3)*(POWER(S21/2,2))) -> 0 | I9: =SQRT(1/3*POWER((S29)/2,2)) -> 0.0006350853 | J9: ='Base Patrones Presion'!$M$63 -> 4.4772765e-15 | K9: ='Base Patrones Presion'!$N$93 -> 0 | Q9: =ABS(D10-D9) -> 0.0022
D10: ='TOMA DE DATOS'!G78 -> 0.0045 | Q10: =ABS(D12-D11) -> 0
D11: ='TOMA DE DATOS'!K78 -> 0 | P11: 𝑓 | Q11: =IF(OR('TOMA DE DATOS'!O23="C",'TOMA DE DATOS'!O23="B"), MAX(Q9),MAX(Q9:Q10)) -> 0.0022
D12: ='TOMA DE DATOS'!M78 -> 0
B13: Promedio | D13: =IF('TOMA DE DATOS'!$O$23="C",AVERAGE(D9:D10),IF('TOMA DE DATOS'!O23="B",AVERAGE(((D9+D10)/2),D11),AVERAGE(D9:D12))) -> 0.0045 | E13: promedio con ajuste | F13: =IF('TOMA DE DATOS'!$A$68='TOMA DE DATOS'!$Q$137,D13,D13+'Base Patrones Presion'!Q42) -> 0.0043906123
B14: Desviacion | D14: =IF('TOMA DE DATOS'!$A$68='TOMA DE DATOS'!$Q$138,(C9-F13),F13-C9) -> -0.0043906123
B15: Grados de libertad | E15: 200 | F15: 200 | G15: 200 | H15: =COUNT('TOMA DE DATOS'!$E$78:$N$87)-1 -> 11 | I15: 200 | J15: 200 | K15: 200 | O15: **
B16: Coeficientes de sensibilidad | E16: -1 | F16: 1 | G16: 1 | H16: 1 | I16: 1 | J16: 1 | K16: 1 | O16: Repetibilidad solo aplica para secuencias B y A.
B17: Cuadrado de los aportantes por coeficientes | E17: =POWER(E9*E16,2) -> 2.400974e-07 | F17: =POWER(F9*F16,2) -> 2.0833333e-06 | G17: =POWER(G9*G16,2) -> 4.0333333e-07 | H17: =POWER(H9*H16,2) -> 0 | I17: =POWER(I9*I16,2) -> 4.0333333e-07 | J17: =POWER(J9*J16,2) -> 2.0046005e-29 | K17: =POWER(K9*K16,2) -> 0 | O17: Para secuencia C es 0
B18: incertidumbre estandar combinada | E18: =SQRT(SUM(E17:K17)) -> 0.0017692081
S20: Repetibilidad
S21: =IF('TOMA DE DATOS'!$O$23="A",MAX(ABS(D11-D9),ABS(D12-D10)),IF('TOMA DE DATOS'!$O$23="B",ABS(D11-D9),0)) -> 0
B22: Grados efectivos de libertad | E22: =POWER(E18,2)/((POWER(E17,2)/E15)+(POWER(F17,2)/F15)+(POWER(G17,2)/G15)+(POWER(H17,2)/H15)+(POWER(I17,2)/I15)+(POWER(J17,2)/J15)+(POWER(K17,2)/K15)) -> 1.3253914e+08
O24: ***
B26: k | E26: =TINV(0.05,E22) -> 1.959964
B27: Incertidumbre expandida | E27: =E18*E26 -> 0.0034675842 | O27: donde j es la posicion del escalon.
O29: n segun secuencia | R29: histeresis | S29: =IF('TOMA DE DATOS'!O23="A",(ABS((D10-D9))+ABS((D12-D11)))/2,D10-D9) -> -0.0022
O30: A | P30: 2
O31: B | P31: 1
O32: C | P32: 1
C33: 2
E35: TIPO B | F35: TIPO B | G35: TIPO B | H35: TIPO A | I35: TIPO B | J35: TIPO B | K35: TIPO B
A36: Punto 2 | J36: Valor mas pequeño estimado por residuos | O36: *
A37: ='TOMA DE DATOS'!C79 -> 0.05
C39: ='Tabla de resultados'!$A$90 -> Valor indicación [InH2O] | D39: ='Tabla de resultados'!$E$90 -> Patrón Estándar [InH2O] | E39: Por certificado del patron | F39: Incertidumbre estandar por resolucion del instrumento | J39: Aportante por interpolacion | K39: Aportante por deriva
A40: 18 | C40: =IF('TOMA DE DATOS'!$A$68='TOMA DE DATOS'!$Q$138,'TOMA DE DATOS'!$C$79,'TOMA DE DATOS'!C79+'Base Patrones Presion'!Q43) -> 0.05 | D40: ='TOMA DE DATOS'!E79 -> 0.0518 | E40: ='Base Patrones Presion'!R43 -> 0.00048997003 | F40: =IF('TOMA DE DATOS'!$O$20="Analógica",SQRT((1/3)*(POWER((2*'TOMA DE DATOS'!$I$22)/2,2))),SQRT((1/3)*(POWER((2*'TOMA DE DATOS'!$D$22)/2,2)))) -> 0.0014433757 | G40: =G9 -> 0.0006350853 | H40: =SQRT((1/3)*(POWER(S52/2,2))) -> 0 | I40: =SQRT(1/3*POWER((S60)/2,2)) -> 0.00057735027 | J40: ='Base Patrones Presion'!$M$63 -> 4.4772765e-15 | K40: ='Base Patrones Presion'!$N$93 -> 0 | Q40: =ABS(D41-D40) -> 0.002
D41: ='TOMA DE DATOS'!G79 -> 0.0498 | Q41: =ABS(D43-D42) -> 0
D42: ='TOMA DE DATOS'!K79 -> 0 | P42: 𝑓 | Q42: =IF(OR('TOMA DE DATOS'!$O$23="C",'TOMA DE DATOS'!$O$23="B"), MAX(Q40),MAX(Q40:Q41)) -> 0.002
D43: ='TOMA DE DATOS'!M79 -> 0
B44: Promedio | D44: =IF('TOMA DE DATOS'!$O$23="C",AVERAGE(D40:D41),IF('TOMA DE DATOS'!$O$23="B",AVERAGE(D40:D42),AVERAGE(D40:D43))) -> 0.0508 | E44: promedio con ajuste | F44: =IF('TOMA DE DATOS'!$A$68='TOMA DE DATOS'!$Q$137,D44,D44+'Base Patrones Presion'!Q43) -> 0.050697241
B45: Desviacion | D45: =IF('TOMA DE DATOS'!$A$68='TOMA DE DATOS'!$Q$138,(C40-F44),F44-C40) -> -0.00069724144
B46: Grados de libertad | E46: 200 | F46: 200 | G46: 200 | H46: =COUNT('TOMA DE DATOS'!$E$78:$N$87)-1 -> 11 | I46: 200 | J46: 200 | K46: 200 | O46: **
B47: Coeficientes de sensibilidad | E47: -1 | F47: 1 | G47: 1 | H47: 1 | I47: 1 | J47: 1 | K47: 1 | O47: Repetibilidad solo aplica para secuencias B y A.
B48: Cuadrado de los aportantes por coeficientes | E48: =POWER(E40*E47,2) -> 2.4007063e-07 | F48: =POWER(F40*F47,2) -> 2.0833333e-06 | G48: =POWER(G40*G47,2) -> 4.0333333e-07 | H48: =POWER(H40*H47,2) -> 0 | I48: =POWER(I40*I47,2) -> 3.3333333e-07 | J48: =POWER(J40*J47,2) -> 2.0046005e-29 | K48: =POWER(K40*K47,2) -> 0 | O48: Para secuencia C es 0
B49: incertidumbre estandar combinada | E49: =SQRT(SUM(E48:K48)) -> 0.0017493058
S51: Repetibilidad
S52: =IF('TOMA DE DATOS'!$O$23="A",MAX(ABS(D42-D40),ABS(D43-D41)),IF('TOMA DE DATOS'!$O$23="B",ABS(D42-D40),0)) -> 0
B53: Grados efectivos de libertad | E53: =POWER(E49,2)/((POWER(E48,2)/E46)+(POWER(F48,2)/F46)+(POWER(G48,2)/G46)+(POWER(H48,2)/H46)+(POWER(I48,2)/I46)+(POWER(J48,2)/J46)+(POWER(K48,2)/K46)) -> 1.3100457e+08
F54: =E53 -> 1.3100457e+08 | G54: 1
O55: ***
B57: k | E57: =TINV(0.05,E53) -> 1.959964 | G57: =TINV(0.05,G54) -> 12.706205
B58: Incertidumbre expandida | E58: =E49*E57 -> 0.0034285763 | O58: donde j es la posicion del escalon.
O60: n segun secuencia | R60: histeresis | S60: =IF('TOMA DE DATOS'!$O$23="A",(ABS((D41-D40))+ABS((D43-D42)))/2,D41-D40) -> -0.002
O61: A | P61: 2
O62: B | P62: 1
O63: C | P63: 1
C64: 3
E66: TIPO B | F66: TIPO B | G66: TIPO B | H66: TIPO A | I66: TIPO B | J66: TIPO B | K66: TIPO B
A67: Punto 3 | J67: Valor mas pequeño estimado por residuos | O67: *
A68: ='TOMA DE DATOS'!C80 -> 0.1
C70: ='Tabla de resultados'!$A$90 -> Valor indicación [InH2O] | D70: ='Tabla de resultados'!$E$90 -> Patrón Estándar [InH2O] | E70: Por certificado del patron | F70: Incertidumbre estandar por resolucion del instrumento | J70: Aportante por interpolacion | K70: Aportante por deriva
A71: 19 | C71: =IF('TOMA DE DATOS'!$A$68='TOMA DE DATOS'!$Q$138,'TOMA DE DATOS'!$C$80,'TOMA DE DATOS'!C80+'Base Patrones Presion'!Q44) -> 0.1 | D71: ='TOMA DE DATOS'!E80 -> 0.0964 | E71: ='Base Patrones Presion'!R44 -> 0.00048994672 | F71: =IF('TOMA DE DATOS'!$O$20="Analógica",SQRT((1/3)*(POWER((2*'TOMA DE DATOS'!$I$22)/2,2))),SQRT((1/3)*(POWER((2*'TOMA DE DATOS'!$D$22)/2,2)))) -> 0.0014433757 | G71: =$G$9 -> 0.0006350853 | H71: =SQRT((1/3)*(POWER(S83/2,2))) -> 0 | I71: =SQRT(1/3*POWER((S91)/2,2)) -> 0.00023094011 | J71: ='Base Patrones Presion'!$M$63 -> 4.4772765e-15 | K71: ='Base Patrones Presion'!$N$93 -> 0 | Q71: =ABS(D72-D71) -> 0.0008
D72: ='TOMA DE DATOS'!G80 -> 0.0956 | Q72: =ABS(D74-D73) -> 0
D73: ='TOMA DE DATOS'!K80 -> 0 | P73: 𝑓 | Q73: =IF(OR('TOMA DE DATOS'!$O$23="C",'TOMA DE DATOS'!$O$23="B"), MAX(Q71),MAX(Q71:Q72)) -> 0.0008
D74: ='TOMA DE DATOS'!M80 -> 0
B75: Promedio | D75: =IF('TOMA DE DATOS'!$O$23="C",AVERAGE(D71:D72),IF('TOMA DE DATOS'!O23="B",AVERAGE(D71:D73),AVERAGE(D71:D74))) -> 0.096 | E75: promedio con ajuste | F75: =IF('TOMA DE DATOS'!$A$68='TOMA DE DATOS'!$Q$137,D75,D75+'Base Patrones Presion'!Q44) -> 0.095903616
B76: Desviacion | D76: =IF('TOMA DE DATOS'!$A$68='TOMA DE DATOS'!$Q$138,(C71-F75),F75-C71) -> 0.0040963845
B77: Grados de libertad | E77: 200 | F77: 200 | G77: 200 | H77: =COUNT('TOMA DE DATOS'!$E$78:$N$87)-1 -> 11 | I77: 200 | J77: 200 | K77: 200 | O77: **
B78: Coeficientes de sensibilidad | E78: -1 | F78: 1 | G78: 1 | H78: 1 | I78: 1 | J78: 1 | K78: 1 | O78: Repetibilidad solo aplica para secuencias B y A.
B79: Cuadrado de los aportantes por coeficientes | E79: =POWER(E71*E78,2) -> 2.4004779e-07 | F79: =POWER(F71*F78,2) -> 2.0833333e-06 | G79: =POWER(G71*G78,2) -> 4.0333333e-07 | H79: =POWER(H71*H78,2) -> 0 | I79: =POWER(I71*I78,2) -> 5.3333333e-08 | J79: =POWER(J71*J78,2) -> 2.0046005e-29 | K79: =POWER(K71*K78,2) -> 0 | O79: Para secuencia C es 0
B80: incertidumbre estandar combinada | E80: =SQRT(SUM(E79:K79)) -> 0.0016673475
S82: Repetibilidad
S83: =IF('TOMA DE DATOS'!$O$23="A",MAX(ABS(D73-D71),ABS(D74-D72)),IF('TOMA DE DATOS'!$O$23="B",ABS(D73-D71),0)) -> 0
B84: Grados efectivos de libertad | E84: =POWER(E80,2)/((POWER(E79,2)/E77)+(POWER(F79,2)/F77)+(POWER(G79,2)/G77)+(POWER(H79,2)/H77)+(POWER(I79,2)/I77)+(POWER(J79,2)/J77)+(POWER(K79,2)/K77)) -> 1.2184046e+08
O86: ***
B88: k | E88: =TINV(0.05,E84) -> 1.959964
B89: Incertidumbre expandida | E89: =E80*E88 -> 0.0032679411 | O89: donde j es la posicion del escalon.
O91: n segun secuencia | R91: histeresis | S91: =IF('TOMA DE DATOS'!$O$23="A",(ABS((D72-D71))+ABS((D74-D73)))/2,D72-D71) -> -0.0008
O92: A | P92: 2
O93: B | P93: 1
O94: C | P94: 1
C95: 4
E97: TIPO B | F97: TIPO B | G97: TIPO B | H97: TIPO A | I97: TIPO B | J97: TIPO B | K97: TIPO B
A98: Punto 4 | J98: Valor mas pequeño estimado por residuos | O98: *
A99: ='TOMA DE DATOS'!C81 -> 0.15
C101: ='Tabla de resultados'!$A$90 -> Valor indicación [InH2O] | D101: ='Tabla de resultados'!$E$90 -> Patrón Estándar [InH2O] | E101: Por certificado del patron | F101: Incertidumbre estandar por resolucion del instrumento | J101: Aportante por interpolacion | K101: Aportante por deriva
A102: 20 | C102: =IF('TOMA DE DATOS'!$A$68='TOMA DE DATOS'!$Q$138,'TOMA DE DATOS'!$C$81,'TOMA DE DATOS'!C81+'Base Patrones Presion'!Q45) -> 0.15 | D102: ='TOMA DE DATOS'!E81 -> 0.1505 | E102: ='Base Patrones Presion'!R45 -> 0.00048992553 | F102: =IF('TOMA DE DATOS'!$O$20="Analógica",SQRT((1/3)*(POWER((2*'TOMA DE DATOS'!$I$22)/2,2))),SQRT((1/3)*(POWER((2*'TOMA DE DATOS'!$D$22)/2,2)))) -> 0.0014433757 | G102: =$G$9 -> 0.0006350853 | H102: =SQRT((1/3)*(POWER(S114/2,2))) -> 0 | I102: =SQRT(1/3*POWER((S122)/2,2)) -> 0.00092376043 | J102: ='Base Patrones Presion'!$M$63 -> 4.4772765e-15 | K102: ='Base Patrones Presion'!$N$93 -> 0 | Q102: =ABS(D103-D102) -> 0.0032
D103: ='TOMA DE DATOS'!G81 -> 0.1473 | Q103: =ABS(D105-D104) -> 0
D104: ='TOMA DE DATOS'!K81 -> 0 | P104: 𝑓 | Q104: =IF(OR('TOMA DE DATOS'!$O$23="C",'TOMA DE DATOS'!$O$23="B"), MAX(Q102),MAX(Q102:Q103)) -> 0.0032
D105: ='TOMA DE DATOS'!M81 -> 0
B106: Promedio | D106: =IF('TOMA DE DATOS'!$O$23="C",AVERAGE(D102:D103),IF('TOMA DE DATOS'!O23="B",AVERAGE((D102+D103)/2,D104),AVERAGE(D102:D105))) -> 0.1489 | E106: promedio con ajuste | F106: =IF('TOMA DE DATOS'!$A$68='TOMA DE DATOS'!$Q$137,D106,D106+'Base Patrones Presion'!Q45) -> 0.14881064
B107: Desviacion | D107: =IF('TOMA DE DATOS'!$A$68='TOMA DE DATOS'!$Q$138,(C102-F106),F106-C102) -> 0.0011893615
B108: Grados de libertad | E108: 200 | F108: 200 | G108: 200 | H108: =COUNT('TOMA DE DATOS'!$E$78:$N$87)-1 -> 11 | I108: 200 | J108: 200 | K108: 200 | O108: **
B109: Coeficientes de sensibilidad | E109: -1 | F109: 1 | G109: 1 | H109: 1 | I109: 1 | J109: 1 | K109: 1 | O109: Repetibilidad solo aplica para secuencias B y A.
B110: Cuadrado de los aportantes por coeficientes | E110: =POWER(E102*E109,2) -> 2.4002702e-07 | F110: =POWER(F102*F109,2) -> 2.0833333e-06 | G110: =POWER(G102*G109,2) -> 4.0333333e-07 | H110: =POWER(H102*H109,2) -> 0 | I110: =POWER(I102*I109,2) -> 8.5333333e-07 | J110: =POWER(J102*J109,2) -> 2.0046005e-29 | K110: =POWER(K102*K109,2) -> 0 | O110: Para secuencia C es 0
B111: incertidumbre estandar combinada | E111: =SQRT(SUM(E110:K110)) -> 0.0018920959
S113: Repetibilidad
S114: =IF('TOMA DE DATOS'!$O$23="A",MAX(ABS(D104-D102),ABS(D105-D103)),IF('TOMA DE DATOS'!$O$23="B",ABS(D104-D102),0)) -> 0
B115: Grados efectivos de libertad | E115: =POWER(E111,2)/((POWER(E110,2)/E108)+(POWER(F110,2)/F108)+(POWER(G110,2)/G108)+(POWER(H110,2)/H108)+(POWER(I110,2)/I108)+(POWER(J110,2)/J108)+(POWER(K110,2)/K108)) -> 1.3538282e+08
O117: ***
B119: k | E119: =TINV(0.05,E115) -> 1.959964
B120: Incertidumbre expandida | E120: =E111*E119 -> 0.0037084399 | O120: donde j es la posicion del escalon.
O122: n segun secuencia | R122: histeresis | S122: =IF('TOMA DE DATOS'!$O$23="A",(ABS((D103-D102))+ABS((D105-D104)))/2,D103-D102) -> -0.0032
O123: A | P123: 2
...

Sheet CONVERSION
E2: cuanto equivale la unidad de la columna respecto a la fila, ejemplo 1 Pa equivale a 1,0 E+03kPa,
A4: Unidades | B4: Pa | C4: kPa | D4: MPa | E4: bar | F4: mbar | G4: psi | H4: InH2O | I4: mmH2O | J4: InHg | K4: mmHg | L4: kg/cm2 | M4: cmHg
A5: Pa | B5: 1 | C5: 1000 | D5: 1000000 | E5: 100000 | F5: 100 | G5: =1/B10 -> 6894.7448 | H5: 249.1 | I5: 9.807 | J5: 3386 | K5: 133.3 | L5: 98066.5 | M5: =K5*10 -> 1333
A6: kPa | B6: 0.001 | C6: 1 | D6: 1000 | E6: 100 | F6: 0.1 | G6: =1/C10 -> 6.8947448 | H6: 0.2491 | I6: 0.009807 | J6: 3.386 | K6: 0.1333 | L6: 98.0665 | M6: =K6*10 -> 1.333
A7: MPa | B7: 1e-06 | C7: 0.001 | D7: 1 | E7: 0.1 | F7: 0.0001 | G7: =G6/1000 -> 0.0068947448 | H7: 0.0002491 | I7: 9.807e-06 | J7: 0.003386 | K7: 0.0001333 | L7: 0.0980665 | M7: =K7*10 -> 0.001333
A8: bar | B8: 1e-05 | C8: 0.01 | D8: 10 | E8: 1 | F8: 0.001 | G8: 0.0689476 | H8: 0.002491 | I8: 9.807e-05 | J8: 0.03386 | K8: 0.001333 | L8: 0.980665 | M8: =K8*10 -> 0.01333 | N8: 0.06894745 | O8: =+G8-N8 -> 1.5e-07
A9: mbar | B9: 0.01 | C9: 10 | D9: 10000 | E9: 1000 | F9: 1 | G9: 68.9476 | H9: 2.491 | I9: 0.09807 | J9: 33.86 | K9: 1.333 | L9: 980.665 | M9: =K9*10 -> 13.33
A10: psi | B10: 0.000145038 | C10: 0.145038 | D10: 145 | E10: 14.5038 | F10: 0.0145 | G10: 1 | H10: 0.03613 | I10: 0.001422 | J10: 0.4912 | K10: 0.01934 | L10: 14.2233 | M10: =K10*10 -> 0.1934
A11: InH2O | B11: 0.00401463 | C11: 4.01463 | D11: 4.015 | E11: 401.463 | F11: 0.4015 | G11: 27.6799 | H11: 1 | I11: 0.03937 | J11: 13.6 | K11: 0.5352 | L11: 393.701 | M11: =K11*10 -> 5.352
A12: mmH2O | B12: 0.101972 | C12: 101.972 | D12: 101972 | E12: 10197.2 | F12: 10.2 | G12: 703.07 | H12: 25.4 | I12: 1 | J12: 345.3 | K12: 13.6 | L12: 10000 | M12: =K12*10 -> 136
A13: InHg | B13: 0.0002953 | C13: 0.2953 | D13: 295.3 | E13: 29.53 | F13: 0.02953 | G13: 2.03602 | H13: 0.07356 | I13: 0.002896 | J13: 1 | K13: 0.03937 | L13: 28.959 | M13: =K13*10 -> 0.3937
A14: mmHg | B14: 0.00750062 | C14: 7.50062 | D14: 7501 | E14: 750.062 | F14: 0.7501 | G14: 51.7149 | H14: 1.868 | I14: 0.07356 | J14: 25.4 | K14: 1 | L14: 735.559 | M14: =K14*10 -> 10 | O14: =M14 -> 10
A15: kg/cm2 | B15: 1.01972e-05 | C15: 0.0101972 | D15: 10.2 | E15: 1.01972 | F15: 0.00102 | G15: 0.070307 | H15: 0.00254 | I15: 0.0001 | J15: 0.03453 | K15: 0.00136 | L15: 1 | M15: =K15*10 -> 0.0136
A16: cmHg | B16: =B14/10 -> 0.000750062 | C16: =C14/10 -> 0.750062 | D16: =D14/10 -> 750.1 | E16: =E14/10 -> 75.0062 | F16: =F14/10 -> 0.07501 | G16: =G14/10 -> 5.17149 | H16: =H14/10 -> 0.1868 | I16: =I14/10 -> 0.007356 | ... M16: =M14/10 -> 1
A17: cuanto equivale la unidad de la fila respecto a la columna, ejemplo 1 Pa equivale 1,03 E-03 kPa
B20: Los referenciados en este color son la conversion que aparece directamente NIST Special Publication 811 2008 Edition Ambler Thompson and Barry N. Taylor
C23: solo cambia la variable original del patron para la conversion
C24: Unidad original P | E24: ='Base Patrones Presion'!$D$24 -> InH2O | F24: Unidad a convertir | H24: ='TOMA DE DATOS'!F20 -> InH2O
C25: Valor | E25: =INDEX(B5:M16,E28,E27) -> 1 | J25: =INDEX(B5:M16,E28,E27) -> 1 | K25: 0.01 | L25: =J25*K25 -> 0.01
D27: Columna | E27: =MATCH(E24,A5:A16,0) -> 7 | G27: =INDEX(B5:M16,E27,E28) -> 1
D28: Fila | E28: =MATCH(H24,B4:M4,0) -> 7
C30: Unidad original Dato IBC | E30: ='TOMA DE DATOS'!F20 -> InH2O | F30: Unidad a convertir | H30: ='Base Patrones Presion'!F78 -> InH2O
C31: Valor | E31: =INDEX(B5:M16,E27,E28) -> 1

Sheet TRAZABILIDAD
A1: TRAZABILIDAD
A2: Código | B2: Descripción | C2: Marca | D2: N° de certificado | E2: Fecha de Calibracion | F2: Fecha de vencimiento | G2: intervalo | H2: resolución | I2: CI % | J2: Unidades de trabajo en el instrumento patrón | R2: Frecuencia | S2: Viegencia anterior
A3: TEC-LAB-PS-10 | B3: Manometro | C3: Additel | D3: 13027 | E3: 45890 | F3: 46620 | G3: 0 psi a 5000 psi | H3: 0,1 psi | I3: 0.05 | J3: psi | K3: mbar | L3: mmH2O | M3: inH2O | N3: Pa | O3: kPa | P3: Mpa | Q3: bar | R3: =DAYS360(E3,F3) -> 720 | S3: =EDATE(E3,-R3/30) -> 45159
A4: TEC-LAB-PI-01 | B4: Manometro | C4: Additel | D4: 12629 | E4: 45771 | F4: 46501 | G4: 0 psi a 300 psi | H4: 0,01 psi | I4: 0.05 | J4: psi | K4: mbar | L4: mmH2O | M4: inH2O | N4: Pa | O4: kPa | P4: Mpa | Q4: bar | R4: =DAYS360(E4,F4) -> 720 | S4: =EDATE(E4,-R4/30) -> 45040
A5: TEC-LAB-PS-03- | B5: Manovacuometro | C5: Reed Instruments | D5: 12352 | E5: 45700 | F5: 46430 | G5: 0 psi a +/- 10 psi | H5: 0,01 psi | I5: 0.3 | J5: bar | K5: mmHg | L5: inH2O | M5: inHg | N5: mbar | O5: psi | P5: --- | Q5: --- | R5: =DAYS360(E5,F5) -> 720 | S5: =EDATE(E5,-R5/30) -> 44969
A6: TEC-LAB-PS-03+ | B6: Manovacuometro | C6: Reed Instruments | D6: 12349 | E6: 45700 | F6: 46430 | G6: 0 psi a +/- 30 psi | H6: 0,01 psi | I6: 0.3 | J6: bar | K6: mmHg | L6: inH2O | M6: inHg | N6: mbar | O6: psi | P6: --- | Q6: --- | R6: =DAYS360(E6,F6) -> 720 | S6: =EDATE(E6,-R6/30) -> 44969
A7: TEC-LAB-PDI-03 | B7: Manometro de presión Diferencial | C7: Additel | D7: C2803-25 | E7: 45733 | F7: 46098 | G7: -2 In H2O a 2 In H2O | H7: 0,1 psi | I7: 0.05 | J7: psi | K7: mbar | L7: mmH2O | M7: inH2O | N7: Pa | O7: kPa | P7: Mpa | Q7: bar | R7: =DAYS360(E7,F7) -> 360 | S7: =EDATE(E7,-R7/30) -> 45368
A8: TEC-LAB-PDI-02 | B8: Manometro de presión Diferencial | C8: Dwyer | D8: TLM-P-6702 | E8: 45762 | F8: 46127 | G8: -4 In H2O A 4 In H2O | H8: 0,001 H2O | I8: 0.05 | M8: inH2O | R8: =DAYS360(E8,F8) -> 360 | S8: =EDATE(E8,-R8/30) -> 45397
A9: TEC-LAB-PDI-01 | B9: Manometro de presión Diferencial | C9: Additel | D9: N25121723 | E9: 46008 | F9: 46373 | G9: -2 In H2O a 2 In H2O | H9: 0,1 psi | I9: 0.05 | J9: psi | K9: mbar | L9: mmH2O | M9: inH2O | N9: Pa | O9: kPa | P9: Mpa | Q9: bar | R9: =DAYS360(E9,F9) -> 360 | S9: =EDATE(E9,-R9/30) -> 45643
R14: =730/12 -> 60.833333

Sheet Hoja1
F19: Posicion | G19: Presion indicacion | H19: Presion Standar | I19: Desviacion | J19: Incertidumbre
A20: CODIGO | B20: TEC-LAB-PI-01 | C20: 9749 | F20: 1 | G20: 0 | H20: 0 | I20: 0 | J20: 0.019
F21: 2 | G21: 37.508 | H21: 37.5 | I21: 0.008 | J21: 0.025
F22: 3 | G22: 75.005 | H22: 75 | I22: 0.005 | J22: 0.024
F23: 4 | G23: 112.5 | H23: 112.5 | I23: 0 | J23: 0.024
F24: 5 | G24: 149.99 | H24: 150 | I24: -0.01 | J24: 0.026
F25: 6 | G25: 187.488 | H25: 187.5 | I25: -0.012 | J25: 0.027
F26: 7 | G26: 224.985 | H26: 225 | I26: -0.015 | J26: 0.029
F27: 8 | G27: 262.48 | H27: 262.5 | I27: -0.02 | J27: 0.03
F28: 9 | G28: 299.963 | H28: 300 | I28: -0.037 | J28: 0.033
F30: Posicion | G30: Presion indicacion | H30: Presion Standar | I30: Desviacion | J30: Incertidumbre
A31: CODIGO | B31: TEC-LAB-PDI-01 | C31: DE6301-23 | F31: 1 | G31: -1.9992 | H31: -1.99915 | I31: -0.0001 | J31: 0.00039
F32: 2 | G32: -1.4994 | H32: -1.49935 | I32: 0 | J32: 0.00039
F33: 3 | G33: -0.9995 | H33: -0.99944 | I33: 0 | J33: 0.00039
F34: 4 | G34: -0.4996 | H34: -0.49962 | I34: 0 | J34: 0.00039
F35: 5 | G35: 0.0001 | H35: 0.00011 | I35: 0 | J35: 0.00039
F36: 6 | G36: 0.5 | H36: 0.50012 | I36: -0.0001 | J36: 0.00039
F37: 7 | G37: 0.9999 | H37: 0.99998 | I37: -0.0001 | J37: 0.00039
F38: 8 | G38: 1.4998 | H38: 1.49985 | I38: -0.0001 | J38: 0.00039
F39: 9 | G39: 1.9997 | H39: 1.99976 | I39: -0.0001 | J39: 0.00039
F41: Posicion | G41: Presion indicacion | H41: Presion Standar | I41: Desviacion | J41: Incertidumbre
A42: CODIGO | B42: TEC-LAB-PS-10 | C42: 10142 | F42: 1 | G42: 0 | H42: 0 | I42: =G42-H42 -> 0 | J42: 0.058
F43: 2 | G43: 399.922 | H43: 400 | I43: =G43-H43 -> -0.078 | J43: 0.0666
F44: 3 | G44: 699.97 | H44: 700 | I44: =G44-H44 -> -0.03 | J44: 0.1
F45: 4 | G45: 999.95 | H45: 1000 | I45: =G45-H45 -> -0.05 | J45: 0.15
F46: 5 | G46: 1499.95 | H46: 1500 | I46: =G46-H46 -> -0.05 | J46: 0.17
F47: 6 | G47: 1999.9 | H47: 2000 | I47: =G47-H47 -> -0.1 | J47: 0.18
F48: 7 | G48: 2499.85 | H48: 2500 | I48: =G48-H48 -> -0.15 | J48: 0.24
F49: 8 | G49: 2999.75 | H49: 3000 | I49: =G49-H49 -> -0.25 | J49: 0.27
F50: 9 | G50: 3499.7 | H50: 3500 | I50: =G50-H50 -> -0.3 | J50: 0.29
F51: 10 | G51: 3999.7 | H51: 4000 | I51: =G51-H51 -> -0.3 | J51: 0.33
F52: 11 | G52: 4999.62 | H52: 5000 | I52: =G52-H52 -> -0.38 | J52: 0.41
F54: Posicion | G54: Presion Estándar | H54: Presion Indicacion | I54: Desviacion | J54: Incertidumbre
A55: CODIGO | B55: TC-LAB-PS-03 | C55: 9347/9348 | F55: 1 | G55: 0 | H55: 0.01 | I55: 0.005 | J55: 0.027
F56: 2 | G56: 3.001 | H56: 2.99 | I56: -0.011 | J56: 0.027
F57: 3 | G57: 5.002 | H57: 4.98 | I57: -0.022 | J57: 0.027
F58: 4 | G58: 10.002 | H58: 9.94 | I58: -0.062 | J58: 0.027
F59: 5 | G59: 15.003 | H59: 14.95 | I59: -0.053 | J59: 0.027
F60: 6 | G60: 20.003 | H60: 19.96 | I60: -0.43 | J60: 0.027
F61: 7 | G61: 25.003 | H61: 25 | I61: -0.008 | J61: 0.027
F62: 8 | G62: 30.004 | H62: 30.04 | I62: -0.036 | J62: 0.027
F63: 9
F64: 10
F65: 11
F67: Posicion | G67: Presion Estándar | H67: Presion Indicacion | I67: Desviacion | J67: Incertidumbre
F68: 1 | G68: 0 | H68: 0.01 | I68: 0.005 | J68: 0.027
A69: CODIGO | B69: TC-LAB-PS-03 | C69: 9347/9348 | F69: 2 | G69: 3.001 | H69: 2.99 | I69: -0.011 | J69: 0.027
F70: 3 | G70: 5.002 | H70: 4.98 | I70: -0.022 | J70: 0.027
F71: 4 | G71: 10.002 | H71: 9.94 | I71: -0.062 | J71: 0.027
F72: 5 | G72: 15.003 | H72: 14.95 | I72: -0.053 | J72: 0.027
F73: 6 | G73: 20.003 | H73: 19.96 | I73: -0.43 | J73: 0.027
F74: 7 | G74: 25.003 | H74: 25 | I74: -0.008 | J74: 0.027
F75: 8 | G75: 30.004 | H75: 30.04 | I75: -0.036 | J75: 0.027
F76: 9
F77: 10
F78: 11
