Workbook
Name Cargo: #REF!
Name Cargo: #REF!
Name Cargo: #REF!
Name CARRO: #REF!
Name CARRO: #REF!
Name CESAR: #REF!
Name Clase: #REF!
Name Clase: #REF!
Name Codigo: #REF!
Name Codigo: #REF!
Name División_de_verificación: #REF!
Name División_de_verificación: #REF!
Name Excentricidad: #REF!
Name Excentricidad: #REF!
Name Max: #REF!
Name Max: #REF!
Name Min: #REF!
Name Min: #REF!
Name MOTO: #REF!
Name Nombres: #REF!
Name Nombres: #REF!
Name Patrón: #REF!
Name Patrón: #REF!
Name Repetibilidad: #REF!
Name Repetibilidad: #REF!
Name Resolucion: #REF!
Name Resolucion: #REF!
Name Resolución: #REF!
Name Resolución: #REF!
Name Temperatura: #REF!
Name Temperatura: #REF!
Name U0: #REF!
Name U0: #REF!
Name Umax: #REF!
Name Umax: #REF!
Name Unidades: #REF!
Name Unidades: #REF!

Sheet DATOS GENERALES
F1: CALIBRACIÓN DE EQUIPOS VOLUMÉTRICOS ACCIONADOS POR PISTON, LC-FR-60 V13
F2: CD438-25
A4: Revisado Director Técnico, 2025-09-20 - Aprobado Gerente General, 2025-09-22
A7: Certificado de calibración No. | F7: TVO005-26A | K7: Hora inicial | O7: 0.3375
A9: Fecha de recepción: | F9: 46042 | K9: Hora final | O9: 0.36666667
A11: Fecha de calibración: | F11: 46049
A13: Información del cliente
A14: Cliente: | C14: Tecservice S.A.S. | I14: Dirección: | K14: Av 4AN No. 45-56 | P14: Ciudad: | R14: Cali
A15: Contacto: | C15: Hector Fabio Carabali Herrera | I15: Teléfono | K15: 318 712 6566 - 602 654 0608
A16: Información del instrumento | AC16: =F22 -> 0.00024
A17: Nombre: | C17: Micropipeta | H17: Fabricante: | J17: BRAND | N17: Modelo: | P17: Transferpette
A18: No. serie: | C18: 08Y7018 | H18: Código: | J18: TEC-LAB-V-03 | N18: Ubicación: | P18: N.I.
A19: lugar de calibración: | E19: Tecservice S.A.S. Laboratorio de Volumen | N19: Resolución: | P19: 1 | T19: µL | U19: =LEN(P19) -> 1
A20: Características metrológicas del instrumento
A21: Tipo de material: | D21: Plástico (polipropileno) | H21: Intervalo de medición | K21: 100 | L21: Hasta | M21: 1000 | N21: µL | O21: Densidad pesas | R21: 7.96 | S21: g/cm3
A22: Coeficiente de expansión [°C-1]: | F22: =IF(D21="","",VLOOKUP(D21,Z164:AB178,3,FALSE)) -> 0.00024 | H22: Temperatura de referencia: | M22: 20 | N22: °C | O22: EMP: | P22: =CONCATENATE("E"," ",N21) -> E µL | Q22: 8 | R22: E % | T22: 0.8 | W22: =LEN(Q22) -> 1 | X22: =W22-1 -> 0
A23: Base de Ajuste: | D23: Expulsar (Ex) | H23: Liquido de Ensayo: | K23: Agua Des-ionizada grado 3 | P23: =CONCATENATE("CV"," ",N21) -> CV µL | Q23: 3 | R23: CV % | T23: 0.3 | W23: =LEN(Q23) -> 1 | X23: =W23-1 -> 0
A24: ¿Tipo Selección Volumen ? | D24: Variable | L24: Regla de Decisión ? | P24: Especificar probabilidad de Conformidad ? | U24: ← Seleccionar
A25: ¿ Colchón de Aire ? | D25: Si | L25: =IF($N$24="Simple","Aceptación simple (ILAC G8), evaluando tanto el error sistematico como el error aleatorio,",IF($N$24="Conservadora","Declaración Binaria con zona de seguridad (ILAC G8), zona de seguridad igual a la incertidumbre expandida, evaluando tanto el error sistematico como el error aleatorio, ","N.A. No fue requeridad declaracion de conformidad.")) -> N.A. No fue requeridad declaracion de conformidad. | P25: Especificación:(Norma, SOP. Manual Fab. etc.) $
A26: ¿Las mediciones dependen de la lectura directa del volumen de salida? Ej. Buretas | E26: No | L26: =IF(T24="No","",IF(T24="N.A.","",IF(T24="","",IF($N$24="Simple"," con probabilidad de no conformidad menor al 50 %.",IF($N$24="Conservadora","con probabilidad de no conformidad menor al 2,3 %.","")))))
A27: Evaluación visual de las características de funcionamiento instrumento
A28: Características a evaluar: | J28: Cumple | M28: Observaciones
J29: Si | K29: No | L29: N.A
A30: ¿ El instrumento presenta partículas de agua ? | K30: X
A31: ¿ El instrumento esta despicado, quebrado o fisurado ? | K31: X
A32: ¿ La Lectura es legible ? | J32: X
A33: ¿ El instrumento presenta contaminación con partículas extrañas? | K33: X
F35: Trazabilidad
D36: linealidad fabricante (g) | F36: Código | J36: Descripción | P36: Fecha Cal | Q36: Vigencia
D37: 0.0002 | F37: TEC-LAB-BA-07 | J37: =VLOOKUP(F37,Trazabilidad!$T$5:$Z$14,2,FALSE) -> Balanza semimicro | P37: =VLOOKUP(F37,Trazabilidad!$T$5:$Z$14,5,FALSE) -> 45832 | Q37: =VLOOKUP(F37,Trazabilidad!$T$5:$Z$14,6,FALSE) -> 46197 | S37: =IF(Q37<TODAY(),"OJO EQ PATRON FUERA DE SERVICIO","")
D38: desves fabricante (g) | F38: TEC-LAB-PTHRI-03 | J38: =VLOOKUP(F38,Trazabilidad!$T$5:$Z$14,2,FALSE) -> Termo higrómetro barómetro digital | P38: =VLOOKUP(F38,Trazabilidad!$T$5:$Z$14,5,FALSE) -> 45343 | Q38: =VLOOKUP(F38,Trazabilidad!$T$5:$Z$14,6,FALSE) -> 46074 | S38: =IF(Q38<TODAY(),"OJO EQ PATRON FUERA DE SERVICIO","")
D39: 0.0001 | F39: TEC-LAB-TH-01 | J39: =VLOOKUP(F39,Trazabilidad!$T$5:$Z$14,2,FALSE) -> Termo higrómetro digital | P39: =VLOOKUP(F39,Trazabilidad!$T$5:$Z$14,5,FALSE) -> 45337 | Q39: =VLOOKUP(F39,Trazabilidad!$T$5:$Z$14,6,FALSE) -> 46068 | S39: =IF(Q39<TODAY(),"OJO EQ PATRON FUERA DE SERVICIO","")
D40: perdida por evaporación (g) | F40: TEC-LAB-TEM-33 | J40: =VLOOKUP(F40,Trazabilidad!$T$5:$Z$14,2,FALSE) -> Termómetro digital | P40: =VLOOKUP(F40,Trazabilidad!$T$5:$Z$14,5,FALSE) -> 45695 | Q40: =VLOOKUP(F40,Trazabilidad!$T$5:$Z$14,6,FALSE) -> 46060 | S40: =IF(Q40<TODAY(),"OJO EQ PATRON FUERA DE SERVICIO","")
D41: -2e-06 | F41: N.A. | J41: =VLOOKUP(F41,Trazabilidad!$T$5:$Z$16,2,FALSE) | P41: =VLOOKUP(F41,Trazabilidad!$T$5:$Z$16,5,FALSE) | Q41: =VLOOKUP(F41,Trazabilidad!$T$5:$Z$16,6,FALSE) | S41: =IF(Q41<TODAY(),"OJO Auxiliar FUERA DE SERVICIO","")
A43: Condiciones ambientales originales | K43: Condiciones ambientales corregidas | V43: Limites
A44: Mediciones | C44: Temperatura [°C] | F44: Humedad relativa [% hr] | I44: Presión atmosférica [hPa] | K44: Mediciones | M44: Temperatura [°C] | P44: Humedad relativa [% hr] | S44: Presión atmosférica [hPa] | V44: T. Agua | W44: T. Aire | X44: Hr | Y44: P Atm
A45: Mínimas: | C45: =IF(ISBLANK(G70),"",MIN(G70:H79,G86:H95,G102:H111,G118:H127)) -> 20.6 | F45: =IF(ISBLANK(I70),"",MIN(I70:J79,I86:J95,I102:J111,I118:J127)) -> 54.5 | I45: =IF(ISBLANK(K70),"",MIN(K70:L79,K86:L95,K102:L111,K118:L127)) -> 910 | K45: Iniciales: | M45: =IF(ISBLANK(G70),"",C45+'DATOS CORRECCIONES EQUIPOS EMPL'!AA105) -> 20.786417 | P45: =IF(ISBLANK(I70),"",F45+'DATOS CORRECCIONES EQUIPOS EMPL'!AH105) -> 54.291418 | S45: =IF(ISBLANK(K70),"",I45+'DATOS CORRECCIONES EQUIPOS EMPL'!AO105) -> 910.34413 | V45: 0.5 | W45: 0.5 | X45: 5 | Y45: 5
A46: Máximas: | C46: =IF(ISBLANK(G70),"",MAX(G70:H79,G86:H95,G102:H111,G118:H127)) -> 20.8 | F46: =IF(ISBLANK(I70),"",MAX(I70:J79,I86:J95,I102:J111,I118:J127)) -> 56 | I46: =IF(ISBLANK(K70),"",MAX(K70:L79,K86:L95,K102:L111)) -> 911 | K46: Finales: | M46: =IF(ISBLANK(G70),"",C46+'DATOS CORRECCIONES EQUIPOS EMPL'!AA106) -> 20.983065 | P46: =IF(ISBLANK(I70),"",F46+'DATOS CORRECCIONES EQUIPOS EMPL'!AH106) -> 55.900794 | S46: =IF(ISBLANK(K70),"",I46+'DATOS CORRECCIONES EQUIPOS EMPL'!AO106) -> 911.3404
A47: Variación | C47: =ABS(C45-C46) -> 0.2 | K47: Variación | M47: =ABS(M45-M46) -> 0.19664857
A48: Temperatura del dispositivo.
A49: Temperatura inicial [°C] | F49: Temperatura final [°C] | K49: Delta de temperatura [°C]
A50: =+G70+'DATOS CORRECCIONES EQUIPOS EMPL'!G8 -> 20.75 | F50: =IF(H21=Q164,G79+'DATOS CORRECCIONES EQUIPOS EMPL'!G8,G111+'DATOS CORRECCIONES EQUIPOS EMPL'!G8) -> 20.55 | K50: =IF(A50="","",(F50-A50)) -> -0.2
A51: Temperatura del Agua.
A52: Temperatura inicial [°C] | F52: Temperatura final [°C] | K52: Delta de temperatura [°C]
A53: =+E70+'DATOS CORRECCIONES EQUIPOS EMPL'!T14 -> 20.694311 | F53: =IF(H21=Q164,E79+'DATOS CORRECCIONES EQUIPOS EMPL'!T23,E111+'DATOS CORRECCIONES EQUIPOS EMPL'!T59) -> 20.454221 | K53: =IF(A53="","",(F53-A53)) -> -0.24008955
A64: Mediciones realizadas
A67: =IF(AND($M$21<=100,H68=$H$165,A80>$D$174),$C$175,"")
C68: Valor Nominal | F68: 100 | H68: µL | W68: 1
A69: Lectura de la balanza / recipiente vacío [g] | C69: Lectura de la balanza / recipiente con agua [g] | E69: Temperatura del agua [°C] | G69: Temperatura del aire [°C] | I69: Humedad del aire [%] | K69: presión Atmosférica mbar | M69: Densidad del aire [g /cm3] | O69: Densidad del agua [g /cm3] | Q69: =CONCATENATE("Volumen calculado","[",H68,"]") -> Volumen calculado[µL] | S69: =CONCATENATE("Error del IBP","[",H68,"]") -> Error del IBP[µL] | V69: =CONCATENATE("Incertidumbre"," [", $H$68,"]") -> Incertidumbre [µL] | W69: Revisión Pesada | X69: Revisión temperatura del Agua | Y69: Revisión temperatura Ambiente | Z69: Revisión Humedad Relativa | AA69: Revisión Presión Atm
A70: 25.21787 | C70: 25.32046 | E70: 20.85 | G70: 20.8 | I70: 54.6 | K70: 910 | M70: =+(((0.34844*'DATOS CORRECCIONES EQUIPOS EMPL'!K14)+'DATOS CORRECCIONES EQUIPOS EMPL'!I14*((-0.00252*'DATOS CORRECCIONES EQUIPOS EMPL'!G14)+0.020582))/('DATOS CORRECCIONES EQUIPOS EMPL'!G14+273.15))/1000 -> 0.0010724516 | O70: =IF('INCERTIDUMBRE DE LA MEDIDA'!$E$38="Kell",((999.85308+0.0632693*'DATOS CORRECCIONES EQUIPOS EMPL'!E14)-(0.00852393*'DATOS CORRECCIONES EQUIPOS EMPL'!E14^2)+(0.00006943248*'DATOS CORRECCIONES EQUIPOS EMPL'!E14^3)-(0.0000003821216*'DATOS CORRECCIONES EQUIPOS EMPL'!E14^4))/1000,(0.99997495*(1-(('DATOS CORRECCIONES EQUIPOS EMPL'!E14-3.983035)^2*('DATOS CORRECCIONES EQUIPOS EMPL'!E14+301.797))/(522528.9*('DATOS CORRECCIONES EQUIPOS EMPL'!E14+69.34881))))) -> 0.99806085 | Q70: =IF($H$68=$H$165,(C70-A70-$D$41)*(((1/$R$21)*(($R$21-M70)/(O70-M70)))*(1-$F$22*('DATOS CORRECCIONES EQUIPOS EMPL'!$E14-20)))*1000,IF($H$68=$H$164,(C70-A70-$D$41)*(((1/$R$21)*(($R$21-M70)/(O70-M70)))*(1-$F$22*('DATOS CORRECCIONES EQUIPOS EMPL'!$E14-20))),(C70-A70-$D$41)*(((1/$R$21)*(($R$21-M70)/(O70-M70)))*(1-$F$22*('DATOS CORRECCIONES EQUIPOS EMPL'!$E14-20)))/1000)) -> 102.87089 | S70: =+(Q70-$F$68) -> 2.8708912 | U70: =+(1*(0.0632693*'DATOS CORRECCIONES EQUIPOS EMPL'!E14^0)-2*(0.00852393*'DATOS CORRECCIONES EQUIPOS EMPL'!E14^1)+3*(0.00006943248*'DATOS CORRECCIONES EQUIPOS EMPL'!E14^2)-4*(0.0000003821216*'DATOS CORRECCIONES EQUIPOS EMPL'!E14^3))/1000 -> -0.0002138662 | W70: =IF(OR(A70="",(ABS(S70)>=$Q$22)),"Revisar pesada","ok") -> ok | X70: =IF(ABS(G70-$E$70)<=$V$45,"ok","Revisar") -> ok | Y70: =IF(ABS(G70-E70)>=$W$45,"Revisar","ok") -> ok | Z70: =IF(ABS(I71-$I$70)<=$X$45,"ok","Revisar") -> ok | AA70: =IF(ABS(K71-$K$70)<=$Y$45,"ok","Revisar") -> ok | AI70: =LEN(W70) -> 2 | AJ70: =LEN(X70) -> 2 | AK70: =LEN(Y70) -> 2 | AL70: =LEN(Z70) -> 2 | AM70: =LEN(AA70) -> 2
A71: 25.32046 | C71: 25.42371 | E71: 20.84 | G71: 20.8 | I71: 54.9 | K71: 910 | M71: =+(((0.34844*'DATOS CORRECCIONES EQUIPOS EMPL'!K15)+'DATOS CORRECCIONES EQUIPOS EMPL'!I15*((-0.00252*'DATOS CORRECCIONES EQUIPOS EMPL'!G15)+0.020582))/('DATOS CORRECCIONES EQUIPOS EMPL'!G15+273.15))/1000 -> 0.0010724162 | O71: =IF('INCERTIDUMBRE DE LA MEDIDA'!$E$38="Kell",((999.85308+0.0632693*'DATOS CORRECCIONES EQUIPOS EMPL'!E15)-(0.00852393*'DATOS CORRECCIONES EQUIPOS EMPL'!E15^2)+(0.00006943248*'DATOS CORRECCIONES EQUIPOS EMPL'!E15^3)-(0.0000003821216*'DATOS CORRECCIONES EQUIPOS EMPL'!E15^4))/1000,(0.99997495*(1-(('DATOS CORRECCIONES EQUIPOS EMPL'!E15-3.983035)^2*('DATOS CORRECCIONES EQUIPOS EMPL'!E15+301.797))/(522528.9*('DATOS CORRECCIONES EQUIPOS EMPL'!E15+69.34881))))) -> 0.99806298 | Q71: =IF($H$68=$H$165,(C71-A71-$D$41)*(((1/$R$21)*(($R$21-M71)/(O71-M71)))*(1-$F$22*('DATOS CORRECCIONES EQUIPOS EMPL'!$E15-20)))*1000,IF($H$68=$H$164,(C71-A71-$D$41)*(((1/$R$21)*(($R$21-M71)/(O71-M71)))*(1-$F$22*('DATOS CORRECCIONES EQUIPOS EMPL'!$E15-20))),(C71-A71-$D$41)*(((1/$R$21)*(($R$21-M71)/(O71-M71)))*(1-$F$22*('DATOS CORRECCIONES EQUIPOS EMPL'!$E15-20)))/1000)) -> 103.53271 | S71: =+(Q71-$F$68) -> 3.5327088 | U71: =+(1*(0.0632693*'DATOS CORRECCIONES EQUIPOS EMPL'!E15^0)-2*(0.00852393*'DATOS CORRECCIONES EQUIPOS EMPL'!E15^1)+3*(0.00006943248*'DATOS CORRECCIONES EQUIPOS EMPL'!E15^2)-4*(0.0000003821216*'DATOS CORRECCIONES EQUIPOS EMPL'!E15^3))/1000 -> -0.00021376225 | W71: =IF(OR(A71="",(ABS(S71)>=$Q$22)),"Revisar pesada","ok") -> ok | X71: =IF(ABS(E71-$E$70)<=$V$45,"ok","Revisar") -> ok | Y71: =IF(ABS(G71-$G$70)>=$W$45,"Revisar","ok") -> ok | Z71: =IF(ABS(K71-$K$70)<=$X$45,"ok","Revisar") -> ok | AA71: =IF(ABS(K71-$K$70)<=$Y$45,"ok","Revisar") -> ok | AI71: =LEN(W71) -> 2 | AJ71: =LEN(X71) -> 2 | AK71: =LEN(Y71) -> 2 | AL71: =LEN(Z71) -> 2 | AM71: =LEN(AA71) -> 2
A72: 25.42371 | C72: 25.52614 | E72: 20.84 | G72: 20.8 | I72: 55 | K72: 910 | M72: =+(((0.34844*'DATOS CORRECCIONES EQUIPOS EMPL'!K16)+'DATOS CORRECCIONES EQUIPOS EMPL'!I16*((-0.00252*'DATOS CORRECCIONES EQUIPOS EMPL'!G16)+0.020582))/('DATOS CORRECCIONES EQUIPOS EMPL'!G16+273.15))/1000 -> 0.0010724044 | O72: =IF('INCERTIDUMBRE DE LA MEDIDA'!$E$38="Kell",((999.85308+0.0632693*'DATOS CORRECCIONES EQUIPOS EMPL'!E16)-(0.00852393*'DATOS CORRECCIONES EQUIPOS EMPL'!E16^2)+(0.00006943248*'DATOS CORRECCIONES EQUIPOS EMPL'!E16^3)-(0.0000003821216*'DATOS CORRECCIONES EQUIPOS EMPL'!E16^4))/1000,(0.99997495*(1-(('DATOS CORRECCIONES EQUIPOS EMPL'!E16-3.983035)^2*('DATOS CORRECCIONES EQUIPOS EMPL'!E16+301.797))/(522528.9*('DATOS CORRECCIONES EQUIPOS EMPL'!E16+69.34881))))) -> 0.99806298 | Q72: =IF($H$68=$H$165,(C72-A72-$D$41)*(((1/$R$21)*(($R$21-M72)/(O72-M72)))*(1-$F$22*('DATOS CORRECCIONES EQUIPOS EMPL'!$E16-20)))*1000,IF($H$68=$H$164,(C72-A72-$D$41)*(((1/$R$21)*(($R$21-M72)/(O72-M72)))*(1-$F$22*('DATOS CORRECCIONES EQUIPOS EMPL'!$E16-20))),(C72-A72-$D$41)*(((1/$R$21)*(($R$21-M72)/(O72-M72)))*(1-$F$22*('DATOS CORRECCIONES EQUIPOS EMPL'!$E16-20)))/1000)) -> 102.71048 | S72: =+(Q72-$F$68) -> 2.7104784 | U72: =+(1*(0.0632693*'DATOS CORRECCIONES EQUIPOS EMPL'!E16^0)-2*(0.00852393*'DATOS CORRECCIONES EQUIPOS EMPL'!E16^1)+3*(0.00006943248*'DATOS CORRECCIONES EQUIPOS EMPL'!E16^2)-4*(0.0000003821216*'DATOS CORRECCIONES EQUIPOS EMPL'!E16^3))/1000 -> -0.00021376225 | W72: =IF(OR(A72="",(ABS(S72)>=$Q$22)),"Revisar pesada","ok") -> ok | X72: =IF(ABS(E72-$E$70)<=$V$45,"ok","Revisar") -> ok | Y72: =IF(ABS(G72-$G$70)>=$W$45,"Revisar","ok") -> ok | Z72: =IF(ABS(K72-$K$70)<=$X$45,"ok","Revisar") -> ok | AA72: =IF(ABS(K72-$K$70)<=$Y$45,"ok","Revisar") -> ok | AI72: =LEN(W72) -> 2 | AJ72: =LEN(X72) -> 2 | AK72: =LEN(Y72) -> 2 | AL72: =LEN(Z72) -> 2 | AM72: =LEN(AA72) -> 2
A73: 25.52614 | C73: 25.62862 | E73: 20.83 | G73: 20.8 | I73: 55 | K73: 910 | M73: =+(((0.34844*'DATOS CORRECCIONES EQUIPOS EMPL'!K17)+'DATOS CORRECCIONES EQUIPOS EMPL'!I17*((-0.00252*'DATOS CORRECCIONES EQUIPOS EMPL'!G17)+0.020582))/('DATOS CORRECCIONES EQUIPOS EMPL'!G17+273.15))/1000 -> 0.0010724044 | O73: =IF('INCERTIDUMBRE DE LA MEDIDA'!$E$38="Kell",((999.85308+0.0632693*'DATOS CORRECCIONES EQUIPOS EMPL'!E17)-(0.00852393*'DATOS CORRECCIONES EQUIPOS EMPL'!E17^2)+(0.00006943248*'DATOS CORRECCIONES EQUIPOS EMPL'!E17^3)-(0.0000003821216*'DATOS CORRECCIONES EQUIPOS EMPL'!E17^4))/1000,(0.99997495*(1-(('DATOS CORRECCIONES EQUIPOS EMPL'!E17-3.983035)^2*('DATOS CORRECCIONES EQUIPOS EMPL'!E17+301.797))/(522528.9*('DATOS CORRECCIONES EQUIPOS EMPL'!E17+69.34881))))) -> 0.99806512 | Q73: =IF($H$68=$H$165,(C73-A73-$D$41)*(((1/$R$21)*(($R$21-M73)/(O73-M73)))*(1-$F$22*('DATOS CORRECCIONES EQUIPOS EMPL'!$E17-20)))*1000,IF($H$68=$H$164,(C73-A73-$D$41)*(((1/$R$21)*(($R$21-M73)/(O73-M73)))*(1-$F$22*('DATOS CORRECCIONES EQUIPOS EMPL'!$E17-20))),(C73-A73-$D$41)*(((1/$R$21)*(($R$21-M73)/(O73-M73)))*(1-$F$22*('DATOS CORRECCIONES EQUIPOS EMPL'!$E17-20)))/1000)) -> 102.76064 | S73: =+(Q73-$F$68) -> 2.7606409 | U73: =+(1*(0.0632693*'DATOS CORRECCIONES EQUIPOS EMPL'!E17^0)-2*(0.00852393*'DATOS CORRECCIONES EQUIPOS EMPL'!E17^1)+3*(0.00006943248*'DATOS CORRECCIONES EQUIPOS EMPL'!E17^2)-4*(0.0000003821216*'DATOS CORRECCIONES EQUIPOS EMPL'!E17^3))/1000 -> -0.00021365828 | W73: =IF(OR(A73="",(ABS(S73)>=$Q$22)),"Revisar pesada","ok") -> ok | X73: =IF(ABS(E73-$E$70)<=$V$45,"ok","Revisar") -> ok | Y73: =IF(ABS(G73-$G$70)>=$W$45,"Revisar","ok") -> ok | Z73: =IF(ABS(K73-$K$70)<=$X$45,"ok","Revisar") -> ok | AA73: =IF(ABS(K73-$K$70)<=$Y$45,"ok","Revisar") -> ok | AI73: =LEN(W73) -> 2 | AJ73: =LEN(X73) -> 2 | AK73: =LEN(Y73) -> 2 | AL73: =LEN(Z73) -> 2 | AM73: =LEN(AA73) -> 2
A74: 25.62862 | C74: 25.73186 | E74: 20.82 | G74: 20.8 | I74: 54.8 | K74: 910 | M74: =+(((0.34844*'DATOS CORRECCIONES EQUIPOS EMPL'!K18)+'DATOS CORRECCIONES EQUIPOS EMPL'!I18*((-0.00252*'DATOS CORRECCIONES EQUIPOS EMPL'!G18)+0.020582))/('DATOS CORRECCIONES EQUIPOS EMPL'!G18+273.15))/1000 -> 0.001072428 | O74: =IF('INCERTIDUMBRE DE LA MEDIDA'!$E$38="Kell",((999.85308+0.0632693*'DATOS CORRECCIONES EQUIPOS EMPL'!E18)-(0.00852393*'DATOS CORRECCIONES EQUIPOS EMPL'!E18^2)+(0.00006943248*'DATOS CORRECCIONES EQUIPOS EMPL'!E18^3)-(0.0000003821216*'DATOS CORRECCIONES EQUIPOS EMPL'!E18^4))/1000,(0.99997495*(1-(('DATOS CORRECCIONES EQUIPOS EMPL'!E18-3.983035)^2*('DATOS CORRECCIONES EQUIPOS EMPL'!E18+301.797))/(522528.9*('DATOS CORRECCIONES EQUIPOS EMPL'!E18+69.34881))))) -> 0.99806726 | Q74: =IF($H$68=$H$165,(C74-A74-$D$41)*(((1/$R$21)*(($R$21-M74)/(O74-M74)))*(1-$F$22*('DATOS CORRECCIONES EQUIPOS EMPL'!$E18-20)))*1000,IF($H$68=$H$164,(C74-A74-$D$41)*(((1/$R$21)*(($R$21-M74)/(O74-M74)))*(1-$F$22*('DATOS CORRECCIONES EQUIPOS EMPL'!$E18-20))),(C74-A74-$D$41)*(((1/$R$21)*(($R$21-M74)/(O74-M74)))*(1-$F$22*('DATOS CORRECCIONES EQUIPOS EMPL'!$E18-20)))/1000)) -> 103.52274 | S74: =+(Q74-$F$68) -> 3.5227362 | U74: =+(1*(0.0632693*'DATOS CORRECCIONES EQUIPOS EMPL'!E18^0)-2*(0.00852393*'DATOS CORRECCIONES EQUIPOS EMPL'!E18^1)+3*(0.00006943248*'DATOS CORRECCIONES EQUIPOS EMPL'!E18^2)-4*(0.0000003821216*'DATOS CORRECCIONES EQUIPOS EMPL'!E18^3))/1000 -> -0.00021355428 | W74: =IF(OR(A74="",(ABS(S74)>=$Q$22)),"Revisar pesada","ok") -> ok | X74: =IF(ABS(E74-$E$70)<=$V$45,"ok","Revisar") -> ok | Y74: =IF(ABS(G74-$G$70)>=$W$45,"Revisar","ok") -> ok | Z74: =IF(ABS(K74-$K$70)<=$X$45,"ok","Revisar") -> ok | AA74: =IF(ABS(K74-$K$70)<=$Y$45,"ok","Revisar") -> ok | AC74: =EXP(1.20115406) -> 3.3239507 | AI74: =LEN(W74) -> 2 | AJ74: =LEN(X74) -> 2 | AK74: =LEN(Y74) -> 2 | AL74: =LEN(Z74) -> 2 | AM74: =LEN(AA74) -> 2
A75: 25.73186 | C75: 25.83462 | E75: 20.81 | G75: 20.8 | I75: 55.1 | K75: 910 | M75: =+(((0.34844*'DATOS CORRECCIONES EQUIPOS EMPL'!K19)+'DATOS CORRECCIONES EQUIPOS EMPL'!I19*((-0.00252*'DATOS CORRECCIONES EQUIPOS EMPL'!G19)+0.020582))/('DATOS CORRECCIONES EQUIPOS EMPL'!G19+273.15))/1000 -> 0.0010723926 | O75: =IF('INCERTIDUMBRE DE LA MEDIDA'!$E$38="Kell",((999.85308+0.0632693*'DATOS CORRECCIONES EQUIPOS EMPL'!E19)-(0.00852393*'DATOS CORRECCIONES EQUIPOS EMPL'!E19^2)+(0.00006943248*'DATOS CORRECCIONES EQUIPOS EMPL'!E19^3)-(0.0000003821216*'DATOS CORRECCIONES EQUIPOS EMPL'!E19^4))/1000,(0.99997495*(1-(('DATOS CORRECCIONES EQUIPOS EMPL'!E19-3.983035)^2*('DATOS CORRECCIONES EQUIPOS EMPL'!E19+301.797))/(522528.9*('DATOS CORRECCIONES EQUIPOS EMPL'!E19+69.34881))))) -> 0.99806939 | Q75: =IF($H$68=$H$165,(C75-A75-$D$41)*(((1/$R$21)*(($R$21-M75)/(O75-M75)))*(1-$F$22*('DATOS CORRECCIONES EQUIPOS EMPL'!$E19-20)))*1000,IF($H$68=$H$164,(C75-A75-$D$41)*(((1/$R$21)*(($R$21-M75)/(O75-M75)))*(1-$F$22*('DATOS CORRECCIONES EQUIPOS EMPL'!$E19-20))),(C75-A75-$D$41)*(((1/$R$21)*(($R$21-M75)/(O75-M75)))*(1-$F$22*('DATOS CORRECCIONES EQUIPOS EMPL'!$E19-20)))/1000)) -> 103.04145 | S75: =+(Q75-$F$68) -> 3.0414546 | U75: =+(1*(0.0632693*'DATOS CORRECCIONES EQUIPOS EMPL'!E19^0)-2*(0.00852393*'DATOS CORRECCIONES EQUIPOS EMPL'!E19^1)+3*(0.00006943248*'DATOS CORRECCIONES EQUIPOS EMPL'!E19^2)-4*(0.0000003821216*'DATOS CORRECCIONES EQUIPOS EMPL'!E19^3))/1000 -> -0.00021345026 | W75: =IF(OR(A75="",(ABS(S75)>=$Q$22)),"Revisar pesada","ok") -> ok | X75: =IF(ABS(E75-$E$70)<=$V$45,"ok","Revisar") -> ok | Y75: =IF(ABS(G75-$G$70)>=$W$45,"Revisar","ok") -> ok | Z75: =IF(ABS(K75-$K$70)<=$X$45,"ok","Revisar") -> ok | AA75: =IF(ABS(K75-$K$70)<=$Y$45,"ok","Revisar") -> ok | AI75: =LEN(W75) -> 2 | AJ75: =LEN(X75) -> 2 | AK75: =LEN(Y75) -> 2 | AL75: =LEN(Z75) -> 2 | AM75: =LEN(AA75) -> 2
A76: 25.83462 | C76: 25.93753 | E76: 20.79 | G76: 20.8 | I76: 54.9 | K76: 910 | M76: =+(((0.34844*'DATOS CORRECCIONES EQUIPOS EMPL'!K20)+'DATOS CORRECCIONES EQUIPOS EMPL'!I20*((-0.00252*'DATOS CORRECCIONES EQUIPOS EMPL'!G20)+0.020582))/('DATOS CORRECCIONES EQUIPOS EMPL'!G20+273.15))/1000 -> 0.0010724162 | O76: =IF('INCERTIDUMBRE DE LA MEDIDA'!$E$38="Kell",((999.85308+0.0632693*'DATOS CORRECCIONES EQUIPOS EMPL'!E20)-(0.00852393*'DATOS CORRECCIONES EQUIPOS EMPL'!E20^2)+(0.00006943248*'DATOS CORRECCIONES EQUIPOS EMPL'!E20^3)-(0.0000003821216*'DATOS CORRECCIONES EQUIPOS EMPL'!E20^4))/1000,(0.99997495*(1-(('DATOS CORRECCIONES EQUIPOS EMPL'!E20-3.983035)^2*('DATOS CORRECCIONES EQUIPOS EMPL'!E20+301.797))/(522528.9*('DATOS CORRECCIONES EQUIPOS EMPL'!E20+69.34881))))) -> 0.99807366 | Q76: =IF($H$68=$H$165,(C76-A76-$D$41)*(((1/$R$21)*(($R$21-M76)/(O76-M76)))*(1-$F$22*('DATOS CORRECCIONES EQUIPOS EMPL'!$E20-20)))*1000,IF($H$68=$H$164,(C76-A76-$D$41)*(((1/$R$21)*(($R$21-M76)/(O76-M76)))*(1-$F$22*('DATOS CORRECCIONES EQUIPOS EMPL'!$E20-20))),(C76-A76-$D$41)*(((1/$R$21)*(($R$21-M76)/(O76-M76)))*(1-$F$22*('DATOS CORRECCIONES EQUIPOS EMPL'!$E20-20)))/1000)) -> 103.19192 | S76: =+(Q76-$F$68) -> 3.1919187 | U76: =+(1*(0.0632693*'DATOS CORRECCIONES EQUIPOS EMPL'!E20^0)-2*(0.00852393*'DATOS CORRECCIONES EQUIPOS EMPL'!E20^1)+3*(0.00006943248*'DATOS CORRECCIONES EQUIPOS EMPL'!E20^2)-4*(0.0000003821216*'DATOS CORRECCIONES EQUIPOS EMPL'!E20^3))/1000 -> -0.00021324216 | W76: =IF(OR(A76="",(ABS(S76)>=$Q$22)),"Revisar pesada","ok") -> ok | X76: =IF(ABS(E76-$E$70)<=$V$45,"ok","Revisar") -> ok | Y76: =IF(ABS(G76-$G$70)>=$W$45,"Revisar","ok") -> ok | Z76: =IF(ABS(K76-$K$70)<=$X$45,"ok","Revisar") -> ok | AA76: =IF(ABS(K76-$K$70)<=$Y$45,"ok","Revisar") -> ok | AI76: =LEN(W76) -> 2 | AJ76: =LEN(X76) -> 2 | AK76: =LEN(Y76) -> 2 | AL76: =LEN(Z76) -> 2 | AM76: =LEN(AA76) -> 2
A77: 25.93753 | C77: 26.04041 | E77: 20.8 | G77: 20.8 | I77: 55.3 | K77: 910 | M77: =+(((0.34844*'DATOS CORRECCIONES EQUIPOS EMPL'!K21)+'DATOS CORRECCIONES EQUIPOS EMPL'!I21*((-0.00252*'DATOS CORRECCIONES EQUIPOS EMPL'!G21)+0.020582))/('DATOS CORRECCIONES EQUIPOS EMPL'!G21+273.15))/1000 -> 0.0010723691 | O77: =IF('INCERTIDUMBRE DE LA MEDIDA'!$E$38="Kell",((999.85308+0.0632693*'DATOS CORRECCIONES EQUIPOS EMPL'!E21)-(0.00852393*'DATOS CORRECCIONES EQUIPOS EMPL'!E21^2)+(0.00006943248*'DATOS CORRECCIONES EQUIPOS EMPL'!E21^3)-(0.0000003821216*'DATOS CORRECCIONES EQUIPOS EMPL'!E21^4))/1000,(0.99997495*(1-(('DATOS CORRECCIONES EQUIPOS EMPL'!E21-3.983035)^2*('DATOS CORRECCIONES EQUIPOS EMPL'!E21+301.797))/(522528.9*('DATOS CORRECCIONES EQUIPOS EMPL'!E21+69.34881))))) -> 0.99807152 | Q77: =IF($H$68=$H$165,(C77-A77-$D$41)*(((1/$R$21)*(($R$21-M77)/(O77-M77)))*(1-$F$22*('DATOS CORRECCIONES EQUIPOS EMPL'!$E21-20)))*1000,IF($H$68=$H$164,(C77-A77-$D$41)*(((1/$R$21)*(($R$21-M77)/(O77-M77)))*(1-$F$22*('DATOS CORRECCIONES EQUIPOS EMPL'!$E21-20))),(C77-A77-$D$41)*(((1/$R$21)*(($R$21-M77)/(O77-M77)))*(1-$F$22*('DATOS CORRECCIONES EQUIPOS EMPL'!$E21-20)))/1000)) -> 103.16181 | S77: =+(Q77-$F$68) -> 3.1618057 | U77: =+(1*(0.0632693*'DATOS CORRECCIONES EQUIPOS EMPL'!E21^0)-2*(0.00852393*'DATOS CORRECCIONES EQUIPOS EMPL'!E21^1)+3*(0.00006943248*'DATOS CORRECCIONES EQUIPOS EMPL'!E21^2)-4*(0.0000003821216*'DATOS CORRECCIONES EQUIPOS EMPL'!E21^3))/1000 -> -0.00021334622 | W77: =IF(OR(A77="",(ABS(S77)>=$Q$22)),"Revisar pesada","ok") -> ok | X77: =IF(ABS(E77-$E$70)<=$V$45,"ok","Revisar") -> ok | Y77: =IF(ABS(G77-$G$70)>=$W$45,"Revisar","ok") -> ok | Z77: =IF(ABS(K77-$K$70)<=$X$45,"ok","Revisar") -> ok | AA77: =IF(ABS(K77-$K$70)<=$Y$45,"ok","Revisar") -> ok | AI77: =LEN(W77) -> 2 | AJ77: =LEN(X77) -> 2 | AK77: =LEN(Y77) -> 2 | AL77: =LEN(Z77) -> 2 | AM77: =LEN(AA77) -> 2
A78: 26.04041 | C78: 26.14333 | E78: 20.78 | G78: 20.8 | I78: 55.1 | K78: 910 | M78: =+(((0.34844*'DATOS CORRECCIONES EQUIPOS EMPL'!K22)+'DATOS CORRECCIONES EQUIPOS EMPL'!I22*((-0.00252*'DATOS CORRECCIONES EQUIPOS EMPL'!G22)+0.020582))/('DATOS CORRECCIONES EQUIPOS EMPL'!G22+273.15))/1000 -> 0.0010723926 | O78: =IF('INCERTIDUMBRE DE LA MEDIDA'!$E$38="Kell",((999.85308+0.0632693*'DATOS CORRECCIONES EQUIPOS EMPL'!E22)-(0.00852393*'DATOS CORRECCIONES EQUIPOS EMPL'!E22^2)+(0.00006943248*'DATOS CORRECCIONES EQUIPOS EMPL'!E22^3)-(0.0000003821216*'DATOS CORRECCIONES EQUIPOS EMPL'!E22^4))/1000,(0.99997495*(1-(('DATOS CORRECCIONES EQUIPOS EMPL'!E22-3.983035)^2*('DATOS CORRECCIONES EQUIPOS EMPL'!E22+301.797))/(522528.9*('DATOS CORRECCIONES EQUIPOS EMPL'!E22+69.34881))))) -> 0.99807579 | Q78: =IF($H$68=$H$165,(C78-A78-$D$41)*(((1/$R$21)*(($R$21-M78)/(O78-M78)))*(1-$F$22*('DATOS CORRECCIONES EQUIPOS EMPL'!$E22-20)))*1000,IF($H$68=$H$164,(C78-A78-$D$41)*(((1/$R$21)*(($R$21-M78)/(O78-M78)))*(1-$F$22*('DATOS CORRECCIONES EQUIPOS EMPL'!$E22-20))),(C78-A78-$D$41)*(((1/$R$21)*(($R$21-M78)/(O78-M78)))*(1-$F$22*('DATOS CORRECCIONES EQUIPOS EMPL'!$E22-20)))/1000)) -> 103.20197 | S78: =+(Q78-$F$68) -> 3.2019709 | U78: =+(1*(0.0632693*'DATOS CORRECCIONES EQUIPOS EMPL'!E22^0)-2*(0.00852393*'DATOS CORRECCIONES EQUIPOS EMPL'!E22^1)+3*(0.00006943248*'DATOS CORRECCIONES EQUIPOS EMPL'!E22^2)-4*(0.0000003821216*'DATOS CORRECCIONES EQUIPOS EMPL'!E22^3))/1000 -> -0.00021313807 | W78: =IF(OR(A78="",(ABS(S78)>=$Q$22)),"Revisar pesada","ok") -> ok | X78: =IF(ABS(E78-$E$70)<=$V$45,"ok","Revisar") -> ok | Y78: =IF(ABS(G78-$G$70)>=$W$45,"Revisar","ok") -> ok | Z78: =IF(ABS(K78-$K$70)<=$X$45,"ok","Revisar") -> ok | AA78: =IF(ABS(K78-$K$70)<=$Y$45,"ok","Revisar") -> ok | AI78: =LEN(W78) -> 2 | AJ78: =LEN(X78) -> 2 | AK78: =LEN(Y78) -> 2 | AL78: =LEN(Z78) -> 2 | AM78: =LEN(AA78) -> 2
A79: 26.14333 | C79: 26.24599 | E79: 20.78 | G79: 20.8 | I79: 54.5 | K79: 910 | M79: =+(((0.34844*'DATOS CORRECCIONES EQUIPOS EMPL'!K23)+'DATOS CORRECCIONES EQUIPOS EMPL'!I23*((-0.00252*'DATOS CORRECCIONES EQUIPOS EMPL'!G23)+0.020582))/('DATOS CORRECCIONES EQUIPOS EMPL'!G23+273.15))/1000 -> 0.0010724634 | O79: =IF('INCERTIDUMBRE DE LA MEDIDA'!$E$38="Kell",((999.85308+0.0632693*'DATOS CORRECCIONES EQUIPOS EMPL'!E23)-(0.00852393*'DATOS CORRECCIONES EQUIPOS EMPL'!E23^2)+(0.00006943248*'DATOS CORRECCIONES EQUIPOS EMPL'!E23^3)-(0.0000003821216*'DATOS CORRECCIONES EQUIPOS EMPL'!E23^4))/1000,(0.99997495*(1-(('DATOS CORRECCIONES EQUIPOS EMPL'!E23-3.983035)^2*('DATOS CORRECCIONES EQUIPOS EMPL'!E23+301.797))/(522528.9*('DATOS CORRECCIONES EQUIPOS EMPL'!E23+69.34881))))) -> 0.99807579 | Q79: =IF($H$68=$H$165,(C79-A79-$D$41)*(((1/$R$21)*(($R$21-M79)/(O79-M79)))*(1-$F$22*('DATOS CORRECCIONES EQUIPOS EMPL'!$E23-20)))*1000,IF($H$68=$H$164,(C79-A79-$D$41)*(((1/$R$21)*(($R$21-M79)/(O79-M79)))*(1-$F$22*('DATOS CORRECCIONES EQUIPOS EMPL'!$E23-20))),(C79-A79-$D$41)*(((1/$R$21)*(($R$21-M79)/(O79-M79)))*(1-$F$22*('DATOS CORRECCIONES EQUIPOS EMPL'!$E23-20)))/1000)) -> 102.94127 | S79: =+(Q79-$F$68) -> 2.94127 | U79: =+(1*(0.0632693*'DATOS CORRECCIONES EQUIPOS EMPL'!E23^0)-2*(0.00852393*'DATOS CORRECCIONES EQUIPOS EMPL'!E23^1)+3*(0.00006943248*'DATOS CORRECCIONES EQUIPOS EMPL'!E23^2)-4*(0.0000003821216*'DATOS CORRECCIONES EQUIPOS EMPL'!E23^3))/1000 -> -0.00021313807 | W79: =IF(OR(A79="",(ABS(S79)>=$Q$22)),"Revisar pesada","ok") -> ok | X79: =IF(ABS(E79-$E$70)<=$V$45,"ok","Revisar") -> ok | Y79: =IF(ABS(G79-$G$70)>=$W$45,"Revisar","ok") -> ok | Z79: =IF(ABS(K79-$K$70)<=$X$45,"ok","Revisar") -> ok | AA79: =IF(ABS(K79-$K$70)<=$Y$45,"ok","Revisar") -> ok | AI79: =LEN(W79) -> 2 | AJ79: =LEN(X79) -> 2 | AK79: =LEN(Y79) -> 2 | AL79: =LEN(Z79) -> 2 | AM79: =LEN(AA79) -> 2
A80: =IF(ISBLANK(A70)," ",AVERAGE(A70:B79)) -> 25.680455 | C80: =IF(ISBLANK(C70)," ",AVERAGE(C70:D79)) -> 25.783267 | E80: =IF(ISBLANK(E70)," ",AVERAGE(E70:F79)) -> 20.814 | G80: =IF(ISBLANK(G70)," ",AVERAGE(G70:H79)) -> 20.8 | I80: =IF(ISBLANK(I70)," ",AVERAGE(I70:J79)) -> 54.92 | K80: =IF(ISBLANK(K70)," ",AVERAGE(K70:L79)) -> 910 | M80: =IF(ISBLANK(K70)," ",AVERAGE(M70:N79)) -> 0.0010724139 | O80: =IF(ISBLANK(K70)," ",AVERAGE(O70:P79)) -> 0.99806853 | Q80: =AVERAGE(Q70:R79) -> 103.09359 | S80: =AVERAGE(S70:T79) -> 3.0935875 | U80: =AVERAGE(U70:V79) -> -0.0002134918 | V80: =('INCERTIDUMBRE DE LA MEDIDA'!P63) -> 0.6498012 | W80: =IF(LEN(W70)+LEN(W71)+LEN(W72)+LEN(W73)+LEN(W74)+LEN(W75)+LEN(W76)+LEN(W77)+LEN(W78)+LEN(W79)+LEN(X70)+LEN(X71)+LEN(X72)+LEN(X73)+LEN(X74)+LEN(X75)+LEN(X76)+LEN(X77)+LEN(X78)+LEN(X79)+LEN(Y70)+LEN(Y71)+LEN(Y72)+LEN(Y73)+LEN(Y74)+LEN(Y75)+LEN(Y76)+LEN(Y77)+LEN(Y78)+LEN(Y79)+LEN(Z70)+LEN(Z71)+LEN(Z72)+LEN(Z73)+LEN(Z74)+LEN(Z75)+LEN(Z76)+LEN(Z77)+LEN(Z78)+LEN(Z79)+LEN(AA70)+LEN(AA71)+LEN(AA72)+LEN(AA73)+LEN(AA74)+LEN(AA75)+LEN(AA76)+LEN(AA77)+LEN(AA78)+LEN(AA79)=100,"Revisado OK","Revisar") -> Revisado OK | AA80: =IFERROR(W80,1) -> Revisado OK | AM80: =LEN(AA80) -> 11
C81: =ABS(S80) -> 3.0935875 | E81: =MAX(E70:E79)-MIN(E70:E79) -> 0.07 | G81: =MAX(G70:G79)-MIN(G70:G79) -> 0 | I81: =MAX(I70:I79)-MIN(I70:I79) -> 0.8 | K81: =MAX(K70:K79)-MIN(K70:K79) -> 0 | Q81: =CONCATENATE("CV ",$H$68) -> CV µL | S81: =STDEV(S70:T79) -> 0.28600776 | U81: CV % | V81: =ABS(IF(H21=Q163,(S81*100/Q80)*(F68/M21),IF(H21=Q164,(S81*100/Q80),""))) -> 0.027742536
Q82: =CONCATENATE("E ",$H$68) -> E µL | S82: =Q80-F68 -> 3.0935875 | U82: E % | V82: =ABS(IF(H21=Q163,S82*100/M21,IF(H21=Q164,S82*100/K21,""))) -> 0.30935875
A83: =IF(AND($M$21<=100,H84=$H$165,A96>$D$174),$C$175,"") | Q83: Conformidad | S83: =IF(ISBLANK($Q$22),"",IF($N$24="simple",IF(AND(ABS(S82)<=$Q$22,S81<=$Q$23,R84>=3),"Cumple","No Cumple"),IF($N$24="Conservadora",IF(AND(ABS(S82)+V80<=$Q$22,S81<=$Q$23),"Cumple","No Cumple"),"N.A."))) -> N.A. | U83: Pc : | V83: =(_xlfn.NORM.DIST($Q$22,S82,V80/'INCERTIDUMBRE DE LA MEDIDA'!P62,1)-_xlfn.NORM.DIST(-$Q$22,S82,V80/'INCERTIDUMBRE DE LA MEDIDA'!P62,1)) -> 1 | W83: PNC : | X83: =1-(_xlfn.NORM.DIST($Q$22,S82,V80/'INCERTIDUMBRE DE LA MEDIDA'!P62,1)-_xlfn.NORM.DIST(-$Q$22,S82,V80/'INCERTIDUMBRE DE LA MEDIDA'!P62,1)) -> 0
C84: Valor Nominal | F84: 500 | H84: µL | P84: =$Q$22/V80 -> 12.311458 | Q84: TUR | R84: =$Q$22/V80 -> 12.311458 | S84: =IF(V80<=$Q$22/3,"ok","Revisar TUR") -> ok | W84: 2
A85: Lectura de la balanza / recipiente vacío [g] | C85: Lectura de la balanza / recipiente con agua [g] | E85: Temperatura del agua [°C] | G85: Temperatura del aire [°C] | I85: Humedad del aire [%] | K85: presión Atmosférica mbar | M85: Densidad del aire [g /cm3] | O85: Densidad del agua [g /cm3] | Q85: =CONCATENATE("Volumen calculado","[",H84,"]") -> Volumen calculado[µL] | S85: =CONCATENATE("Error del IBP","[",H84,"]") -> Error del IBP[µL] | V85: =CONCATENATE("Incertidumbre"," [", $H$68,"]") -> Incertidumbre [µL] | W85: Revisión Pesada | X85: Revisión temperatura del Agua | Y85: Revisión temperatura Ambiente | Z85: Revisión Humedad Relativa | AA85: Revisión Presión Atm
A86: 25.2823 | C86: 25.78423 | E86: 20.75 | G86: 20.7 | I86: 55.3 | K86: 910 | M86: =+(((0.34844*'DATOS CORRECCIONES EQUIPOS EMPL'!K32)+'DATOS CORRECCIONES EQUIPOS EMPL'!I32*((-0.00252*'DATOS CORRECCIONES EQUIPOS EMPL'!G32)+0.020582))/('DATOS CORRECCIONES EQUIPOS EMPL'!G32+273.15))/1000 -> 0.001072774 | O86: =IF('INCERTIDUMBRE DE LA MEDIDA'!$E$38="Kell",((999.85308+0.0632693*'DATOS CORRECCIONES EQUIPOS EMPL'!E32)-(0.00852393*'DATOS CORRECCIONES EQUIPOS EMPL'!E32^2)+(0.00006943248*'DATOS CORRECCIONES EQUIPOS EMPL'!E32^3)-(0.0000003821216*'DATOS CORRECCIONES EQUIPOS EMPL'!E32^4))/1000,(0.99997495*(1-(('DATOS CORRECCIONES EQUIPOS EMPL'!E32-3.983035)^2*('DATOS CORRECCIONES EQUIPOS EMPL'!E32+301.797))/(522528.9*('DATOS CORRECCIONES EQUIPOS EMPL'!E32+69.34881))))) -> 0.99808218 | Q86: =IF($H$68=$H$165,(C86-A86-$D$41)*(((1/$R$21)*(($R$21-M86)/(O86-M86)))*(1-$F$22*('DATOS CORRECCIONES EQUIPOS EMPL'!$E32-20)))*1000,IF($H$68=$H$164,(C86-A86-$D$41)*(((1/$R$21)*(($R$21-M86)/(O86-M86)))*(1-$F$22*('DATOS CORRECCIONES EQUIPOS EMPL'!$E32-20))),(C86-A86-$D$41)*(((1/$R$21)*(($R$21-M86)/(O86-M86)))*(1-$F$22*('DATOS CORRECCIONES EQUIPOS EMPL'!$E32-20)))/1000)) -> 503.29794 | S86: =Q86-$F$84 -> 3.2979364 | U86: =+(1*(0.0632693*'DATOS CORRECCIONES EQUIPOS EMPL'!E32^0)-2*(0.00852393*'DATOS CORRECCIONES EQUIPOS EMPL'!E32^1)+3*(0.00006943248*'DATOS CORRECCIONES EQUIPOS EMPL'!E32^2)-4*(0.0000003821216*'DATOS CORRECCIONES EQUIPOS EMPL'!E32^3))/1000 -> -0.00021282566 | W86: =IF(OR(A86="",(ABS(S86)>=$Q$22)),"Revisar pesada","ok") -> ok | X86: =IF(ABS(G86-$E$86)<=$V$45,"ok","Revisar") -> ok | Y86: =IF(ABS(G86-E86)>=$W$45,"Revisar","ok") -> ok | Z86: =IF(ABS(I87-$I$86)<=$X$45,"ok","Revisar") -> ok | AA86: =IF(ABS(K87-$K$86)<=$Y$45,"ok","Revisar") -> ok
A87: 25.78423 | C87: 26.28604 | E87: 20.73 | G87: 20.7 | I87: 55.2 | K87: 910 | M87: =+(((0.34844*'DATOS CORRECCIONES EQUIPOS EMPL'!K33)+'DATOS CORRECCIONES EQUIPOS EMPL'!I33*((-0.00252*'DATOS CORRECCIONES EQUIPOS EMPL'!G33)+0.020582))/('DATOS CORRECCIONES EQUIPOS EMPL'!G33+273.15))/1000 -> 0.0010727857 | O87: =IF('INCERTIDUMBRE DE LA MEDIDA'!$E$38="Kell",((999.85308+0.0632693*'DATOS CORRECCIONES EQUIPOS EMPL'!E33)-(0.00852393*'DATOS CORRECCIONES EQUIPOS EMPL'!E33^2)+(0.00006943248*'DATOS CORRECCIONES EQUIPOS EMPL'!E33^3)-(0.0000003821216*'DATOS CORRECCIONES EQUIPOS EMPL'!E33^4))/1000,(0.99997495*(1-(('DATOS CORRECCIONES EQUIPOS EMPL'!E33-3.983035)^2*('DATOS CORRECCIONES EQUIPOS EMPL'!E33+301.797))/(522528.9*('DATOS CORRECCIONES EQUIPOS EMPL'!E33+69.34881))))) -> 0.99808643 | Q87: =IF($H$68=$H$165,(C87-A87-$D$41)*(((1/$R$21)*(($R$21-M87)/(O87-M87)))*(1-$F$22*('DATOS CORRECCIONES EQUIPOS EMPL'!$E33-20)))*1000,IF($H$68=$H$164,(C87-A87-$D$41)*(((1/$R$21)*(($R$21-M87)/(O87-M87)))*(1-$F$22*('DATOS CORRECCIONES EQUIPOS EMPL'!$E33-20))),(C87-A87-$D$41)*(((1/$R$21)*(($R$21-M87)/(O87-M87)))*(1-$F$22*('DATOS CORRECCIONES EQUIPOS EMPL'!$E33-20)))/1000)) -> 503.17788 | S87: =Q87-$F$84 -> 3.1778847 | U87: =+(1*(0.0632693*'DATOS CORRECCIONES EQUIPOS EMPL'!E33^0)-2*(0.00852393*'DATOS CORRECCIONES EQUIPOS EMPL'!E33^1)+3*(0.00006943248*'DATOS CORRECCIONES EQUIPOS EMPL'!E33^2)-4*(0.0000003821216*'DATOS CORRECCIONES EQUIPOS EMPL'!E33^3))/1000 -> -0.00021261728 | W87: =IF(OR(A87="",(ABS(S87)>=$Q$22)),"Revisar pesada","ok") -> ok | X87: =IF(ABS(E87-$E$86)<=$V$45,"ok","Revisar") -> ok | Y87: =IF(ABS(G87-$G$86)>=$W$45,"Revisar","ok") -> ok | Z87: =IF(ABS(I87-$I$86)<=$X$45,"ok","Revisar") -> ok | AA87: =IF(ABS(K87-$K$86)<=$Y$45,"ok","Revisar") -> ok
A88: 26.28604 | C88: 26.78796 | E88: 20.75 | G88: 20.7 | I88: 55.4 | K88: 910 | M88: =+(((0.34844*'DATOS CORRECCIONES EQUIPOS EMPL'!K34)+'DATOS CORRECCIONES EQUIPOS EMPL'!I34*((-0.00252*'DATOS CORRECCIONES EQUIPOS EMPL'!G34)+0.020582))/('DATOS CORRECCIONES EQUIPOS EMPL'!G34+273.15))/1000 -> 0.0010727623 | O88: =IF('INCERTIDUMBRE DE LA MEDIDA'!$E$38="Kell",((999.85308+0.0632693*'DATOS CORRECCIONES EQUIPOS EMPL'!E34)-(0.00852393*'DATOS CORRECCIONES EQUIPOS EMPL'!E34^2)+(0.00006943248*'DATOS CORRECCIONES EQUIPOS EMPL'!E34^3)-(0.0000003821216*'DATOS CORRECCIONES EQUIPOS EMPL'!E34^4))/1000,(0.99997495*(1-(('DATOS CORRECCIONES EQUIPOS EMPL'!E34-3.983035)^2*('DATOS CORRECCIONES EQUIPOS EMPL'!E34+301.797))/(522528.9*('DATOS CORRECCIONES EQUIPOS EMPL'!E34+69.34881))))) -> 0.99808218 | Q88: =IF($H$68=$H$165,(C88-A88-$D$41)*(((1/$R$21)*(($R$21-M88)/(O88-M88)))*(1-$F$22*('DATOS CORRECCIONES EQUIPOS EMPL'!$E34-20)))*1000,IF($H$68=$H$164,(C88-A88-$D$41)*(((1/$R$21)*(($R$21-M88)/(O88-M88)))*(1-$F$22*('DATOS CORRECCIONES EQUIPOS EMPL'!$E34-20))),(C88-A88-$D$41)*(((1/$R$21)*(($R$21-M88)/(O88-M88)))*(1-$F$22*('DATOS CORRECCIONES EQUIPOS EMPL'!$E34-20)))/1000)) -> 503.2879 | S88: =Q88-$F$84 -> 3.2879041 | U88: =+(1*(0.0632693*'DATOS CORRECCIONES EQUIPOS EMPL'!E34^0)-2*(0.00852393*'DATOS CORRECCIONES EQUIPOS EMPL'!E34^1)+3*(0.00006943248*'DATOS CORRECCIONES EQUIPOS EMPL'!E34^2)-4*(0.0000003821216*'DATOS CORRECCIONES EQUIPOS EMPL'!E34^3))/1000 -> -0.00021282566 | W88: =IF(OR(A88="",(ABS(S88)>=$Q$22)),"Revisar pesada","ok") -> ok | X88: =IF(ABS(E88-$E$86)<=$V$45,"ok","Revisar") -> ok | Y88: =IF(ABS(G88-$G$86)>=$W$45,"Revisar","ok") -> ok | Z88: =IF(ABS(I88-$I$86)<=$X$45,"ok","Revisar") -> ok | AA88: =IF(ABS(K88-$K$86)<=$Y$45,"ok","Revisar") -> ok
A89: 26.78796 | C89: 27.29009 | E89: 20.74 | G89: 20.7 | I89: 55.8 | K89: 910 | M89: =+(((0.34844*'DATOS CORRECCIONES EQUIPOS EMPL'!K35)+'DATOS CORRECCIONES EQUIPOS EMPL'!I35*((-0.00252*'DATOS CORRECCIONES EQUIPOS EMPL'!G35)+0.020582))/('DATOS CORRECCIONES EQUIPOS EMPL'!G35+273.15))/1000 -> 0.0010727156 | O89: =IF('INCERTIDUMBRE DE LA MEDIDA'!$E$38="Kell",((999.85308+0.0632693*'DATOS CORRECCIONES EQUIPOS EMPL'!E35)-(0.00852393*'DATOS CORRECCIONES EQUIPOS EMPL'!E35^2)+(0.00006943248*'DATOS CORRECCIONES EQUIPOS EMPL'!E35^3)-(0.0000003821216*'DATOS CORRECCIONES EQUIPOS EMPL'!E35^4))/1000,(0.99997495*(1-(('DATOS CORRECCIONES EQUIPOS EMPL'!E35-3.983035)^2*('DATOS CORRECCIONES EQUIPOS EMPL'!E35+301.797))/(522528.9*('DATOS CORRECCIONES EQUIPOS EMPL'!E35+69.34881))))) -> 0.9980843 | Q89: =IF($H$68=$H$165,(C89-A89-$D$41)*(((1/$R$21)*(($R$21-M89)/(O89-M89)))*(1-$F$22*('DATOS CORRECCIONES EQUIPOS EMPL'!$E35-20)))*1000,IF($H$68=$H$164,(C89-A89-$D$41)*(((1/$R$21)*(($R$21-M89)/(O89-M89)))*(1-$F$22*('DATOS CORRECCIONES EQUIPOS EMPL'!$E35-20))),(C89-A89-$D$41)*(((1/$R$21)*(($R$21-M89)/(O89-M89)))*(1-$F$22*('DATOS CORRECCIONES EQUIPOS EMPL'!$E35-20)))/1000)) -> 503.49859 | S89: =Q89-$F$84 -> 3.4985895 | U89: =+(1*(0.0632693*'DATOS CORRECCIONES EQUIPOS EMPL'!E35^0)-2*(0.00852393*'DATOS CORRECCIONES EQUIPOS EMPL'!E35^1)+3*(0.00006943248*'DATOS CORRECCIONES EQUIPOS EMPL'!E35^2)-4*(0.0000003821216*'DATOS CORRECCIONES EQUIPOS EMPL'!E35^3))/1000 -> -0.00021272148 | W89: =IF(OR(A89="",(ABS(S89)>=$Q$22)),"Revisar pesada","ok") -> ok | X89: =IF(ABS(E89-$E$86)<=$V$45,"ok","Revisar") -> ok | Y89: =IF(ABS(G89-$G$86)>=$W$45,"Revisar","ok") -> ok | Z89: =IF(ABS(I89-$I$86)<=$X$45,"ok","Revisar") -> ok | AA89: =IF(ABS(K89-$K$86)<=$Y$45,"ok","Revisar") -> ok
A90: 27.29009 | C90: 27.79258 | E90: 20.72 | G90: 20.7 | I90: 55.3 | K90: 910 | M90: =+(((0.34844*'DATOS CORRECCIONES EQUIPOS EMPL'!K36)+'DATOS CORRECCIONES EQUIPOS EMPL'!I36*((-0.00252*'DATOS CORRECCIONES EQUIPOS EMPL'!G36)+0.020582))/('DATOS CORRECCIONES EQUIPOS EMPL'!G36+273.15))/1000 -> 0.001072774 | O90: =IF('INCERTIDUMBRE DE LA MEDIDA'!$E$38="Kell",((999.85308+0.0632693*'DATOS CORRECCIONES EQUIPOS EMPL'!E36)-(0.00852393*'DATOS CORRECCIONES EQUIPOS EMPL'!E36^2)+(0.00006943248*'DATOS CORRECCIONES EQUIPOS EMPL'!E36^3)-(0.0000003821216*'DATOS CORRECCIONES EQUIPOS EMPL'!E36^4))/1000,(0.99997495*(1-(('DATOS CORRECCIONES EQUIPOS EMPL'!E36-3.983035)^2*('DATOS CORRECCIONES EQUIPOS EMPL'!E36+301.797))/(522528.9*('DATOS CORRECCIONES EQUIPOS EMPL'!E36+69.34881))))) -> 0.99808856 | Q90: =IF($H$68=$H$165,(C90-A90-$D$41)*(((1/$R$21)*(($R$21-M90)/(O90-M90)))*(1-$F$22*('DATOS CORRECCIONES EQUIPOS EMPL'!$E36-20)))*1000,IF($H$68=$H$164,(C90-A90-$D$41)*(((1/$R$21)*(($R$21-M90)/(O90-M90)))*(1-$F$22*('DATOS CORRECCIONES EQUIPOS EMPL'!$E36-20))),(C90-A90-$D$41)*(((1/$R$21)*(($R$21-M90)/(O90-M90)))*(1-$F$22*('DATOS CORRECCIONES EQUIPOS EMPL'!$E36-20)))/1000)) -> 503.85987 | S90: =Q90-$F$84 -> 3.8598662 | U90: =+(1*(0.0632693*'DATOS CORRECCIONES EQUIPOS EMPL'!E36^0)-2*(0.00852393*'DATOS CORRECCIONES EQUIPOS EMPL'!E36^1)+3*(0.00006943248*'DATOS CORRECCIONES EQUIPOS EMPL'!E36^2)-4*(0.0000003821216*'DATOS CORRECCIONES EQUIPOS EMPL'!E36^3))/1000 -> -0.00021251305 | W90: =IF(OR(A90="",(ABS(S90)>=$Q$22)),"Revisar pesada","ok") -> ok | X90: =IF(ABS(E90-$E$86)<=$V$45,"ok","Revisar") -> ok | Y90: =IF(ABS(G90-$G$86)>=$W$45,"Revisar","ok") -> ok | Z90: =IF(ABS(I90-$I$86)<=$X$45,"ok","Revisar") -> ok | AA90: =IF(ABS(K90-$K$86)<=$Y$45,"ok","Revisar") -> ok
A91: 27.79258 | C91: 28.29425 | E91: 20.71 | G91: 20.7 | I91: 55.8 | K91: 910 | M91: =+(((0.34844*'DATOS CORRECCIONES EQUIPOS EMPL'!K37)+'DATOS CORRECCIONES EQUIPOS EMPL'!I37*((-0.00252*'DATOS CORRECCIONES EQUIPOS EMPL'!G37)+0.020582))/('DATOS CORRECCIONES EQUIPOS EMPL'!G37+273.15))/1000 -> 0.0010727156 | O91: =IF('INCERTIDUMBRE DE LA MEDIDA'!$E$38="Kell",((999.85308+0.0632693*'DATOS CORRECCIONES EQUIPOS EMPL'!E37)-(0.00852393*'DATOS CORRECCIONES EQUIPOS EMPL'!E37^2)+(0.00006943248*'DATOS CORRECCIONES EQUIPOS EMPL'!E37^3)-(0.0000003821216*'DATOS CORRECCIONES EQUIPOS EMPL'!E37^4))/1000,(0.99997495*(1-(('DATOS CORRECCIONES EQUIPOS EMPL'!E37-3.983035)^2*('DATOS CORRECCIONES EQUIPOS EMPL'!E37+301.797))/(522528.9*('DATOS CORRECCIONES EQUIPOS EMPL'!E37+69.34881))))) -> 0.99809068 | Q91: =IF($H$68=$H$165,(C91-A91-$D$41)*(((1/$R$21)*(($R$21-M91)/(O91-M91)))*(1-$F$22*('DATOS CORRECCIONES EQUIPOS EMPL'!$E37-20)))*1000,IF($H$68=$H$164,(C91-A91-$D$41)*(((1/$R$21)*(($R$21-M91)/(O91-M91)))*(1-$F$22*('DATOS CORRECCIONES EQUIPOS EMPL'!$E37-20))),(C91-A91-$D$41)*(((1/$R$21)*(($R$21-M91)/(O91-M91)))*(1-$F$22*('DATOS CORRECCIONES EQUIPOS EMPL'!$E37-20)))/1000)) -> 503.03774 | S91: =Q91-$F$84 -> 3.0377443 | U91: =+(1*(0.0632693*'DATOS CORRECCIONES EQUIPOS EMPL'!E37^0)-2*(0.00852393*'DATOS CORRECCIONES EQUIPOS EMPL'!E37^1)+3*(0.00006943248*'DATOS CORRECCIONES EQUIPOS EMPL'!E37^2)-4*(0.0000003821216*'DATOS CORRECCIONES EQUIPOS EMPL'!E37^3))/1000 -> -0.0002124088 | W91: =IF(OR(A91="",(ABS(S91)>=$Q$22)),"Revisar pesada","ok") -> ok | X91: =IF(ABS(E91-$E$86)<=$V$45,"ok","Revisar") -> ok | Y91: =IF(ABS(G91-$G$86)>=$W$45,"Revisar","ok") -> ok | Z91: =IF(ABS(I91-$I$86)<=$X$45,"ok","Revisar") -> ok | AA91: =IF(ABS(K91-$K$86)<=$Y$45,"ok","Revisar") -> ok
A92: 28.29425 | C92: 28.79658 | E92: 20.7 | G92: 20.7 | I92: 55.9 | K92: 910 | M92: =+(((0.34844*'DATOS CORRECCIONES EQUIPOS EMPL'!K38)+'DATOS CORRECCIONES EQUIPOS EMPL'!I38*((-0.00252*'DATOS CORRECCIONES EQUIPOS EMPL'!G38)+0.020582))/('DATOS CORRECCIONES EQUIPOS EMPL'!G38+273.15))/1000 -> 0.0010727039 | O92: =IF('INCERTIDUMBRE DE LA MEDIDA'!$E$38="Kell",((999.85308+0.0632693*'DATOS CORRECCIONES EQUIPOS EMPL'!E38)-(0.00852393*'DATOS CORRECCIONES EQUIPOS EMPL'!E38^2)+(0.00006943248*'DATOS CORRECCIONES EQUIPOS EMPL'!E38^3)-(0.0000003821216*'DATOS CORRECCIONES EQUIPOS EMPL'!E38^4))/1000,(0.99997495*(1-(('DATOS CORRECCIONES EQUIPOS EMPL'!E38-3.983035)^2*('DATOS CORRECCIONES EQUIPOS EMPL'!E38+301.797))/(522528.9*('DATOS CORRECCIONES EQUIPOS EMPL'!E38+69.34881))))) -> 0.9980928 | Q92: =IF($H$68=$H$165,(C92-A92-$D$41)*(((1/$R$21)*(($R$21-M92)/(O92-M92)))*(1-$F$22*('DATOS CORRECCIONES EQUIPOS EMPL'!$E38-20)))*1000,IF($H$68=$H$164,(C92-A92-$D$41)*(((1/$R$21)*(($R$21-M92)/(O92-M92)))*(1-$F$22*('DATOS CORRECCIONES EQUIPOS EMPL'!$E38-20))),(C92-A92-$D$41)*(((1/$R$21)*(($R$21-M92)/(O92-M92)))*(1-$F$22*('DATOS CORRECCIONES EQUIPOS EMPL'!$E38-20)))/1000)) -> 503.69967 | S92: =Q92-$F$84 -> 3.6996727 | U92: =+(1*(0.0632693*'DATOS CORRECCIONES EQUIPOS EMPL'!E38^0)-2*(0.00852393*'DATOS CORRECCIONES EQUIPOS EMPL'!E38^1)+3*(0.00006943248*'DATOS CORRECCIONES EQUIPOS EMPL'!E38^2)-4*(0.0000003821216*'DATOS CORRECCIONES EQUIPOS EMPL'!E38^3))/1000 -> -0.00021230452 | W92: =IF(OR(A92="",(ABS(S92)>=$Q$22)),"Revisar pesada","ok") -> ok | X92: =IF(ABS(E92-$E$86)<=$V$45,"ok","Revisar") -> ok | Y92: =IF(ABS(G92-$G$86)>=$W$45,"Revisar","ok") -> ok | Z92: =IF(ABS(I92-$I$86)<=$X$45,"ok","Revisar") -> ok | AA92: =IF(ABS(K92-$K$86)<=$Y$45,"ok","Revisar") -> ok
A93: 28.79658 | C93: 29.29824 | E93: 20.71 | G93: 20.7 | I93: 55.2 | K93: 910 | M93: =+(((0.34844*'DATOS CORRECCIONES EQUIPOS EMPL'!K39)+'DATOS CORRECCIONES EQUIPOS EMPL'!I39*((-0.00252*'DATOS CORRECCIONES EQUIPOS EMPL'!G39)+0.020582))/('DATOS CORRECCIONES EQUIPOS EMPL'!G39+273.15))/1000 -> 0.0010727857 | O93: =IF('INCERTIDUMBRE DE LA MEDIDA'!$E$38="Kell",((999.85308+0.0632693*'DATOS CORRECCIONES EQUIPOS EMPL'!E39)-(0.00852393*'DATOS CORRECCIONES EQUIPOS EMPL'!E39^2)+(0.00006943248*'DATOS CORRECCIONES EQUIPOS EMPL'!E39^3)-(0.0000003821216*'DATOS CORRECCIONES EQUIPOS EMPL'!E39^4))/1000,(0.99997495*(1-(('DATOS CORRECCIONES EQUIPOS EMPL'!E39-3.983035)^2*('DATOS CORRECCIONES EQUIPOS EMPL'!E39+301.797))/(522528.9*('DATOS CORRECCIONES EQUIPOS EMPL'!E39+69.34881))))) -> 0.99809068 | Q93: =IF($H$68=$H$165,(C93-A93-$D$41)*(((1/$R$21)*(($R$21-M93)/(O93-M93)))*(1-$F$22*('DATOS CORRECCIONES EQUIPOS EMPL'!$E39-20)))*1000,IF($H$68=$H$164,(C93-A93-$D$41)*(((1/$R$21)*(($R$21-M93)/(O93-M93)))*(1-$F$22*('DATOS CORRECCIONES EQUIPOS EMPL'!$E39-20))),(C93-A93-$D$41)*(((1/$R$21)*(($R$21-M93)/(O93-M93)))*(1-$F$22*('DATOS CORRECCIONES EQUIPOS EMPL'!$E39-20)))/1000)) -> 503.02775 | S93: =Q93-$F$84 -> 3.027748 | U93: =+(1*(0.0632693*'DATOS CORRECCIONES EQUIPOS EMPL'!E39^0)-2*(0.00852393*'DATOS CORRECCIONES EQUIPOS EMPL'!E39^1)+3*(0.00006943248*'DATOS CORRECCIONES EQUIPOS EMPL'!E39^2)-4*(0.0000003821216*'DATOS CORRECCIONES EQUIPOS EMPL'!E39^3))/1000 -> -0.0002124088 | W93: =IF(OR(A93="",(ABS(S93)>=$Q$22)),"Revisar pesada","ok") -> ok | X93: =IF(ABS(E93-$E$86)<=$V$45,"ok","Revisar") -> ok | Y93: =IF(ABS(G93-$G$86)>=$W$45,"Revisar","ok") -> ok | Z93: =IF(ABS(I93-$I$86)<=$X$45,"ok","Revisar") -> ok | AA93: =IF(ABS(K93-$K$86)<=$Y$45,"ok","Revisar") -> ok
A94: 29.29824 | C94: 29.80075 | E94: 20.67 | G94: 20.7 | I94: 54.6 | K94: 910 | M94: =+(((0.34844*'DATOS CORRECCIONES EQUIPOS EMPL'!K40)+'DATOS CORRECCIONES EQUIPOS EMPL'!I40*((-0.00252*'DATOS CORRECCIONES EQUIPOS EMPL'!G40)+0.020582))/('DATOS CORRECCIONES EQUIPOS EMPL'!G40+273.15))/1000 -> 0.0010728559 | O94: =IF('INCERTIDUMBRE DE LA MEDIDA'!$E$38="Kell",((999.85308+0.0632693*'DATOS CORRECCIONES EQUIPOS EMPL'!E40)-(0.00852393*'DATOS CORRECCIONES EQUIPOS EMPL'!E40^2)+(0.00006943248*'DATOS CORRECCIONES EQUIPOS EMPL'!E40^3)-(0.0000003821216*'DATOS CORRECCIONES EQUIPOS EMPL'!E40^4))/1000,(0.99997495*(1-(('DATOS CORRECCIONES EQUIPOS EMPL'!E40-3.983035)^2*('DATOS CORRECCIONES EQUIPOS EMPL'!E40+301.797))/(522528.9*('DATOS CORRECCIONES EQUIPOS EMPL'!E40+69.34881))))) -> 0.99809917 | Q94: =IF($H$68=$H$165,(C94-A94-$D$41)*(((1/$R$21)*(($R$21-M94)/(O94-M94)))*(1-$F$22*('DATOS CORRECCIONES EQUIPOS EMPL'!$E40-20)))*1000,IF($H$68=$H$164,(C94-A94-$D$41)*(((1/$R$21)*(($R$21-M94)/(O94-M94)))*(1-$F$22*('DATOS CORRECCIONES EQUIPOS EMPL'!$E40-20))),(C94-A94-$D$41)*(((1/$R$21)*(($R$21-M94)/(O94-M94)))*(1-$F$22*('DATOS CORRECCIONES EQUIPOS EMPL'!$E40-20)))/1000)) -> 503.88064 | S94: =Q94-$F$84 -> 3.8806437 | U94: =+(1*(0.0632693*'DATOS CORRECCIONES EQUIPOS EMPL'!E40^0)-2*(0.00852393*'DATOS CORRECCIONES EQUIPOS EMPL'!E40^1)+3*(0.00006943248*'DATOS CORRECCIONES EQUIPOS EMPL'!E40^2)-4*(0.0000003821216*'DATOS CORRECCIONES EQUIPOS EMPL'!E40^3))/1000 -> -0.00021199156 | W94: =IF(OR(A94="",(ABS(S94)>=$Q$22)),"Revisar pesada","ok") -> ok | X94: =IF(ABS(E94-$E$86)<=$V$45,"ok","Revisar") -> ok | Y94: =IF(ABS(G94-$G$86)>=$W$45,"Revisar","ok") -> ok | Z94: =IF(ABS(I94-$I$86)<=$X$45,"ok","Revisar") -> ok | AA94: =IF(ABS(K94-$K$86)<=$Y$45,"ok","Revisar") -> ok
A95: 29.80075 | C95: 30.30313 | E95: 20.67 | G95: 20.7 | I95: 55.4 | K95: 910 | M95: =+(((0.34844*'DATOS CORRECCIONES EQUIPOS EMPL'!K41)+'DATOS CORRECCIONES EQUIPOS EMPL'!I41*((-0.00252*'DATOS CORRECCIONES EQUIPOS EMPL'!G41)+0.020582))/('DATOS CORRECCIONES EQUIPOS EMPL'!G41+273.15))/1000 -> 0.0010727623 | O95: =IF('INCERTIDUMBRE DE LA MEDIDA'!$E$38="Kell",((999.85308+0.0632693*'DATOS CORRECCIONES EQUIPOS EMPL'!E41)-(0.00852393*'DATOS CORRECCIONES EQUIPOS EMPL'!E41^2)+(0.00006943248*'DATOS CORRECCIONES EQUIPOS EMPL'!E41^3)-(0.0000003821216*'DATOS CORRECCIONES EQUIPOS EMPL'!E41^4))/1000,(0.99997495*(1-(('DATOS CORRECCIONES EQUIPOS EMPL'!E41-3.983035)^2*('DATOS CORRECCIONES EQUIPOS EMPL'!E41+301.797))/(522528.9*('DATOS CORRECCIONES EQUIPOS EMPL'!E41+69.34881))))) -> 0.99809917 | Q95: =IF($H$68=$H$165,(C95-A95-$D$41)*(((1/$R$21)*(($R$21-M95)/(O95-M95)))*(1-$F$22*('DATOS CORRECCIONES EQUIPOS EMPL'!$E41-20)))*1000,IF($H$68=$H$164,(C95-A95-$D$41)*(((1/$R$21)*(($R$21-M95)/(O95-M95)))*(1-$F$22*('DATOS CORRECCIONES EQUIPOS EMPL'!$E41-20))),(C95-A95-$D$41)*(((1/$R$21)*(($R$21-M95)/(O95-M95)))*(1-$F$22*('DATOS CORRECCIONES EQUIPOS EMPL'!$E41-20)))/1000)) -> 503.75025 | S95: =Q95-$F$84 -> 3.7502483 | U95: =+(1*(0.0632693*'DATOS CORRECCIONES EQUIPOS EMPL'!E41^0)-2*(0.00852393*'DATOS CORRECCIONES EQUIPOS EMPL'!E41^1)+3*(0.00006943248*'DATOS CORRECCIONES EQUIPOS EMPL'!E41^2)-4*(0.0000003821216*'DATOS CORRECCIONES EQUIPOS EMPL'!E41^3))/1000 -> -0.00021199156 | W95: =IF(OR(A95="",(ABS(S95)>=$Q$22)),"Revisar pesada","ok") -> ok | X95: =IF(ABS(E95-$E$86)<=$V$45,"ok","Revisar") -> ok | Y95: =IF(ABS(G95-$G$86)>=$W$45,"Revisar","ok") -> ok | Z95: =IF(ABS(I95-$I$86)<=$X$45,"ok","Revisar") -> ok | AA95: =IF(ABS(K95-$K$86)<=$Y$45,"ok","Revisar") -> ok
A96: =IF(ISBLANK(A86)," ",AVERAGE(A86:B95)) -> 27.541302 | C96: =IF(ISBLANK(C86)," ",AVERAGE(C86:D95)) -> 28.043385 | E96: =IF(ISBLANK(E86)," ",AVERAGE(E86:F95)) -> 20.715 | G96: =IF(ISBLANK(G86)," ",AVERAGE(G86:H95)) -> 20.7 | I96: =IF(ISBLANK(I86)," ",AVERAGE(I86:J95)) -> 55.39 | K96: =IF(ISBLANK(K86)," ",AVERAGE(K86:L95)) -> 910 | M96: =IF(ISBLANK(K86)," ",AVERAGE(M86:N95)) -> 0.0010727635 | O96: =IF(ISBLANK(K86)," ",AVERAGE(O86:P95)) -> 0.99808961 | Q96: =AVERAGE(Q86:R95) -> 503.45182 | S96: =AVERAGE(S86:T95) -> 3.4518238 | U96: =AVERAGE(U86:V95) -> -0.00021246084 | V96: =('INCERTIDUMBRE DE LA MEDIDA'!P124) -> 0.9357236 | W96: =IF(D24=A164,"Revisado OK",IF(LEN(W86)+LEN(W87)+LEN(W88)+LEN(W89)+LEN(W90)+LEN(W91)+LEN(W92)+LEN(W93)+LEN(W94)+LEN(W95)+LEN(X86)+LEN(X87)+LEN(X88)+LEN(X89)+LEN(X90)+LEN(X91)+LEN(X92)+LEN(X93)+LEN(X94)+LEN(X95)+LEN(Y86)+LEN(Y87)+LEN(Y88)+LEN(Y89)+LEN(Y90)+LEN(Y91)+LEN(Y92)+LEN(Y93)+LEN(Y94)+LEN(Y95)+LEN(Z86)+LEN(Z87)+LEN(Z88)+LEN(Z89)+LEN(Z90)+LEN(Z91)+LEN(Z92)+LEN(Z93)+LEN(Z94)+LEN(Z95)+LEN(AA86)+LEN(AA87)+LEN(AA88)+LEN(AA89)+LEN(AA90)+LEN(AA91)+LEN(AA92)+LEN(AA93)+LEN(AA94)+LEN(AA95)=100,"Revisado OK","Revisar")) -> Revisado OK | AA96: =IFERROR(W96,1) -> Revisado OK
C97: =ABS(S96) -> 3.4518238 | E97: =MAX(E86:E95)-MIN(E86:E95) -> 0.08 | G97: =MAX(G86:G95)-MIN(G86:G95) -> 0 | I97: =MAX(I86:I95)-MIN(I86:I95) -> 1.3 | K97: =MAX(K86:K95)-MIN(K86:K95) -> 0 | Q97: =CONCATENATE("CV ",$H$68) -> CV µL | S97: =STDEVA(S86:T95) -> 0.32997544 | U97: CV % | V97: =ABS(IF(H21=Q163,(S97*100/Q96)*(F84/M21),IF(H21=Q164,(S97*100/Q96),""))) -> 0.032771302 | W97: Revisado OK
Q98: =CONCATENATE("E ",$H$68) -> E µL | S98: =Q96-F84 -> 3.4518238 | U98: E % | V98: =ABS(IF(H21=Q163,S98*100/M21,IF(H21=Q164,S98*100/K21,""))) -> 0.34518238
A99: =IF(AND($M$21<=100,H100=$H$165,A112>$D$174),$C$175,"") | Q99: Conformidad | S99: =IF(ISBLANK($Q$22),"",IF($N$24="simple",IF(AND(ABS(S98)<=$Q$22,S97<=$Q$23,R100>=3),"Cumple","No Cumple"),IF($N$24="Conservadora",IF(AND(ABS(S98)+V96<=$Q$22,S97<=$Q$23),"Cumple","No Cumple"),"N.A."))) -> N.A. | U99: Pc : | V99: =(_xlfn.NORM.DIST($Q$22,S98,V96/'INCERTIDUMBRE DE LA MEDIDA'!P123,1)-_xlfn.NORM.DIST(-$Q$22,S98,V96/'INCERTIDUMBRE DE LA MEDIDA'!P123,1)) -> 1 | W99: PNC : | X99: =1-(_xlfn.NORM.DIST($Q$22,S98,V96/'INCERTIDUMBRE DE LA MEDIDA'!P123,1)-_xlfn.NORM.DIST(-$Q$22,S98,V96/'INCERTIDUMBRE DE LA MEDIDA'!P123,1)) -> 0
C100: Valor Nominal | F100: 1000 | H100: µL | P100: =$Q$22/V96 -> 8.5495332 | Q100: TUR | R100: =$Q$22/V96 -> 8.5495332 | S100: =IF(V96<=$Q$22/3,"ok","Revisar TUR") -> ok | W100: 3
A101: Lectura de la balanza / recipiente vacío [g] | C101: Lectura de la balanza / recipiente con agua [g] | E101: Temperatura del agua [°C] | G101: Temperatura del aire [°C] | I101: Humedad del aire [%] | K101: presión Atmosférica mbar | M101: Densidad del aire [g /cm3] | O101: Densidad del agua [g /cm3] | Q101: =CONCATENATE("Volumen calculado","[",H100,"]") -> Volumen calculado[µL] | S101: =CONCATENATE("Error del IBP","[",H100,"]") -> Error del IBP[µL] | V101: =CONCATENATE("Incertidumbre"," [", $H$68,"]") -> Incertidumbre [µL] | W101: Revisión Pesada | X101: Revisión temperatura del Agua | Y101: Revisión temperatura Ambiente | Z101: Revisión Humedad Relativa | AA101: Revisión Presión Atm
A102: 25.23439 | C102: 26.23501 | E102: 20.68 | G102: 20.6 | I102: 54.5 | K102: 910 | M102: =+(((0.34844*'DATOS CORRECCIONES EQUIPOS EMPL'!K50)+'DATOS CORRECCIONES EQUIPOS EMPL'!I50*((-0.00252*'DATOS CORRECCIONES EQUIPOS EMPL'!G50)+0.020582))/('DATOS CORRECCIONES EQUIPOS EMPL'!G50+273.15))/1000 -> 0.0010732724 | O102: =IF('INCERTIDUMBRE DE LA MEDIDA'!$E$38="Kell",((999.85308+0.0632693*'DATOS CORRECCIONES EQUIPOS EMPL'!E50)-(0.00852393*'DATOS CORRECCIONES EQUIPOS EMPL'!E50^2)+(0.00006943248*'DATOS CORRECCIONES EQUIPOS EMPL'!E50^3)-(0.0000003821216*'DATOS CORRECCIONES EQUIPOS EMPL'!E50^4))/1000,(0.99997495*(1-(('DATOS CORRECCIONES EQUIPOS EMPL'!E50-3.983035)^2*('DATOS CORRECCIONES EQUIPOS EMPL'!E50+301.797))/(522528.9*('DATOS CORRECCIONES EQUIPOS EMPL'!E50+69.34881))))) -> 0.99809705 | Q102: =IF($H$68=$H$165,(C102-A102-$D$41)*(((1/$R$21)*(($R$21-M102)/(O102-M102)))*(1-$F$22*('DATOS CORRECCIONES EQUIPOS EMPL'!$E50-20)))*1000,IF($H$68=$H$164,(C102-A102-$D$41)*(((1/$R$21)*(($R$21-M102)/(O102-M102)))*(1-$F$22*('DATOS CORRECCIONES EQUIPOS EMPL'!$E50-20))),(C102-A102-$D$41)*(((1/$R$21)*(($R$21-M102)/(O102-M102)))*(1-$F$22*('DATOS CORRECCIONES EQUIPOS EMPL'!$E50-20)))/1000)) -> 1003.3474 | S102: =Q102-$F$100 -> 3.3473891 | U102: =+(1*(0.0632693*'DATOS CORRECCIONES EQUIPOS EMPL'!E50^0)-2*(0.00852393*'DATOS CORRECCIONES EQUIPOS EMPL'!E50^1)+3*(0.00006943248*'DATOS CORRECCIONES EQUIPOS EMPL'!E50^2)-4*(0.0000003821216*'DATOS CORRECCIONES EQUIPOS EMPL'!E50^3))/1000 -> -0.0002120959 | W102: =IF(OR(A102="",(ABS(S102)>=$Q$22)),"Revisar pesada","ok") -> ok | X102: =IF(ABS(E102-$G$102)<=$V$45,"ok","Revisar") -> ok | Y102: =IF(ABS(G102-E102)>=$W$45,"Revisar","ok") -> ok | Z102: =IF(ABS(I103-$I$102)<=$X$45,"ok","Revisar") -> ok | AA102: =IF(ABS(K103-$K$102)<=$Y$45,"ok","Revisar") -> ok | AB102: =ABS(S102) -> 3.3473891
A103: 26.23501 | C103: 27.2379 | E103: 20.65 | G103: 20.6 | I103: 55.2 | K103: 910 | M103: =+(((0.34844*'DATOS CORRECCIONES EQUIPOS EMPL'!K51)+'DATOS CORRECCIONES EQUIPOS EMPL'!I51*((-0.00252*'DATOS CORRECCIONES EQUIPOS EMPL'!G51)+0.020582))/('DATOS CORRECCIONES EQUIPOS EMPL'!G51+273.15))/1000 -> 0.0010731911 | O103: =IF('INCERTIDUMBRE DE LA MEDIDA'!$E$38="Kell",((999.85308+0.0632693*'DATOS CORRECCIONES EQUIPOS EMPL'!E51)-(0.00852393*'DATOS CORRECCIONES EQUIPOS EMPL'!E51^2)+(0.00006943248*'DATOS CORRECCIONES EQUIPOS EMPL'!E51^3)-(0.0000003821216*'DATOS CORRECCIONES EQUIPOS EMPL'!E51^4))/1000,(0.99997495*(1-(('DATOS CORRECCIONES EQUIPOS EMPL'!E51-3.983035)^2*('DATOS CORRECCIONES EQUIPOS EMPL'!E51+301.797))/(522528.9*('DATOS CORRECCIONES EQUIPOS EMPL'!E51+69.34881))))) -> 0.99810341 | Q103: =IF($H$68=$H$165,(C103-A103-$D$41)*(((1/$R$21)*(($R$21-M103)/(O103-M103)))*(1-$F$22*('DATOS CORRECCIONES EQUIPOS EMPL'!$E51-20)))*1000,IF($H$68=$H$164,(C103-A103-$D$41)*(((1/$R$21)*(($R$21-M103)/(O103-M103)))*(1-$F$22*('DATOS CORRECCIONES EQUIPOS EMPL'!$E51-20))),(C103-A103-$D$41)*(((1/$R$21)*(($R$21-M103)/(O103-M103)))*(1-$F$22*('DATOS CORRECCIONES EQUIPOS EMPL'!$E51-20)))/1000)) -> 1005.6243 | S103: =Q103-$F$100 -> 5.6243321 | U103: =+(1*(0.0632693*'DATOS CORRECCIONES EQUIPOS EMPL'!E51^0)-2*(0.00852393*'DATOS CORRECCIONES EQUIPOS EMPL'!E51^1)+3*(0.00006943248*'DATOS CORRECCIONES EQUIPOS EMPL'!E51^2)-4*(0.0000003821216*'DATOS CORRECCIONES EQUIPOS EMPL'!E51^3))/1000 -> -0.0002117828 | W103: =IF(OR(A103="",(ABS(S103)>=$Q$22)),"Revisar pesada","ok") -> ok | X103: =IF(ABS(E103-$E$102)<=$V$45,"ok","Revisar") -> ok | Y103: =IF(ABS(G103-$G$102)>=$W$45,"Revisar","ok") -> ok | Z103: =IF(ABS(I103-$I$102)<=$X$45,"ok","Revisar") -> ok | AA103: =IF(ABS(K103-$K$102)<=$Y$45,"ok","Revisar") -> ok
A104: 27.2379 | C104: 28.23955 | E104: 20.65 | G104: 20.6 | I104: 54.9 | K104: 910 | M104: =+(((0.34844*'DATOS CORRECCIONES EQUIPOS EMPL'!K52)+'DATOS CORRECCIONES EQUIPOS EMPL'!I52*((-0.00252*'DATOS CORRECCIONES EQUIPOS EMPL'!G52)+0.020582))/('DATOS CORRECCIONES EQUIPOS EMPL'!G52+273.15))/1000 -> 0.0010732259 | O104: =IF('INCERTIDUMBRE DE LA MEDIDA'!$E$38="Kell",((999.85308+0.0632693*'DATOS CORRECCIONES EQUIPOS EMPL'!E52)-(0.00852393*'DATOS CORRECCIONES EQUIPOS EMPL'!E52^2)+(0.00006943248*'DATOS CORRECCIONES EQUIPOS EMPL'!E52^3)-(0.0000003821216*'DATOS CORRECCIONES EQUIPOS EMPL'!E52^4))/1000,(0.99997495*(1-(('DATOS CORRECCIONES EQUIPOS EMPL'!E52-3.983035)^2*('DATOS CORRECCIONES EQUIPOS EMPL'!E52+301.797))/(522528.9*('DATOS CORRECCIONES EQUIPOS EMPL'!E52+69.34881))))) -> 0.99810341 | Q104: =IF($H$68=$H$165,(C104-A104-$D$41)*(((1/$R$21)*(($R$21-M104)/(O104-M104)))*(1-$F$22*('DATOS CORRECCIONES EQUIPOS EMPL'!$E52-20)))*1000,IF($H$68=$H$164,(C104-A104-$D$41)*(((1/$R$21)*(($R$21-M104)/(O104-M104)))*(1-$F$22*('DATOS CORRECCIONES EQUIPOS EMPL'!$E52-20))),(C104-A104-$D$41)*(((1/$R$21)*(($R$21-M104)/(O104-M104)))*(1-$F$22*('DATOS CORRECCIONES EQUIPOS EMPL'!$E52-20)))/1000)) -> 1004.381 | S104: =Q104-$F$100 -> 4.3809845 | U104: =+(1*(0.0632693*'DATOS CORRECCIONES EQUIPOS EMPL'!E52^0)-2*(0.00852393*'DATOS CORRECCIONES EQUIPOS EMPL'!E52^1)+3*(0.00006943248*'DATOS CORRECCIONES EQUIPOS EMPL'!E52^2)-4*(0.0000003821216*'DATOS CORRECCIONES EQUIPOS EMPL'!E52^3))/1000 -> -0.0002117828 | W104: =IF(OR(A104="",(ABS(S104)>=$Q$22)),"Revisar pesada","ok") -> ok | X104: =IF(ABS(E104-$E$102)<=$V$45,"ok","Revisar") -> ok | Y104: =IF(ABS(G104-$G$102)>=$W$45,"Revisar","ok") -> ok | Z104: =IF(ABS(I104-$I$102)<=$X$45,"ok","Revisar") -> ok | AA104: =IF(ABS(K104-$K$102)<=$Y$45,"ok","Revisar") -> ok
A105: 28.23955 | C105: 29.24105 | E105: 20.66 | G105: 20.6 | I105: 55.7 | K105: 911 | M105: =+(((0.34844*'DATOS CORRECCIONES EQUIPOS EMPL'!K53)+'DATOS CORRECCIONES EQUIPOS EMPL'!I53*((-0.00252*'DATOS CORRECCIONES EQUIPOS EMPL'!G53)+0.020582))/('DATOS CORRECCIONES EQUIPOS EMPL'!G53+273.15))/1000 -> 0.0010743141 | O105: =IF('INCERTIDUMBRE DE LA MEDIDA'!$E$38="Kell",((999.85308+0.0632693*'DATOS CORRECCIONES EQUIPOS EMPL'!E53)-(0.00852393*'DATOS CORRECCIONES EQUIPOS EMPL'!E53^2)+(0.00006943248*'DATOS CORRECCIONES EQUIPOS EMPL'!E53^3)-(0.0000003821216*'DATOS CORRECCIONES EQUIPOS EMPL'!E53^4))/1000,(0.99997495*(1-(('DATOS CORRECCIONES EQUIPOS EMPL'!E53-3.983035)^2*('DATOS CORRECCIONES EQUIPOS EMPL'!E53+301.797))/(522528.9*('DATOS CORRECCIONES EQUIPOS EMPL'!E53+69.34881))))) -> 0.99810129 | Q105: =IF($H$68=$H$165,(C105-A105-$D$41)*(((1/$R$21)*(($R$21-M105)/(O105-M105)))*(1-$F$22*('DATOS CORRECCIONES EQUIPOS EMPL'!$E53-20)))*1000,IF($H$68=$H$164,(C105-A105-$D$41)*(((1/$R$21)*(($R$21-M105)/(O105-M105)))*(1-$F$22*('DATOS CORRECCIONES EQUIPOS EMPL'!$E53-20))),(C105-A105-$D$41)*(((1/$R$21)*(($R$21-M105)/(O105-M105)))*(1-$F$22*('DATOS CORRECCIONES EQUIPOS EMPL'!$E53-20)))/1000)) -> 1004.2313 | S105: =Q105-$F$100 -> 4.2312565 | U105: =+(1*(0.0632693*'DATOS CORRECCIONES EQUIPOS EMPL'!E53^0)-2*(0.00852393*'DATOS CORRECCIONES EQUIPOS EMPL'!E53^1)+3*(0.00006943248*'DATOS CORRECCIONES EQUIPOS EMPL'!E53^2)-4*(0.0000003821216*'DATOS CORRECCIONES EQUIPOS EMPL'!E53^3))/1000 -> -0.00021188719 | W105: =IF(OR(A105="",(ABS(S105)>=$Q$22)),"Revisar pesada","ok") -> ok | X105: =IF(ABS(E105-$E$102)<=$V$45,"ok","Revisar") -> ok | Y105: =IF(ABS(G105-$G$102)>=$W$45,"Revisar","ok") -> ok | Z105: =IF(ABS(I105-$I$102)<=$X$45,"ok","Revisar") -> ok | AA105: =IF(ABS(K105-$K$102)<=$Y$45,"ok","Revisar") -> ok
A106: 29.24105 | C106: 30.24198 | E106: 20.61 | G106: 20.6 | I106: 55.3 | K106: 911 | M106: =+(((0.34844*'DATOS CORRECCIONES EQUIPOS EMPL'!K54)+'DATOS CORRECCIONES EQUIPOS EMPL'!I54*((-0.00252*'DATOS CORRECCIONES EQUIPOS EMPL'!G54)+0.020582))/('DATOS CORRECCIONES EQUIPOS EMPL'!G54+273.15))/1000 -> 0.0010743605 | O106: =IF('INCERTIDUMBRE DE LA MEDIDA'!$E$38="Kell",((999.85308+0.0632693*'DATOS CORRECCIONES EQUIPOS EMPL'!E54)-(0.00852393*'DATOS CORRECCIONES EQUIPOS EMPL'!E54^2)+(0.00006943248*'DATOS CORRECCIONES EQUIPOS EMPL'!E54^3)-(0.0000003821216*'DATOS CORRECCIONES EQUIPOS EMPL'!E54^4))/1000,(0.99997495*(1-(('DATOS CORRECCIONES EQUIPOS EMPL'!E54-3.983035)^2*('DATOS CORRECCIONES EQUIPOS EMPL'!E54+301.797))/(522528.9*('DATOS CORRECCIONES EQUIPOS EMPL'!E54+69.34881))))) -> 0.99811187 | Q106: =IF($H$68=$H$165,(C106-A106-$D$41)*(((1/$R$21)*(($R$21-M106)/(O106-M106)))*(1-$F$22*('DATOS CORRECCIONES EQUIPOS EMPL'!$E54-20)))*1000,IF($H$68=$H$164,(C106-A106-$D$41)*(((1/$R$21)*(($R$21-M106)/(O106-M106)))*(1-$F$22*('DATOS CORRECCIONES EQUIPOS EMPL'!$E54-20))),(C106-A106-$D$41)*(((1/$R$21)*(($R$21-M106)/(O106-M106)))*(1-$F$22*('DATOS CORRECCIONES EQUIPOS EMPL'!$E54-20)))/1000)) -> 1003.6611 | S106: =Q106-$F$100 -> 3.6611437 | U106: =+(1*(0.0632693*'DATOS CORRECCIONES EQUIPOS EMPL'!E54^0)-2*(0.00852393*'DATOS CORRECCIONES EQUIPOS EMPL'!E54^1)+3*(0.00006943248*'DATOS CORRECCIONES EQUIPOS EMPL'!E54^2)-4*(0.0000003821216*'DATOS CORRECCIONES EQUIPOS EMPL'!E54^3))/1000 -> -0.000211365 | W106: =IF(OR(A106="",(ABS(S106)>=$Q$22)),"Revisar pesada","ok") -> ok | X106: =IF(ABS(E106-$E$102)<=$V$45,"ok","Revisar") -> ok | Y106: =IF(ABS(G106-$G$102)>=$W$45,"Revisar","ok") -> ok | Z106: =IF(ABS(I106-$I$102)<=$X$45,"ok","Revisar") -> ok | AA106: =IF(ABS(K106-$K$102)<=$Y$45,"ok","Revisar") -> ok
A107: 30.24198 | C107: 31.24229 | E107: 20.65 | G107: 20.6 | I107: 55.8 | K107: 911 | M107: =+(((0.34844*'DATOS CORRECCIONES EQUIPOS EMPL'!K55)+'DATOS CORRECCIONES EQUIPOS EMPL'!I55*((-0.00252*'DATOS CORRECCIONES EQUIPOS EMPL'!G55)+0.020582))/('DATOS CORRECCIONES EQUIPOS EMPL'!G55+273.15))/1000 -> 0.0010743025 | O107: =IF('INCERTIDUMBRE DE LA MEDIDA'!$E$38="Kell",((999.85308+0.0632693*'DATOS CORRECCIONES EQUIPOS EMPL'!E55)-(0.00852393*'DATOS CORRECCIONES EQUIPOS EMPL'!E55^2)+(0.00006943248*'DATOS CORRECCIONES EQUIPOS EMPL'!E55^3)-(0.0000003821216*'DATOS CORRECCIONES EQUIPOS EMPL'!E55^4))/1000,(0.99997495*(1-(('DATOS CORRECCIONES EQUIPOS EMPL'!E55-3.983035)^2*('DATOS CORRECCIONES EQUIPOS EMPL'!E55+301.797))/(522528.9*('DATOS CORRECCIONES EQUIPOS EMPL'!E55+69.34881))))) -> 0.99810341 | Q107: =IF($H$68=$H$165,(C107-A107-$D$41)*(((1/$R$21)*(($R$21-M107)/(O107-M107)))*(1-$F$22*('DATOS CORRECCIONES EQUIPOS EMPL'!$E55-20)))*1000,IF($H$68=$H$164,(C107-A107-$D$41)*(((1/$R$21)*(($R$21-M107)/(O107-M107)))*(1-$F$22*('DATOS CORRECCIONES EQUIPOS EMPL'!$E55-20))),(C107-A107-$D$41)*(((1/$R$21)*(($R$21-M107)/(O107-M107)))*(1-$F$22*('DATOS CORRECCIONES EQUIPOS EMPL'!$E55-20)))/1000)) -> 1003.0383 | S107: =Q107-$F$100 -> 3.038281 | U107: =+(1*(0.0632693*'DATOS CORRECCIONES EQUIPOS EMPL'!E55^0)-2*(0.00852393*'DATOS CORRECCIONES EQUIPOS EMPL'!E55^1)+3*(0.00006943248*'DATOS CORRECCIONES EQUIPOS EMPL'!E55^2)-4*(0.0000003821216*'DATOS CORRECCIONES EQUIPOS EMPL'!E55^3))/1000 -> -0.0002117828 | W107: =IF(OR(A107="",(ABS(S107)>=$Q$22)),"Revisar pesada","ok") -> ok | X107: =IF(ABS(E107-$E$102)<=$V$45,"ok","Revisar") -> ok | Y107: =IF(ABS(G107-$G$102)>=$W$45,"Revisar","ok") -> ok | Z107: =IF(ABS(I107-$I$102)<=$X$45,"ok","Revisar") -> ok | AA107: =IF(ABS(K107-$K$102)<=$Y$45,"ok","Revisar") -> ok
A108: 31.24229 | C108: 32.24481 | E108: 20.64 | G108: 20.6 | I108: 55.8 | K108: 911 | M108: =+(((0.34844*'DATOS CORRECCIONES EQUIPOS EMPL'!K56)+'DATOS CORRECCIONES EQUIPOS EMPL'!I56*((-0.00252*'DATOS CORRECCIONES EQUIPOS EMPL'!G56)+0.020582))/('DATOS CORRECCIONES EQUIPOS EMPL'!G56+273.15))/1000 -> 0.0010743025 | O108: =IF('INCERTIDUMBRE DE LA MEDIDA'!$E$38="Kell",((999.85308+0.0632693*'DATOS CORRECCIONES EQUIPOS EMPL'!E56)-(0.00852393*'DATOS CORRECCIONES EQUIPOS EMPL'!E56^2)+(0.00006943248*'DATOS CORRECCIONES EQUIPOS EMPL'!E56^3)-(0.0000003821216*'DATOS CORRECCIONES EQUIPOS EMPL'!E56^4))/1000,(0.99997495*(1-(('DATOS CORRECCIONES EQUIPOS EMPL'!E56-3.983035)^2*('DATOS CORRECCIONES EQUIPOS EMPL'!E56+301.797))/(522528.9*('DATOS CORRECCIONES EQUIPOS EMPL'!E56+69.34881))))) -> 0.99810552 | Q108: =IF($H$68=$H$165,(C108-A108-$D$41)*(((1/$R$21)*(($R$21-M108)/(O108-M108)))*(1-$F$22*('DATOS CORRECCIONES EQUIPOS EMPL'!$E56-20)))*1000,IF($H$68=$H$164,(C108-A108-$D$41)*(((1/$R$21)*(($R$21-M108)/(O108-M108)))*(1-$F$22*('DATOS CORRECCIONES EQUIPOS EMPL'!$E56-20))),(C108-A108-$D$41)*(((1/$R$21)*(($R$21-M108)/(O108-M108)))*(1-$F$22*('DATOS CORRECCIONES EQUIPOS EMPL'!$E56-20)))/1000)) -> 1005.2546 | S108: =Q108-$F$100 -> 5.2545836 | U108: =+(1*(0.0632693*'DATOS CORRECCIONES EQUIPOS EMPL'!E56^0)-2*(0.00852393*'DATOS CORRECCIONES EQUIPOS EMPL'!E56^1)+3*(0.00006943248*'DATOS CORRECCIONES EQUIPOS EMPL'!E56^2)-4*(0.0000003821216*'DATOS CORRECCIONES EQUIPOS EMPL'!E56^3))/1000 -> -0.00021167838 | W108: =IF(OR(A108="",(ABS(S108)>=$Q$22)),"Revisar pesada","ok") -> ok | X108: =IF(ABS(E108-$E$102)<=$V$45,"ok","Revisar") -> ok | Y108: =IF(ABS(G108-$G$102)>=$W$45,"Revisar","ok") -> ok | Z108: =IF(ABS(I108-$I$102)<=$X$45,"ok","Revisar") -> ok | AA108: =IF(ABS(K108-$K$102)<=$Y$45,"ok","Revisar") -> ok
A109: 32.24481 | C109: 33.24605 | E109: 20.63 | G109: 20.6 | I109: 56 | K109: 910 | M109: =+(((0.34844*'DATOS CORRECCIONES EQUIPOS EMPL'!K57)+'DATOS CORRECCIONES EQUIPOS EMPL'!I57*((-0.00252*'DATOS CORRECCIONES EQUIPOS EMPL'!G57)+0.020582))/('DATOS CORRECCIONES EQUIPOS EMPL'!G57+273.15))/1000 -> 0.0010730983 | O109: =IF('INCERTIDUMBRE DE LA MEDIDA'!$E$38="Kell",((999.85308+0.0632693*'DATOS CORRECCIONES EQUIPOS EMPL'!E57)-(0.00852393*'DATOS CORRECCIONES EQUIPOS EMPL'!E57^2)+(0.00006943248*'DATOS CORRECCIONES EQUIPOS EMPL'!E57^3)-(0.0000003821216*'DATOS CORRECCIONES EQUIPOS EMPL'!E57^4))/1000,(0.99997495*(1-(('DATOS CORRECCIONES EQUIPOS EMPL'!E57-3.983035)^2*('DATOS CORRECCIONES EQUIPOS EMPL'!E57+301.797))/(522528.9*('DATOS CORRECCIONES EQUIPOS EMPL'!E57+69.34881))))) -> 0.99810764 | Q109: =IF($H$68=$H$165,(C109-A109-$D$41)*(((1/$R$21)*(($R$21-M109)/(O109-M109)))*(1-$F$22*('DATOS CORRECCIONES EQUIPOS EMPL'!$E57-20)))*1000,IF($H$68=$H$164,(C109-A109-$D$41)*(((1/$R$21)*(($R$21-M109)/(O109-M109)))*(1-$F$22*('DATOS CORRECCIONES EQUIPOS EMPL'!$E57-20))),(C109-A109-$D$41)*(((1/$R$21)*(($R$21-M109)/(O109-M109)))*(1-$F$22*('DATOS CORRECCIONES EQUIPOS EMPL'!$E57-20)))/1000)) -> 1003.9703 | S109: =Q109-$F$100 -> 3.970314 | U109: =+(1*(0.0632693*'DATOS CORRECCIONES EQUIPOS EMPL'!E57^0)-2*(0.00852393*'DATOS CORRECCIONES EQUIPOS EMPL'!E57^1)+3*(0.00006943248*'DATOS CORRECCIONES EQUIPOS EMPL'!E57^2)-4*(0.0000003821216*'DATOS CORRECCIONES EQUIPOS EMPL'!E57^3))/1000 -> -0.00021157395 | W109: =IF(OR(A109="",(ABS(S109)>=$Q$22)),"Revisar pesada","ok") -> ok | X109: =IF(ABS(E109-$E$102)<=$V$45,"ok","Revisar") -> ok | Y109: =IF(ABS(G109-$G$102)>=$W$45,"Revisar","ok") -> ok | Z109: =IF(ABS(I109-$I$102)<=$X$45,"ok","Revisar") -> ok | AA109: =IF(ABS(K109-$K$102)<=$Y$45,"ok","Revisar") -> ok
A110: 33.24605 | C110: 34.24891 | E110: 20.61 | G110: 20.6 | I110: 55.7 | K110: 910 | M110: =+(((0.34844*'DATOS CORRECCIONES EQUIPOS EMPL'!K58)+'DATOS CORRECCIONES EQUIPOS EMPL'!I58*((-0.00252*'DATOS CORRECCIONES EQUIPOS EMPL'!G58)+0.020582))/('DATOS CORRECCIONES EQUIPOS EMPL'!G58+273.15))/1000 -> 0.0010731331 | O110: =IF('INCERTIDUMBRE DE LA MEDIDA'!$E$38="Kell",((999.85308+0.0632693*'DATOS CORRECCIONES EQUIPOS EMPL'!E58)-(0.00852393*'DATOS CORRECCIONES EQUIPOS EMPL'!E58^2)+(0.00006943248*'DATOS CORRECCIONES EQUIPOS EMPL'!E58^3)-(0.0000003821216*'DATOS CORRECCIONES EQUIPOS EMPL'!E58^4))/1000,(0.99997495*(1-(('DATOS CORRECCIONES EQUIPOS EMPL'!E58-3.983035)^2*('DATOS CORRECCIONES EQUIPOS EMPL'!E58+301.797))/(522528.9*('DATOS CORRECCIONES EQUIPOS EMPL'!E58+69.34881))))) -> 0.99811187 | Q110: =IF($H$68=$H$165,(C110-A110-$D$41)*(((1/$R$21)*(($R$21-M110)/(O110-M110)))*(1-$F$22*('DATOS CORRECCIONES EQUIPOS EMPL'!$E58-20)))*1000,IF($H$68=$H$164,(C110-A110-$D$41)*(((1/$R$21)*(($R$21-M110)/(O110-M110)))*(1-$F$22*('DATOS CORRECCIONES EQUIPOS EMPL'!$E58-20))),(C110-A110-$D$41)*(((1/$R$21)*(($R$21-M110)/(O110-M110)))*(1-$F$22*('DATOS CORRECCIONES EQUIPOS EMPL'!$E58-20)))/1000)) -> 1005.5953 | S110: =Q110-$F$100 -> 5.5953231 | U110: =+(1*(0.0632693*'DATOS CORRECCIONES EQUIPOS EMPL'!E58^0)-2*(0.00852393*'DATOS CORRECCIONES EQUIPOS EMPL'!E58^1)+3*(0.00006943248*'DATOS CORRECCIONES EQUIPOS EMPL'!E58^2)-4*(0.0000003821216*'DATOS CORRECCIONES EQUIPOS EMPL'!E58^3))/1000 -> -0.000211365 | W110: =IF(OR(A110="",(ABS(S110)>=$Q$22)),"Revisar pesada","ok") -> ok | X110: =IF(ABS(E110-$E$102)<=$V$45,"ok","Revisar") -> ok | Y110: =IF(ABS(G110-$G$102)>=$W$45,"Revisar","ok") -> ok | Z110: =IF(ABS(I110-$I$102)<=$X$45,"ok","Revisar") -> ok | AA110: =IF(ABS(K110-$K$102)<=$Y$45,"ok","Revisar") -> ok
A111: 34.24891 | C111: 35.25151 | E111: 20.61 | G111: 20.6 | I111: 54.9 | K111: 910 | M111: =+(((0.34844*'DATOS CORRECCIONES EQUIPOS EMPL'!K59)+'DATOS CORRECCIONES EQUIPOS EMPL'!I59*((-0.00252*'DATOS CORRECCIONES EQUIPOS EMPL'!G59)+0.020582))/('DATOS CORRECCIONES EQUIPOS EMPL'!G59+273.15))/1000 -> 0.0010732259 | O111: =IF('INCERTIDUMBRE DE LA MEDIDA'!$E$38="Kell",((999.85308+0.0632693*'DATOS CORRECCIONES EQUIPOS EMPL'!E59)-(0.00852393*'DATOS CORRECCIONES EQUIPOS EMPL'!E59^2)+(0.00006943248*'DATOS CORRECCIONES EQUIPOS EMPL'!E59^3)-(0.0000003821216*'DATOS CORRECCIONES EQUIPOS EMPL'!E59^4))/1000,(0.99997495*(1-(('DATOS CORRECCIONES EQUIPOS EMPL'!E59-3.983035)^2*('DATOS CORRECCIONES EQUIPOS EMPL'!E59+301.797))/(522528.9*('DATOS CORRECCIONES EQUIPOS EMPL'!E59+69.34881))))) -> 0.99811187 | Q111: =IF($H$68=$H$165,(C111-A111-$D$41)*(((1/$R$21)*(($R$21-M111)/(O111-M111)))*(1-$F$22*('DATOS CORRECCIONES EQUIPOS EMPL'!$E59-20)))*1000,IF($H$68=$H$164,(C111-A111-$D$41)*(((1/$R$21)*(($R$21-M111)/(O111-M111)))*(1-$F$22*('DATOS CORRECCIONES EQUIPOS EMPL'!$E59-20))),(C111-A111-$D$41)*(((1/$R$21)*(($R$21-M111)/(O111-M111)))*(1-$F$22*('DATOS CORRECCIONES EQUIPOS EMPL'!$E59-20)))/1000)) -> 1005.3347 | S111: =Q111-$F$100 -> 5.3346964 | U111: =+(1*(0.0632693*'DATOS CORRECCIONES EQUIPOS EMPL'!E59^0)-2*(0.00852393*'DATOS CORRECCIONES EQUIPOS EMPL'!E59^1)+3*(0.00006943248*'DATOS CORRECCIONES EQUIPOS EMPL'!E59^2)-4*(0.0000003821216*'DATOS CORRECCIONES EQUIPOS EMPL'!E59^3))/1000 -> -0.000211365 | W111: =IF(OR(A111="",(ABS(S111)>=$Q$22)),"Revisar pesada","ok") -> ok | X111: =IF(ABS(E111-$E$102)<=$V$45,"ok","Revisar") -> ok | Y111: =IF(ABS(G111-$G$102)>=$W$45,"Revisar","ok") -> ok | Z111: =IF(ABS(I111-$I$102)<=$X$45,"ok","Revisar") -> ok | AA111: =IF(ABS(K111-$K$102)<=$Y$45,"ok","Revisar") -> ok
A112: =IF(ISBLANK(A102)," ",AVERAGE(A102:B111)) -> 29.741194 | C112: =IF(ISBLANK(C102)," ",AVERAGE(C102:D111)) -> 30.742906 | E112: =IF(ISBLANK(E102)," ",AVERAGE(E102:F111)) -> 20.639 | G112: =IF(ISBLANK(G102)," ",AVERAGE(G102:H111)) -> 20.6 | I112: =IF(ISBLANK(I102)," ",AVERAGE(I102:J111)) -> 55.38 | K112: =IF(ISBLANK(K102)," ",AVERAGE(K102:L111)) -> 910.4 | M112: =IF(ISBLANK(K102)," ",AVERAGE(M102:N111)) -> 0.0010736426 | O112: =IF(ISBLANK(K102)," ",AVERAGE(O102:P111)) -> 0.99810573 | Q112: =AVERAGE(Q102:R111) -> 1004.4438 | S112: =AVERAGE(S102:T111) -> 4.4438304 | U112: =AVERAGE(U102:V111) -> -0.00021166788 | V112: =('INCERTIDUMBRE DE LA MEDIDA'!P185) -> 1.6131149 | W112: =IF(D24=A164,"Revisado OK",IF(LEN(W102)+LEN(W103)+LEN(W104)+LEN(W105)+LEN(W106)+LEN(W107)+LEN(W108)+LEN(W109)+LEN(W110)+LEN(W111)+LEN(X102)+LEN(X103)+LEN(X104)+LEN(X105)+LEN(X106)+LEN(X107)+LEN(X108)+LEN(X109)+LEN(X110)+LEN(X111)+LEN(Y102)+LEN(Y103)+LEN(Y104)+LEN(Y105)+LEN(Y106)+LEN(Y107)+LEN(Y108)+LEN(Y109)+LEN(Y110)+LEN(Y111)+LEN(Z102)+LEN(Z103)+LEN(Z104)+LEN(Z105)+LEN(Z106)+LEN(Z107)+LEN(Z108)+LEN(Z109)+LEN(Z110)+LEN(Z111)+LEN(AA102)+LEN(AA103)+LEN(AA104)+LEN(AA105)+LEN(AA106)+LEN(AA107)+LEN(AA108)+LEN(AA109)+LEN(AA110)+LEN(AA111)=100,"Revisado OK","Revisar")) -> Revisado OK | AA112: =IFERROR(W112,1) -> Revisado OK
C113: =ABS(S112) -> 4.4438304 | E113: =MAX(E102:E111)-MIN(E102:E111) -> 0.07 | G113: =MAX(G102:G111)-MIN(G102:G111) -> 0 | I113: =MAX(I102:I111)-MIN(I102:I111) -> 1.5 | K113: =MAX(K102:K111)-MIN(K102:K111) -> 1 | Q113: =CONCATENATE("CV ",$H$68) -> CV µL | S113: =STDEVA(S102:T111) -> 0.95650921 | U113: CV % | V113: =ABS(IF(H21=Q163,(S113*100/Q112)*(F100/M21),IF(H21=Q164,(S113*100/Q112),""))) -> 0.095227745 | W113: Revisado OK
Q114: =CONCATENATE("E ",$H$68) -> E µL | S114: =Q112-F100 -> 4.4438304 | U114: E % | V114: =ABS(IF(H21=Q163,S114*100/M21,IF(H21=Q164,S114*100/K21,""))) -> 0.44438304
Q115: Conformidad | S115: =IF(ISBLANK($Q$22),"",IF($N$24="simple",IF(AND(ABS(S114)<=$Q$22,S113<=$Q$23,R116>=3),"Cumple","No Cumple"),IF($N$24="Conservadora",IF(AND(ABS(S114)+V112<=$Q$22,S113<=$Q$23),"Cumple","No Cumple"),"N.A."))) -> N.A. | U115: Pc : | V115: =(_xlfn.NORM.DIST($Q$22,S114,V112/'INCERTIDUMBRE DE LA MEDIDA'!P184,1)-_xlfn.NORM.DIST(-$Q$22,S114,V112/'INCERTIDUMBRE DE LA MEDIDA'!P184,1)) -> 0.9999955 | W115: PNC : | X115: =1-(_xlfn.NORM.DIST($Q$22,S114,V112/'INCERTIDUMBRE DE LA MEDIDA'!P184,1)-_xlfn.NORM.DIST(-$Q$22,S114,V112/'INCERTIDUMBRE DE LA MEDIDA'!P184,1)) -> 4.4999263e-06
C116: Valor Nominal | P116: =$Q$22/V112 -> 4.9593491 | Q116: TUR | R116: =$Q$22/V112 -> 4.9593491 | S116: =IF(V112<=$Q$22/3,"ok","Revisar TUR") -> ok | W116: 4
A117: Lectura de la balanza / recipiente vacío [g] | C117: Lectura de la balanza / recipiente con agua [g] | E117: Temperatura del agua [°C] | G117: Temperatura del aire [°C] | I117: Humedad del aire [%] | K117: presión Atmosférica mbar | M117: Densidad del aire [g /cm3] | O117: Densidad del agua [g /cm3] | Q117: =CONCATENATE("Volumen calculado","[",H116,"]") -> Volumen calculado[] | S117: =CONCATENATE("Error del IBP","[",H116,"]") -> Error del IBP[] | V117: =CONCATENATE("Incertidumbre"," [", $H$68,"]") -> Incertidumbre [µL] | W117: Revisión Pesada | X117: Revisión temperatura del Agua | Y117: Revisión temperatura Ambiente | Z117: Revisión Humedad Relativa | AA117: Revisión Presión Atm
M118: =+(((0.34844*'DATOS CORRECCIONES EQUIPOS EMPL'!K68)+'DATOS CORRECCIONES EQUIPOS EMPL'!I68*((-0.00252*'DATOS CORRECCIONES EQUIPOS EMPL'!G68)+0.020582))/('DATOS CORRECCIONES EQUIPOS EMPL'!G68+273.15))/1000 -> #VALUE! | O118: =IF('INCERTIDUMBRE DE LA MEDIDA'!$E$38="Kell",((999.85308+0.0632693*'DATOS CORRECCIONES EQUIPOS EMPL'!E68)-(0.00852393*'DATOS CORRECCIONES EQUIPOS EMPL'!E68^2)+(0.00006943248*'DATOS CORRECCIONES EQUIPOS EMPL'!E68^3)-(0.0000003821216*'DATOS CORRECCIONES EQUIPOS EMPL'!E68^4))/1000,(0.99997495*(1-(('DATOS CORRECCIONES EQUIPOS EMPL'!E68-3.983035)^2*('DATOS CORRECCIONES EQUIPOS EMPL'!E68+301.797))/(522528.9*('DATOS CORRECCIONES EQUIPOS EMPL'!E68+69.34881))))) -> #VALUE! | Q118: =IF($H$68=$H$165,(C118-A118-$D$41)*(((1/$R$21)*(($R$21-M118)/(O118-M118)))*(1-$F$22*('DATOS CORRECCIONES EQUIPOS EMPL'!$E68-20)))*1000,IF($H$68=$H$164,(C118-A118-$D$41)*(((1/$R$21)*(($R$21-M118)/(O118-M118)))*(1-$F$22*('DATOS CORRECCIONES EQUIPOS EMPL'!$E68-20))),(C118-A118-$D$41)*(((1/$R$21)*(($R$21-M118)/(O118-M118)))*(1-$F$22*('DATOS CORRECCIONES EQUIPOS EMPL'!$E68-20)))/1000)) -> #VALUE! | S118: =Q118-$F$116 -> #VALUE! | U118: =+(1*(0.0632693*'DATOS CORRECCIONES EQUIPOS EMPL'!E68^0)-2*(0.00852393*'DATOS CORRECCIONES EQUIPOS EMPL'!E68^1)+3*(0.00006943248*'DATOS CORRECCIONES EQUIPOS EMPL'!E68^2)-4*(0.0000003821216*'DATOS CORRECCIONES EQUIPOS EMPL'!E68^3))/1000 -> #VALUE! | W118: =IF(ABS(S118)>=$Q$22,"Revisar pesada","ok") -> #VALUE! | X118: =IF(ABS(E119-$E$70)<=$V$45,"ok","Revisar") -> Revisar | Y118: =IF(ABS(G118-E118)>=$W$45,"Revisar","ok") -> ok | Z118: =IF(ABS(I119-$I$120)<=$X$45,"ok","Revisar") -> ok | AA118: =IF(ABS(K119-$K$120)<=$Y$45,"ok","Revisar") -> ok
M119: =+(((0.34844*'DATOS CORRECCIONES EQUIPOS EMPL'!K69)+'DATOS CORRECCIONES EQUIPOS EMPL'!I69*((-0.00252*'DATOS CORRECCIONES EQUIPOS EMPL'!G69)+0.020582))/('DATOS CORRECCIONES EQUIPOS EMPL'!G69+273.15))/1000 -> #VALUE! | O119: =IF('INCERTIDUMBRE DE LA MEDIDA'!$E$38="Kell",((999.85308+0.0632693*'DATOS CORRECCIONES EQUIPOS EMPL'!E69)-(0.00852393*'DATOS CORRECCIONES EQUIPOS EMPL'!E69^2)+(0.00006943248*'DATOS CORRECCIONES EQUIPOS EMPL'!E69^3)-(0.0000003821216*'DATOS CORRECCIONES EQUIPOS EMPL'!E69^4))/1000,(0.99997495*(1-(('DATOS CORRECCIONES EQUIPOS EMPL'!E69-3.983035)^2*('DATOS CORRECCIONES EQUIPOS EMPL'!E69+301.797))/(522528.9*('DATOS CORRECCIONES EQUIPOS EMPL'!E69+69.34881))))) -> #VALUE! | Q119: =IF($H$68=$H$165,(C119-A119-$D$41)*(((1/$R$21)*(($R$21-M119)/(O119-M119)))*(1-$F$22*('DATOS CORRECCIONES EQUIPOS EMPL'!$E69-20)))*1000,IF($H$68=$H$164,(C119-A119-$D$41)*(((1/$R$21)*(($R$21-M119)/(O119-M119)))*(1-$F$22*('DATOS CORRECCIONES EQUIPOS EMPL'!$E69-20))),(C119-A119-$D$41)*(((1/$R$21)*(($R$21-M119)/(O119-M119)))*(1-$F$22*('DATOS CORRECCIONES EQUIPOS EMPL'!$E69-20)))/1000)) -> #VALUE! | S119: =Q119-$F$116 -> #VALUE! | U119: =+(1*(0.0632693*'DATOS CORRECCIONES EQUIPOS EMPL'!E69^0)-2*(0.00852393*'DATOS CORRECCIONES EQUIPOS EMPL'!E69^1)+3*(0.00006943248*'DATOS CORRECCIONES EQUIPOS EMPL'!E69^2)-4*(0.0000003821216*'DATOS CORRECCIONES EQUIPOS EMPL'!E69^3))/1000 -> #VALUE! | W119: =IF(ABS(S119)>=$Q$22,"Revisar pesada","ok") -> #VALUE! | X119: =IF(ABS(E120-$E$70)<=$V$45,"ok","Revisar") -> Revisar | Y119: =IF(ABS(G119-E119)>=$W$45,"Revisar","ok") -> ok | Z119: =IF(ABS(I120-$I$120)<=$X$45,"ok","Revisar") -> ok | AA119: =IF(ABS(K120-$K$120)<=$Y$45,"ok","Revisar") -> ok
M120: =+(((0.34844*'DATOS CORRECCIONES EQUIPOS EMPL'!K70)+'DATOS CORRECCIONES EQUIPOS EMPL'!I70*((-0.00252*'DATOS CORRECCIONES EQUIPOS EMPL'!G70)+0.020582))/('DATOS CORRECCIONES EQUIPOS EMPL'!G70+273.15))/1000 -> #VALUE! | O120: =IF('INCERTIDUMBRE DE LA MEDIDA'!$E$38="Kell",((999.85308+0.0632693*'DATOS CORRECCIONES EQUIPOS EMPL'!E70)-(0.00852393*'DATOS CORRECCIONES EQUIPOS EMPL'!E70^2)+(0.00006943248*'DATOS CORRECCIONES EQUIPOS EMPL'!E70^3)-(0.0000003821216*'DATOS CORRECCIONES EQUIPOS EMPL'!E70^4))/1000,(0.99997495*(1-(('DATOS CORRECCIONES EQUIPOS EMPL'!E70-3.983035)^2*('DATOS CORRECCIONES EQUIPOS EMPL'!E70+301.797))/(522528.9*('DATOS CORRECCIONES EQUIPOS EMPL'!E70+69.34881))))) -> #VALUE! | Q120: =IF($H$68=$H$165,(C120-A120-$D$41)*(((1/$R$21)*(($R$21-M120)/(O120-M120)))*(1-$F$22*('DATOS CORRECCIONES EQUIPOS EMPL'!$E70-20)))*1000,IF($H$68=$H$164,(C120-A120-$D$41)*(((1/$R$21)*(($R$21-M120)/(O120-M120)))*(1-$F$22*('DATOS CORRECCIONES EQUIPOS EMPL'!$E70-20))),(C120-A120-$D$41)*(((1/$R$21)*(($R$21-M120)/(O120-M120)))*(1-$F$22*('DATOS CORRECCIONES EQUIPOS EMPL'!$E70-20)))/1000)) -> #VALUE! | S120: =Q120-$F$116 -> #VALUE! | U120: =+(1*(0.0632693*'DATOS CORRECCIONES EQUIPOS EMPL'!E70^0)-2*(0.00852393*'DATOS CORRECCIONES EQUIPOS EMPL'!E70^1)+3*(0.00006943248*'DATOS CORRECCIONES EQUIPOS EMPL'!E70^2)-4*(0.0000003821216*'DATOS CORRECCIONES EQUIPOS EMPL'!E70^3))/1000 -> #VALUE! | W120: =IF(ABS(S120)>=$Q$22,"Revisar pesada","ok") -> #VALUE! | X120: =IF(ABS(E121-$E$70)<=$V$45,"ok","Revisar") -> Revisar | Y120: =IF(ABS(G120-E120)>=$W$45,"Revisar","ok") -> ok | Z120: =IF(ABS(I121-$I$120)<=$X$45,"ok","Revisar") -> ok | AA120: =IF(ABS(K121-$K$120)<=$Y$45,"ok","Revisar") -> ok
...

Sheet Certificado de calibración
A1: CALIBRACIÓN DE EQUIPOS VOLUMÉTRICOS ACCIONADOS POR PISTON, LC-FR-60 V13
A2: CD438-25
A4: Revisado Director Técnico, 2025-09-20 - Aprobado Gerente General, 2025-09-22
A5: CERTIFICADO DE CALIBRACIÓN | AD5: Se ajusto pie de pagina
A6: Certifícate of calibración | AD6: Se adiccion metrologo L Rios
U8: CERTIFICADO No: | X8: =IF(ISBLANK('DATOS GENERALES'!F7),"",'DATOS GENERALES'!F7) -> TVO005-26A
A9: Magnitud | C9: Volumen | U9: Certifícate number
A10: Número de páginas del certificado incluyendo anexos: Dos (2)
A11: Datos del Cliente:
A12: Solicitante: | E12: =IF(ISBLANK('DATOS GENERALES'!C14),"",CONCATENATE("",'DATOS GENERALES'!C14," ",'DATOS GENERALES'!A15," ",'DATOS GENERALES'!C15," ",'DATOS GENERALES'!I15,": ",'DATOS GENERALES'!K15)) -> Tecservice S.A.S. Contacto: Hector Fabio Carabali Herrera Teléfono: 318 712 6566 - 602 654 0608
A13: Dirección: * | E13: =IF(ISBLANK('DATOS GENERALES'!K14),"",CONCATENATE('DATOS GENERALES'!K14," - ",'DATOS GENERALES'!R14," - ","Colombia")) -> Av 4AN No. 45-56 - Cali - Colombia
A14: Datos del Instrumento:
A15: Instrumento:* | E15: =IF(ISBLANK('DATOS GENERALES'!C17),"",'DATOS GENERALES'!C17) -> Micropipeta
A16: Fabricante:* | E16: =IF(ISBLANK('DATOS GENERALES'!J17),"",'DATOS GENERALES'!J17) -> BRAND | M16: Identificación:* | R16: =IF(ISBLANK('DATOS GENERALES'!J18),"",'DATOS GENERALES'!J18) -> TEC-LAB-V-03
A17: Modelo:* | E17: =IF(ISBLANK('DATOS GENERALES'!P17),"",'DATOS GENERALES'!P17) -> Transferpette | M17: Fecha de recepción: | R17: =IF(ISBLANK('DATOS GENERALES'!F9),"",'DATOS GENERALES'!F9) -> 46042
A18: Número de serie:* | E18: =IF(ISBLANK('DATOS GENERALES'!C18),"",'DATOS GENERALES'!C18) -> 08Y7018 | M18: Fecha de calibración: | R18: =IF(ISBLANK('DATOS GENERALES'!F11),"",'DATOS GENERALES'!F11) -> 46049
A19: Ubicación:* | E19: =IF(ISBLANK('DATOS GENERALES'!P18),"",'DATOS GENERALES'!P18) -> N.I.
A23: Características Metrológicas del instrumento de medida
A24: ='DATOS GENERALES'!H21 -> Intervalo de medición | F24: =IF('DATOS GENERALES'!H21='DATOS GENERALES'!Q163,CONCATENATE('DATOS GENERALES'!K21," ",'DATOS GENERALES'!N21," ",'DATOS GENERALES'!L21," ",'DATOS GENERALES'!M21," ",'DATOS GENERALES'!N21),IF('DATOS GENERALES'!H21='DATOS GENERALES'!Q164,CONCATENATE('DATOS GENERALES'!K21," ",'DATOS GENERALES'!N21),"OJO")) -> 100 µL Hasta 1000 µL | M24: =IF(A24="Valor nominal","Punto de calibracion:","Intervalo de Calibración") -> Intervalo de Calibración | T24: =IF(ISBLANK('DATOS GENERALES'!F68),"",IF('DATOS GENERALES'!H21="Intervalo de medición",CONCATENATE('DATOS GENERALES'!F68," ",'DATOS GENERALES'!H68," Hasta "," ",'DATOS GENERALES'!M21," ",'DATOS GENERALES'!H68),IF(,'DATOS GENERALES'!H21="Valor nominal",CONCATENATE('DATOS GENERALES'!F68," ",'DATOS GENERALES'!H68)))) -> 100 µL Hasta 1000 µL
A25: Resolución: | F25: =IF(ISBLANK('DATOS GENERALES'!P19),"N.A",IF(OR('DATOS GENERALES'!P19=1,'DATOS GENERALES'!P19=2,'DATOS GENERALES'!P19=3,'DATOS GENERALES'!P19=4,'DATOS GENERALES'!P19=5),FIXED('DATOS GENERALES'!P19,0),FIXED('DATOS GENERALES'!P19,'DATOS GENERALES'!U19-2))) -> 1 | G25: =IF(ISBLANK('DATOS GENERALES'!P19),"",'DATOS GENERALES'!T19) -> µL | M25: Error máximo permitido Sistemático | T25: =IF(ISBLANK('DATOS GENERALES'!Q22),"",CONCATENATE('DATOS GENERALES'!Q22," ",'DATOS GENERALES'!N21)) -> 8 µL | U25: → | V25: =IF(ISBLANK('DATOS GENERALES'!T22),"",CONCATENATE('DATOS GENERALES'!T22," ","%")) -> 0,8 %
A26: Coeficiente de expansión: | F26: =IF(ISBLANK('DATOS GENERALES'!F22),"N.I.",'DATOS GENERALES'!F22) -> 0.00024 | H26: °C-1 | M26: Error máximo permitido Aleatorio | T26: =IF(ISBLANK('DATOS GENERALES'!Q23),"",CONCATENATE('DATOS GENERALES'!Q23," ",'DATOS GENERALES'!N21)) -> 3 µL | U26: → | V26: =IF(ISBLANK('DATOS GENERALES'!T23),"",CONCATENATE('DATOS GENERALES'!T23," ","%")) -> 0,3 %
A27: Bases de ajuste: | F27: =IF('DATOS GENERALES'!D23="","",'DATOS GENERALES'!D23) -> Expulsar (Ex) | M27: Temperatura de referencia: | T27: =IF('DATOS GENERALES'!M22="","",CONCATENATE('DATOS GENERALES'!M22," ",'DATOS GENERALES'!N22)) -> 20 °C
A28: Tipo de punta: | F28: =IF('DATOS GENERALES'!D21="","",'DATOS GENERALES'!D21) -> Plástico (polipropileno) | M28: Liquido de ensayo: | T28: =IF('DATOS GENERALES'!K23="","",'DATOS GENERALES'!K23) -> Agua Des-ionizada grado 3
A31: Este certificado expresa fielmente el resultado de las mediciones realizadas única y exclusivamente al instrumento bajo calibración, aquí relacionado. No podrá ser reproducido parcialmente sin la debida autorización del emisor, excepto cuando se reproduce en su totalidad.
A34: Este certificado es emitido de acuerdo con los requerimientos de la norma ISO/IEC 17025:2017 (Requisitos generales para la competencia de los laboratorios de ensayo y calibración). El usuario es responsable de la calibración de sus instrumentos a intervalos apropiados.
A38: Método de calibración utilizado:
A39: El equipo fue calibrado utilizando el método gravimétrico, el cual consiste en determinar el volumen de agua contenida o entregada por el recipiente.
A43: Procedimiento de calibración:
A44: LC-PR-16 Procedimiento calibración para equipos volumétricos accionados mediante pistón, norma NTC-ISO 8655-6
A47: Lugar de calibración:
A48: La calibración se realizó en las instalaciones de | I48: ='DATOS GENERALES'!E19 -> Tecservice S.A.S. Laboratorio de Volumen
A51: Descripción de la trazabilidad Metrológica
A52: Esta calibración es trazable al Sistema Internacional de Unidades (SI), a través de una cadena ininterrumpida de comparaciones, cada eslabón de la cadena esta documentado y la incertidumbre de medición ha sido estimada en cada paso.
A54: Código | E54: Descripción | K54: Marca | O54: Certificado No. | V54: Vigencia de calibración | AH54: Proxima Cal
A55: =IF(ISBLANK('DATOS GENERALES'!F37),"",'DATOS GENERALES'!F37) -> TEC-LAB-BA-07 | E55: =VLOOKUP(A55,Trazabilidad!$T$5:$Z$14,2,FALSE) -> Balanza semimicro | K55: =VLOOKUP(A55,Trazabilidad!$T$5:$Z$14,3,FALSE) -> Ohaus | O55: =IF(A55="","",'Chequeo Balanza '!J5) -> TM463-25A | V55: =VLOOKUP(A55,Trazabilidad!$T$5:$Z$14,6,FALSE) -> 46197 | AH55: 45142
A56: =IF(ISBLANK('DATOS GENERALES'!F38),"",'DATOS GENERALES'!F38) -> TEC-LAB-PTHRI-03 | E56: =VLOOKUP(A56,Trazabilidad!$T$5:$Z$14,2,FALSE) -> Termo higrómetro barómetro digital | K56: =VLOOKUP(A56,Trazabilidad!$T$5:$Z$14,3,FALSE) -> Control Company | O56: =VLOOKUP(A56,Trazabilidad!$T$5:$Z$14,4,FALSE) -> TLM-P-4418 | V56: =VLOOKUP(A56,Trazabilidad!$T$5:$Z$14,6,FALSE) -> 46074
A57: =IF(ISBLANK('DATOS GENERALES'!F39),"",'DATOS GENERALES'!F39) -> TEC-LAB-TH-01 | E57: =VLOOKUP(A57,Trazabilidad!$T$5:$Z$14,2,FALSE) -> Termo higrómetro digital | K57: =VLOOKUP(A57,Trazabilidad!$T$5:$Z$14,3,FALSE) -> Full Gauge | O57: =VLOOKUP(A57,Trazabilidad!$T$5:$Z$14,4,FALSE) -> TLM-TH-1859C | V57: =VLOOKUP(A57,Trazabilidad!$T$5:$Z$14,6,FALSE) -> 46068
A58: =IF(ISBLANK('DATOS GENERALES'!F40),"",'DATOS GENERALES'!F40) -> TEC-LAB-TEM-33 | E58: =VLOOKUP(A58,Trazabilidad!$T$5:$Z$14,2,FALSE) -> Termómetro digital | K58: =VLOOKUP(A58,Trazabilidad!$T$5:$Z$14,3,FALSE) -> Control company | O58: =VLOOKUP(A58,Trazabilidad!$T$5:$Z$14,4,FALSE) -> TLM-T-3124 | V58: =VLOOKUP(A58,Trazabilidad!$T$5:$Z$14,6,FALSE) -> 46060 | AH58: 44972
AH59: 44948
AH60: 44944
AH61: 44945
AH62: 45059
AH63: 45239
A64: FIRMAS AUTORIZADAS
A65: Autorized Signatures
N67: =IF(OR('DATOS GENERALES'!F11>'DATOS GENERALES'!Q37,'DATOS GENERALES'!F11>'DATOS GENERALES'!Q38,'DATOS GENERALES'!F11>'DATOS GENERALES'!Q39,'DATOS GENERALES'!F11>'DATOS GENERALES'!Q40,'DATOS GENERALES'!F11>'DATOS GENERALES'!Q41)," Ojo No se Puede Emitir Certificado. Verificar Vigencia De EQ PATRON","")
AD68: =IF(N70<'DATOS GENERALES'!E11,"OJO REVISAR FECHA","") | AH68: {=IF(AND('DATOS GENERALES'!W81:AA81="",'DATOS GENERALES'!W97:AA97="",'DATOS GENERALES'!W113:AA113="",OR('DATOS GENERALES'!W80:Z80='DATOS GENERALES'!$Q$166,'DATOS GENERALES'!W96:Z96='DATOS GENERALES'!$Q$166,'DATOS GENERALES'!W112:Z112='DATOS GENERALES'!Q166)),"No Se Puede Emitir Certificado. ¡ SE DEBE REVISAR LOS DATOS ! ","")}
A69: Firmado Digitalmente | N69: =IF(N70<'DATOS GENERALES'!F11,"OJO REVISAR FECHA","")
A70: ='DATOS GENERALES'!B159 -> Diego Vera | N70: 46049 | P70: =IF(OR(N70<'DATOS GENERALES'!F11,N70>TODAY()+30),"OJO REVISAR FECHA DE EMISION","")
A71: ='DATOS GENERALES'!B160 -> Director Técnico | N71: Fecha de emisión
A72: Aprobado por: | N72: Issue Date
A73: Approved by | N73: Calibrado Por: | O73: ='DATOS GENERALES'!J159 -> Liseth Dayana Ríos | Y73: Página 1 de 2
Y74: =MID(A1,LEN(A1)-11,12) -> LC-FR-60 V13
A76: CERTIFICADO DE CALIBRACIÓN
A77: Certifícate of calibration
U80: CERTIFICADO No: | Y80: =IF(ISBLANK(X8),"",X8) -> TVO005-26A
U81: Certifícate number
A83: Condiciones ambientales durante la calibración:
A85: Temperatura del aire: | F85: Mínima | I85: ='DATOS GENERALES'!M45 -> 20.786417 | J85: °C | L85: Máxima | N85: ='DATOS GENERALES'!M46 -> 20.983065 | O85: °C | AD85: =AD94
A86: Humedad relativa: | F86: Mínima | I86: ='DATOS GENERALES'!P45 -> 54.291418 | J86: % hr | L86: Máxima | N86: ='DATOS GENERALES'!P46 -> 55.900794 | O86: =J86 -> % hr
A87: Presión atmosférica | F87: Mínima | I87: ='DATOS GENERALES'!S45 -> 910.34413 | J87: hPa | L87: Máxima | N87: ='DATOS GENERALES'!S46 -> 911.3404 | O87: =J87 -> hPa | R87: =IF(AND('medicion conductividad del agua'!C10="", 'DATOS GENERALES'!C70>0),"OJO FALTA VERIFICAR CONDUTIVIDAD Y PH DEL AGUA","")
A89: Resultado de las mediciones
A91: =CONCATENATE("Punto Ajustado"," [",'DATOS GENERALES'!H68,"]") -> Punto Ajustado [µL] | C91: Promedio lectura de la balanza / recipiente vacío [g] | F91: Promedio lectura de la balanza / recipiente lleno [g] | I91: Promedio temperatura del agua [°C] | K91: Promedio densidad del aire [g /cm3] | M91: Promedio densidad del agua [g /cm3] | O91: =CONCATENATE("Promedio Volumen calculado"," [",'DATOS GENERALES'!N21,"]",) -> Promedio Volumen calculado [µL] | Q91: =CONCATENATE("Promedio error del instrumento"," [",'DATOS GENERALES'!N21,"]",) -> Promedio error del instrumento [µL] | S91: Error sistemático [%] | U91: Coeficiente de variación [%] | W91: =CONCATENATE("Incertidumbre Exp."," [",'DATOS GENERALES'!N21,"]",) -> Incertidumbre Exp. [µL] | Y91: Factor de cobertura [k] | AA91: Conformidad: | AH91: Datos para Graficas | AM91: CMC (min) | AN91: =IF(AND(AN92="ok",AN93="ok",AN94="ok"),"Ok","Revisar CMC") -> Ok | AO91: V Ajuste | AP91: Ajustar ?
A92: =IF(ISBLANK('DATOS GENERALES'!F68),"",CONCATENATE('DATOS GENERALES'!F68)) -> 100 | C92: =IF(ISBLANK('DATOS GENERALES'!A80),"",'DATOS GENERALES'!A80) -> 25.680455 | F92: =IF(ISBLANK('DATOS GENERALES'!C80),"",'DATOS GENERALES'!C80) -> 25.783267 | I92: ='DATOS GENERALES'!E80 -> 20.814 | K92: ='DATOS GENERALES'!M80 -> 0.0010724139 | M92: ='DATOS GENERALES'!O80 -> 0.99806853 | O92: =FIXED('DATOS GENERALES'!Q80,AB92) -> 103,09 | Q92: ='DATOS GENERALES'!S80 -> 3.0935875 | S92: =FIXED('DATOS GENERALES'!V82,AB92) -> 0,31 | U92: =FIXED('DATOS GENERALES'!V81,AB92) -> 0,03 | W92: =IF(AP92="Si",FIXED('INCERTIDUMBRE DE LA MEDIDA'!P63+AO92,AB92),FIXED('INCERTIDUMBRE DE LA MEDIDA'!P63,AB92)) -> 0,65 | Y92: =IF('INCERTIDUMBRE DE LA MEDIDA'!P62="","",'INCERTIDUMBRE DE LA MEDIDA'!P62) -> 2.0182803 | AA92: ='DATOS GENERALES'!S83 -> N.A. | AB92: 2 | AD92: =IF(AP92="Si",CONCATENATE("Se ajusto valor de incertidumbre a valor minimo permisible por CMC, se ajusto de : ",FIXED('INCERTIDUMBRE DE LA MEDIDA'!P63,AB92)," ",'DATOS GENERALES'!H68," a ",'Certificado de calibración'!AM$92," ",'DATOS GENERALES'!H68," ","para punto evaluado de: ",'DATOS GENERALES'!F68," ",'DATOS GENERALES'!H68),"") | AH92: ='DATOS GENERALES'!S80 -> 3.0935875 | AJ92: =IF(AP92="Si",('INCERTIDUMBRE DE LA MEDIDA'!P63+AM92-'INCERTIDUMBRE DE LA MEDIDA'!P63),('INCERTIDUMBRE DE LA MEDIDA'!P63)) -> 0.6498012 | AK92: =('DATOS GENERALES'!F68) -> 100 | AM92: =IF(AND('DATOS GENERALES'!$M$21<=Alcance!B3,'DATOS GENERALES'!$M$21>=Alcance!A3,'DATOS GENERALES'!$N$21="µL"),Alcance!J3, IF(AND('DATOS GENERALES'!$M$21<=Alcance!B4,'DATOS GENERALES'!$M$21>=Alcance!A4,'DATOS GENERALES'!$N$21="µL"),Alcance!J4, IF(AND('DATOS GENERALES'!$M$21<=Alcance!B5,'DATOS GENERALES'!$M$21>=Alcance!A5,'DATOS GENERALES'!$N$21="mL"),Alcance!J5, IF(AND('DATOS GENERALES'!$M$21<=Alcance!B6,'DATOS GENERALES'!$M$21>=Alcance!A6,'DATOS GENERALES'!$N$21="mL"),Alcance!J6, IF(AND('DATOS GENERALES'!$M$21<=Alcance!B7,'DATOS GENERALES'!$M$21>=Alcance!A7,'DATOS GENERALES'!$N$21="µL"),Alcance!J7, "No Encontrado"))))) -> 0.27 | AN92: =IF($AM$92<AJ92, "Ok", "Revisar CMC") -> Ok | AO92: =IF(AN92="Revisar CMC",AM92-'INCERTIDUMBRE DE LA MEDIDA'!P63,"") | AQ92: =IF(AP92="Si",CONCATENATE("CMC Ajustada en: ",FIXED(AO92,AB92)),"")
A93: =IF(ISBLANK('DATOS GENERALES'!F84),"",CONCATENATE('DATOS GENERALES'!F84)) -> 500 | C93: =IF(ISBLANK('DATOS GENERALES'!A96),"",'DATOS GENERALES'!A96) -> 27.541302 | F93: =IF(ISBLANK('DATOS GENERALES'!C96),"",'DATOS GENERALES'!C96) -> 28.043385 | I93: ='DATOS GENERALES'!E96 -> 20.715 | K93: ='DATOS GENERALES'!M96 -> 0.0010727635 | M93: ='DATOS GENERALES'!O96 -> 0.99808961 | O93: =FIXED('DATOS GENERALES'!Q96,AB93) -> 503,45 | Q93: ='DATOS GENERALES'!S96 -> 3.4518238 | S93: =FIXED('DATOS GENERALES'!V98,AB93) -> 0,35 | U93: =FIXED('DATOS GENERALES'!V97,AB93) -> 0,03 | W93: =IF(AP93="Si",FIXED('INCERTIDUMBRE DE LA MEDIDA'!P124+AO93,AB93),FIXED('INCERTIDUMBRE DE LA MEDIDA'!P124,AB93)) -> 0,94 | Y93: =IF('INCERTIDUMBRE DE LA MEDIDA'!P123="","",'INCERTIDUMBRE DE LA MEDIDA'!P123) -> 2.0087201 | AA93: ='DATOS GENERALES'!S99 -> N.A. | AB93: 2 | AD93: =IF(AP93="Si",CONCATENATE("Se ajusto valor de incertidumbre a valor minimo permisible por CMC, se ajusto de : ",FIXED('INCERTIDUMBRE DE LA MEDIDA'!P124,AB93)," ",'DATOS GENERALES'!H84," a ",'Certificado de calibración'!$AM$92," ",'DATOS GENERALES'!H84," ","para punto evaluado de: ",'DATOS GENERALES'!F84," ",'DATOS GENERALES'!H84),"") | AH93: ='DATOS GENERALES'!S96 -> 3.4518238 | AJ93: =IF(AP93="Si",('INCERTIDUMBRE DE LA MEDIDA'!P124+AM92-'INCERTIDUMBRE DE LA MEDIDA'!P124),('INCERTIDUMBRE DE LA MEDIDA'!P124)) -> 0.9357236 | AK93: =('DATOS GENERALES'!F84) -> 500 | AN93: =IF($AM$92<AJ93, "Ok", "Revisar CMC") -> Ok | AO93: =IF(AN93="Revisar CMC",AM92-'INCERTIDUMBRE DE LA MEDIDA'!P124,"") | AQ93: =IF(AP93="Si",CONCATENATE("CMC Ajustada en: ",FIXED(AO93,AB93)),"")
A94: =IF(ISBLANK('DATOS GENERALES'!F100),"",CONCATENATE('DATOS GENERALES'!F100)) -> 1000 | C94: =IF(ISBLANK('DATOS GENERALES'!A112),"",'DATOS GENERALES'!A112) -> 29.741194 | F94: =IF(ISBLANK('DATOS GENERALES'!C112),"",'DATOS GENERALES'!C112) -> 30.742906 | I94: ='DATOS GENERALES'!E112 -> 20.639 | K94: ='DATOS GENERALES'!M112 -> 0.0010736426 | M94: ='DATOS GENERALES'!O112 -> 0.99810573 | O94: =FIXED('DATOS GENERALES'!Q112,AB94) -> 1.004,4 | Q94: ='DATOS GENERALES'!S112 -> 4.4438304 | S94: =FIXED('DATOS GENERALES'!V114,AB94) -> 0,4 | U94: =FIXED('DATOS GENERALES'!V113,AB94) -> 0,1 | W94: =IF(AP94="Si",FIXED('INCERTIDUMBRE DE LA MEDIDA'!P185+AO94,AB94),FIXED('INCERTIDUMBRE DE LA MEDIDA'!P185,AB94)) -> 1,6 | Y94: =IF('INCERTIDUMBRE DE LA MEDIDA'!P184="","",'INCERTIDUMBRE DE LA MEDIDA'!P184) -> 2.0139864 | AA94: ='DATOS GENERALES'!S115 -> N.A. | AB94: 1 | AD94: =IF(AP94="Si",CONCATENATE("Se ajusto valor de incertidumbre a valor minimo permisible por CMC, se ajusto de : ",FIXED('INCERTIDUMBRE DE LA MEDIDA'!P185,AB94)," ",'DATOS GENERALES'!H100," a ",'Certificado de calibración'!$AM$92," ",'DATOS GENERALES'!H100," ","para punto evaluado de: ",'DATOS GENERALES'!F100," ",'DATOS GENERALES'!H100),"") | AH94: ='DATOS GENERALES'!S112 -> 4.4438304 | AJ94: =IF(AP94="Si",('INCERTIDUMBRE DE LA MEDIDA'!P185+AM92-'INCERTIDUMBRE DE LA MEDIDA'!P185),('INCERTIDUMBRE DE LA MEDIDA'!P185)) -> 1.6131149 | AK94: =('DATOS GENERALES'!F100) -> 1000 | AN94: =IF($AM$92<AJ94, "Ok", "Revisar CMC") -> Ok | AO94: =IF(AN94="Revisar CMC",AM92-'INCERTIDUMBRE DE LA MEDIDA'!P185," ") | AQ94: =IF(AP94="Si",CONCATENATE("CMC Ajustada en: ",FIXED(AO94,AB94)),"")
A95: =IF(ISBLANK('DATOS GENERALES'!F116),"",'DATOS GENERALES'!F116) | C95: =IF(ISBLANK('DATOS GENERALES'!A128),"",'DATOS GENERALES'!A128) | F95: =IF(ISBLANK('DATOS GENERALES'!C128),"",'DATOS GENERALES'!C128) | I95: ='DATOS GENERALES'!E128 | K95: ='DATOS GENERALES'!M128 -> #VALUE! | M95: ='DATOS GENERALES'!O128 -> #VALUE! | O95: ='DATOS GENERALES'!Q128 -> #VALUE! | Q95: ='DATOS GENERALES'!S128 -> #VALUE! | S95: =FIXED('DATOS GENERALES'!V130,AB95) -> #VALUE! | U95: =FIXED('DATOS GENERALES'!V129,AB95) -> #VALUE! | W95: =FIXED('INCERTIDUMBRE DE LA MEDIDA'!P246,AB95) -> #VALUE! | Y95: =IF('INCERTIDUMBRE DE LA MEDIDA'!P245="","",'INCERTIDUMBRE DE LA MEDIDA'!P245) -> #VALUE! | AA95: ='DATOS GENERALES'!S131 -> N.A. | AB95: 2 | AH95: ='DATOS GENERALES'!S128 -> #VALUE! | AJ95: =IF('DATOS GENERALES'!H69="µL",('INCERTIDUMBRE DE LA MEDIDA'!P246),('INCERTIDUMBRE DE LA MEDIDA'!P246)) -> #VALUE! | AK95: =('DATOS GENERALES'!F116) -> 0 | AN95: =IF($AM$92<AJ95, "Ok", "Revisar CMC") -> #VALUE! | AO95: =IF(AN95="Revisar CMC",AM92-'INCERTIDUMBRE DE LA MEDIDA'!P246,"") -> #VALUE!
A96: =IF(ISBLANK('DATOS GENERALES'!F132),"",'DATOS GENERALES'!F132) | C96: =IF(ISBLANK('DATOS GENERALES'!A144),"",'DATOS GENERALES'!A144) | F96: =IF(ISBLANK('DATOS GENERALES'!C144),"",'DATOS GENERALES'!C144) | I96: ='DATOS GENERALES'!E144 | K96: ='DATOS GENERALES'!M144 -> #VALUE! | M96: ='DATOS GENERALES'!O144 -> #VALUE! | O96: ='DATOS GENERALES'!Q144 -> #VALUE! | Q96: ='DATOS GENERALES'!S144 -> #VALUE! | S96: =FIXED('DATOS GENERALES'!V146,AB96) -> #VALUE! | U96: =FIXED('DATOS GENERALES'!V145,AB96) -> #VALUE! | W96: =FIXED('INCERTIDUMBRE DE LA MEDIDA'!P307,AB96) -> #VALUE! | Y96: =IF('INCERTIDUMBRE DE LA MEDIDA'!P306="","",'INCERTIDUMBRE DE LA MEDIDA'!P306) -> #VALUE! | AA96: ='DATOS GENERALES'!S147 -> N.A. | AB96: 2 | AH96: ='DATOS GENERALES'!S144 -> #VALUE! | AJ96: =IF('DATOS GENERALES'!H70="µL",('INCERTIDUMBRE DE LA MEDIDA'!P307),('INCERTIDUMBRE DE LA MEDIDA'!P307)) -> #VALUE! | AK96: =('DATOS GENERALES'!F132) -> 0 | AN96: =IF($AM$92<AJ96, "Ok", "Revisar CMC") -> #VALUE! | AO96: =IF(AN96="Revisar CMC",AM92-'INCERTIDUMBRE DE LA MEDIDA'!P307,"") -> #VALUE!
AH98: %E | AJ98: Uexp | AK98: v
AH99: ="Valor Nominal [ "& 'DATOS GENERALES'!H68&" ]" -> Valor Nominal [ µL ]
AD100: Observaciones: | AH100: ="Error [ "& 'DATOS GENERALES'!H68&" ]" -> Error [ µL ]
AD101: =AD92
AD102: =AD93
AD103: =AD94
A112: Estimación de incertidumbre:
A113: La incertidumbre expandida de la medición reportada se establece como la incertidumbre estándar de medición multiplicada por el factor de cobertura “k” y la probabilidad de cobertura, la cual debe ser aproximada al 95,45 % y no menor a este valor.
A116: Observaciones:
A117: 1- Se identifican y registran, las especificaciones indicadas en el manual de operación del fabricante o las tolerancias del proceso asignadas por el cliente, siempre y cuando estas estén disponibles. Tecservice S.A.S. Realiza la declaración de conformidad de forma binaria (Cumple/No Cumple). Cuando es aplicada declaración de conformidad, si los resultados de calibración se encuentren dentro de los límites de error permitido, se registran como "Cumple",en caso contrario se registran como "No Cumple". Su uso y aplicación quedan a criterio y responsabilidad del cliente. La regla de decisión utilizada para evaluación de conformidad en el presente certificado es:
A118: =IF('DATOS GENERALES'!N24="", "N.A, No se aplicó declaración de conformidad.",IF('DATOS GENERALES'!N24="N.A.","N.A, No fue requerida declaración de conformidad.",CONCATENATE('DATOS GENERALES'!L25,'DATOS GENERALES'!L26," Y especificación según ",'DATOS GENERALES'!P26))) -> N.A, No se aplicó declaración de conformidad.
A119: 2-Los resultados contenidos en el presente certificado se refieren al momento y condiciones en que se realizaron las mediciones. El laboratorio de Metrología de TecService' S.A.S, no se responsabiliza de los perjuicios que puedan derivarse del uso inadecuado del instrumento calibrado.
A120: 3- N.I. = No indica N.A. = No Aplica EMP = Error máximo permitido AL= Limite de aceptación TL=Limite de tolerancia
A121: 4- * Información suministrada por el cliente. El laboratorio de Metrología de TecService' S.A.S, no se responsabiliza de los perjuicios que puedan derivarse por la información consignada en este certificado y que fue suministrada por el cliente.
A122: =IF( TRIM('DATOS GENERALES'!B151)<>"", "5- " & TRIM('DATOS GENERALES'!B151) & IF('DATOS GENERALES'!I68="**", CHAR(10) & "6- **El resultado reportado, se realiza bajo trazabilidad y no se encuentra dentro del alcance acreditado por ONAC.**", ""), IF( 'DATOS GENERALES'!I68="**", "5- **El resultado reportado, se realiza bajo trazabilidad y no se encuentra dentro del alcance acreditado por ONAC.**", "" ) )
Y124: Página 2 de 2
Y125: =Y74 -> LC-FR-60 V13
A126: Final de este certificado
A133: Control del cambio
A134: Versión | C134: Descripción del cambio | L134: Responsable | W134: Fecha de Aprobación
A135: 2 | C135: se colocan líneas en las casillas en blanco, se incluyen mas puntos, las condiciones se cambian de inicial y final a máximo y mínimo, los errores de e% y cv % se colocan para valor nominal | L135: Cesar Augusto Cobo Cabal | W135: 43495
A136: 3 | C136: Se anexó tipo de agua, se describe si el equipo es para contener o expulsar, tipo de punta, Error sistemático [%],Coeficiente de variación [%] | L136: Cesar Augusto Cobo Cabal | W136: 43663
A137: 4 | C137: Se ajustaron los cálculos de estimación de incertidumbre según lo indicado en norma NTC/ISO 8655:2014 en los numerales 8.3, 8.6 y anexo B es la norma ISO/TR 20461:2000 | L137: Diego Vera | W137: 44238
A138: 5 | C138: Se actualiza versión de acreditacion de la norma ISO/IEC 17025 : 2005 a ISO/IEC 17025 : 2017 | L138: Diego Vera | W138: 44315
A139: 6 | C139: Se implementa uso de firma digital | L139: Diego Vera | W139: 44407
A140: 7 | C140: Se Incluye descargo de responsabilidad por la información suministrada por el cliente, Se modifica la descripción de la norma NTC/ ISO/ IEC 17025:2017 a solo ISO/ IEC 17025:2017. Se actualiza la versión de logo ONAC. | L140: Diego Vera | W140: 44581
A141: 8 | C141: CD-260-22: Se actualiza Declaración : se cambia de "No podrá ser reproducido total o parcialmente sin la debida autorización del emisor" a "No podrá ser reproducido parcialmente sin la debida autorización del emisor, excepto cuando se reproduce en su totalidad." | L141: Diego Vera | W141: 44840
C142: Se condicionaron las cifras decimales del error a reportar, al numero de decimales resultantes del ajuste de las cifras significativas de la incertidumbre. Se realiza resalto visual en color amarillo sobre los campos que se deben revisar en la plantilla referentes a cifras significativas y cifras decimales, una vez revisados se quita el resalto.
A143: 9 | C143: CD286-23. Se actualiza pie de pagina, con nueva dirección por cambio de sede, de acuerdo con el procedimiento control de documentos y registros GQ-PR-01. | L143: Diego Vera | W143: 45188
A144: 10 | C144: CD299-24. Se actualiza logo ONAC, Se adicionan campos para declaración de conformidad. Se adicionan semáforos de alerta y revisión, para control de diligenciamiento de datos cubriendo todas las condiciones ambientales y temperatura de agua. Se adiciona en presupuesto de incertidumbre componentes por efecto de colchón de aire y variación de temperatura del agua y el ítem. | L144: Diego Vera | W144: 45329
A145: 11 | C145: CD366-24. Se habilitan campos para informar los EMP sistemático y coeficiente de variación en %. Se modifica observación 1, para dar mayor claridad a la forma como se informa la declaración de conformidad. En la descripción de la trazabilidad, se actualiza el termino "trazabilidad" a "trazabilidad metrológica". Se cambia el campo fecha de calibración por vigencia de calibración. Se deja visible en el certificado de calibracion el nombre del metrologo ejecutor de la calibracion. Se actualiza la grafica de resultados de medición incluyendo los EMP y limites de tolerancia. | L145: Diego Vera | W145: 45566

Sheet Trazabilidad
AC3: Deriva
A4: Equipo | B4: TEC-LAB-BA-07 | E4: Valor nominal (g) | H4: Valor Promedio de la Indicacion del Instrumento (g ) | L4: Error (g) | P4: Incertidumbre expandida (g) | Q4: ± Incertidumbre excentricidad (g) | T4: código | U4: descripción | V4: Marca | W4: Certificado No | X4: Fecha de calibración | Y4: F. Proxima | Z4: Calibrado Por | AA4: Resolucion 1 | AB4: Resolucion 2 | AD4: Cal X | AE4: Cal X-1 | AF4: Cal X-2 | AG4: Cal X
A5: Intervalo | B5: 0 a 50 g | E5: 0 | H5: 0 | L5: 0 | P5: 2e-05 | Q5: 2.8867513e-05 | T5: TEC-LAB-BA-07 | U5: Balanza semimicro | V5: Ohaus | W5: =IF('Chequeo Balanza '!K13<=50,B9,B24) -> TM463-25A | X5: =IF(W5=B9,B10,IF(W5=B24,B25,"revisar")) -> 45832 | Y5: =IF(W5=B9,B11,IF(W5=B24,B26,"revisar")) -> 46197 | Z5: Tecservice S.A.S | AA5: 1e-05 | AB5: 0.001 | AC5: =AE5-AD5 -> 0
A6: Descripción: | B6: =U5 -> Balanza semimicro | E6: 0.009999 | H6: 0.01 | L6: 1e-06 | P6: 2e-05 | T6: TEC-LAB-BA-04 | U6: Balanza | V6: Mettler Toledo | W6: TM465-25A | X6: 45832 | Y6: 46197 | Z6: Tecservice S.A.S | AA6: 0.001 | AB6: 0.001 | AC6: =AE6-AD6 -> 0
A7: Marca: | B7: =V5 -> Ohaus | E7: 4.999988 | H7: 4.99999 | L7: 2e-06 | P7: 3.2e-05 | T7: TEC-LAB-BA-05 | U7: Balanza | V7: Mettler Toledo | W7: TM466-25A | X7: 45832 | Y7: 46197 | Z7: Tecservice S.A.S | AA7: 0.01 | AB7: 0.01 | AC7: =AE7-AD7 -> 0
A8: calibrado por: | E8: 10.000015 | H8: 10 | L8: -1.5e-05 | P8: 3.9e-05 | T8: TEC-LAB-BA-08 | U8: Bascula | V8: Mettler Toledo | W8: TM467-25A | X8: 45832 | Y8: 46197 | Z8: Tecservice S.A.S | AA8: 0.1 | AB8: 0.1 | AC8: =AE8-AD8 -> 0
A9: certificado No: | B9: TM463-25A | E9: 15.000003 | H9: 14.99999 | L9: -1.3e-05 | P9: 6.3e-05 | T9: N.A. | U9: =IF($T$9="N.A.","","") | V9: =IF($T$9="N.A.","","") | W9: =IF($T$9="N.A.","","") | X9: =IF($T$9="N.A.","","") | Y9: =IF($T$9="N.A.","","") | Z9: =IF($T$9="N.A.","","") | AC9: =AE9-AD9 -> 0
A10: fecha de calibración: | B10: 45832 | E10: 19.999998 | H10: 20.00001 | L10: 1.2e-05 | P10: 5.2e-05 | T10: TEC-LAB-TEM-33 | U10: Termómetro digital | V10: Control company | W10: TLM-T-3124 | X10: 45695 | Y10: 46060 | Z10: Tesla | AA10: 0.01 | AB10: 0.01 | AC10: =AE10-AD10 -> -0.146 | AD10: 0.156 | AE10: 0.01
A11: Prox. Calibracion: | B11: 46197 | E11: 24.999986 | H11: 24.99999 | L11: 4e-06 | P11: 7.7e-05 | T11: TEC-LAB-TEM-11 | U11: Termómetro digital | V11: Oakton | W11: TLM-T-2258 | X11: 45359 | Y11: 45724 | Z11: Tesla | AA11: 0.01 | AB11: 0.1 | AC11: =AE11-AD11 -> 0
E12: 30.000013 | H12: 30.00001 | L12: -3e-06 | P12: 8.6e-05 | T12: TEC-LAB-TH-01 | U12: Termo higrómetro digital | V12: Full Gauge | W12: TLM-TH-1859C | X12: 45337 | Y12: 46068 | Z12: Tesla | AA12: 0.1 | AB12: 0.1 | AC12: =AE12-AD12 -> 0
E13: 35 | H13: 34.99999 | L13: -1e-05 | P13: 0.00011 | T13: TEC-LAB-PTHRI-01 | U13: Termo higrómetro barómetro digital | V13: Control Company | W13: TLM-P-3401 | X13: 45082 | Y13: 45813 | Z13: Tesla | AA13: 1 | AB13: 1 | AC13: =AE13-AD13 -> 0
E14: 40.00001 | H14: 40.00001 | L14: 0 | P14: 0.0001 | T14: TEC-LAB-PTHRI-03 | U14: Termo higrómetro barómetro digital | V14: Control Company | W14: TLM-P-4418 | X14: 45343 | Y14: 46074 | Z14: Tesla | AA14: 0.1 | AB14: 0.1 | AC14: =AE14-AD14 -> 0
E15: 45 | H15: 45.00002 | L15: 2e-05 | P15: 0.00013 | T15: TEC-LAB-LI-01 | U15: Pie de rey digital | V15: Mitutoyo | W15: L27531 | X15: 45356 | Y15: 45905 | Z15: SUMINCOL | AA15: 0.1 | AB15: 0.1 | AC15: =AE15-AD15 -> 0
E16: 50 | H16: 50.00002 | L16: 2e-05 | P16: 9e-05 | T16: TEC-LAB-LI-02 | U16: Pie de rey digital | V16: Shahe | W16: L28887 | X16: 45505 | Y16: 46054 | Z16: SUMINCOL | AA16: 0.1 | AB16: 0.1 | AC16: =AE16-AD16 -> 0
T17: TEC-LAB-PTHRI-01 | U17: Termo higrómetro barómetro digital | V17: Control Company | W17: TLM-TH-1251 | X17: 45078 | Y17: 45809 | Z17: Tesla | AA17: 0.1 | AB17: 0.1 | AC17: =AE17-AD17 -> 0
A19: Equipo | B19: TEC-LAB-BA-07 | E19: Valor nominal (g) | H19: Valor Promedio de la Indicacion del Instrumento (g ) | L19: Error (g) | P19: Incertidumbre expandida (g) | Q19: ± Incertidumbre excentricidad (g)
A20: Intervalo | B20: 0 a 210 g | E20: 0 | H20: 0 | L20: 0 | P20: 8.3e-05 | Q20: 0.00011431535
A21: Descripción: | B21: Balanza semimicro | E21: 51.00004 | H21: 51 | L21: -4e-05 | P21: 0.00012
A22: Marca: | B22: Ohaus | E22: 65.00005 | H22: 65 | L22: -5e-05 | P22: 0.00015
A23: calibrado por: | E23: 85.00005 | H23: 85 | L23: -5e-05 | P23: 0.0002
A24: certificado No: | B24: TM464-25A | E24: 99.99999 | H24: 100 | L24: 1e-05 | P24: 0.00016
A25: fecha de calibración: | B25: 45832 | E25: 119.99999 | H25: 120.0001 | L25: 0.00011 | P25: 0.0002
A26: Prox. Calibracion: | B26: 46197 | E26: 130.00002 | H26: 130 | L26: -2e-05 | P26: 0.00023
E27: 150.00002 | H27: 150.0001 | L27: 8e-05 | P27: 0.00023
E28: 170.00003 | H28: 170 | L28: -3e-05 | P28: 0.00027
E29: 180.00005 | H29: 180.0001 | L29: 5e-05 | P29: 0.0003
E30: 209.99997 | H30: 209.9999 | L30: -7e-05 | P30: 0.00031
E31: 219.99996 | H31: 219.9999 | L31: -6e-05 | P31: 0.00033
A34: Equipo | B34: TEC-LAB-BA-04 | E34: Valor nominal (g) | H34: Valor Promedio de la Indicacion del Instrumento (g ) | L34: Error (g) | P34: Incertidumbre expandida (g) | Q34: ± Incertidumbre excentricidad (g)
A35: Intervalo | B35: 0 a 1200 g | E35: 0 | H35: 0 | L35: 0 | P35: 0.0013 | Q35: 0.00069282032
A36: Descripción: | B36: Balanza | E36: 0.1 | H36: 0.1 | L36: 0 | P36: 0.0013
A37: Marca: | B37: Mettler | E37: 120 | H37: 120.001 | L37: 0.001 | P37: 0.0014
A38: calibrado por: | E38: 249.9999 | H38: 250 | L38: 0.0001 | P38: 0.0015
A39: certificado No: | B39: =W6 -> TM465-25A | E39: 349.9999 | H39: 350 | L39: 0.0001 | P39: 0.0016
A40: fecha de calibración: | B40: =X6 -> 45832 | E40: 500 | H40: 500 | L40: 0 | P40: 0.0019
A41: Prox. Calibracion: | B41: =Y6 -> 46197 | E41: 600.0001 | H41: 600 | L41: -0.0001 | P41: 0.0021
E42: 700 | H42: 700 | L42: 0 | P42: 0.0023
E43: 800 | H43: 800 | L43: 0 | P43: 0.0026
E44: 999.9993 | H44: 1000 | L44: 0.0007 | P44: 0.0031
E45: 1099.9993 | H45: 1100 | L45: 0.0007 | P45: 0.0034
E46: 1199.9992 | H46: 1199.999 | L46: -0.0002 | P46: 0.0037
A49: Equipo | B49: TEC-LAB-BA-05 | E49: Valor nominal (g) | H49: Valor Promedio de la Indicacion del Instrumento (g ) | L49: Error (g) | P49: Incertidumbre expandida (g) | Q49: ± Incertidumbre excentricidad (g)
A50: Intervalo | B50: 0 a 8100 g | E50: 0 | H50: 0 | L50: 0 | P50: 0.0082 | Q50: 0.015588457
A51: Descripción: | B51: Balanza | E51: 5 | H51: 5 | L51: 0 | P51: 0.0082
A52: Marca: | B52: Mettler | E52: 800 | H52: 800 | L52: 0 | P52: 0.009
A53: calibrado por: | E53: 1599.999 | H53: 1600 | L53: 0.001 | P53: 0.011
A54: certificado No: | B54: =W7 -> TM466-25A | E54: 2500 | H54: 2500 | L54: 0 | P54: 0.014
A55: fecha de calibración: | B55: =X7 -> 45832 | E55: 3199.999 | H55: 3200 | L55: 0.001 | P55: 0.017
A56: Prox. Calibracion: | B56: =Y7 -> 46197 | E56: 4000 | H56: 4000 | L56: 0 | P56: 0.02
E57: 5000.002 | H57: 5000 | L57: -0.002 | P57: 0.025
E58: 5500.002 | H58: 5500 | L58: -0.002 | P58: 0.027
E59: 6500.001 | H59: 6500 | L59: -0.001 | P59: 0.031
E60: 7000.002 | H60: 7000.01 | L60: 0.008 | P60: 0.034
E61: 8100.001 | H61: 8100.01 | L61: 0.009 | P61: 0.039
A64: Equipo | B64: TEC-LAB-BA-08 | E64: Valor nominal (g) | H64: Valor Promedio de la Indicacion del Instrumento (g ) | L64: Error (g) | P64: Incertidumbre expandida (g) | Q64: ± Incertidumbre excentricidad (g)
A65: Intervalo | B65: 0 a 30000 g | E65: 0 | H65: 0 | L65: 0 | P65: 0.082 | Q65: 0.08660254
A66: Descripción: | B66: Balanza | E66: 50 | H66: 50 | L66: 0 | P66: 0.082
A67: Marca: | B67: Mettler | E67: 2999.999 | H67: 3000 | L67: 0.001 | P67: 0.084
A68: calibrado por: | E68: 6000 | H68: 6000 | L68: 0 | P68: 0.09
A69: certificado No: | B69: =W8 -> TM467-25A | E69: 9000 | H69: 9000 | L69: 0 | P69: 0.1
A70: fecha de calibración: | B70: =X8 -> 45832 | E70: 12000.02 | H70: 12000 | L70: -0.02 | P70: 0.11
A71: Prox. Calibracion: | B71: =Y8 -> 46197 | E71: 15000.02 | H71: 15000 | L71: -0.02 | P71: 0.13
E72: 18000.02 | H72: 18000 | L72: -0.02 | P72: 0.14
E73: 21999.99 | H73: 22000 | L73: 0.01 | P73: 0.16
E74: 24999.99 | H74: 25000 | L74: 0.01 | P74: 0.18
E75: 26999.99 | H75: 27000 | L75: 0.01 | P75: 0.19
E76: 30000.01 | H76: 30000 | L76: -0.01 | P76: 0.21

Sheet Calculo P Conformidad
K2: Límite de tolerancia superior único | X2: Otro Info
X3: https://youtu.be/WtRRT4YwAyM?si=vyZ179gciL1UpRil
X4: Minuto | Y4: 2:01:45
M6: = | N6: Pc
K7: Intervalos de tolerancia bilaterales con FDP normales
AF42: PC | AH42: PC
K43: Valor de referencia | L43: EMP | M43: Tu | N43: TL | O43: y | P43: u | Q43: U | R43: k | S43: Pcu | U43: PcL | W43: PC | Y43: PC | AB43: Ztu | AC43: =CONCATENATE("ɸ(",ROUND(AB44,2)," ) ") -> ɸ(1,67 ) | AD43: ZTL | AE43: =CONCATENATE("ɸ(",ROUND(AD44,2)," ) ") -> ɸ(-1,67 ) | AF43: =CONCATENATE("ɸ(",ROUND(AB44,2)," ) - ","ɸ(",ROUND(AD44,2)," ) ") -> ɸ(1,67 ) - ɸ(-1,67 )
K44: 1500 | L44: 0.2 | M44: 1500.2 | N44: 1499.8 | O44: 1500 | P44: 0.12 | Q44: =P44/R44 -> 0.058536585 | R44: 2.05 | S44: =_xlfn.NORM.DIST(M44,O44,P44,1) -> 0.95220965 | U44: =_xlfn.NORM.DIST(N44,O44,P44,1) -> 0.047790352 | W44: =S44-U44 -> 0.9044193 | X44: =W44 -> 0.9044193 | Y44: =1-W44 -> 0.095580705 | Z44: =Y44 -> 0.095580705 | AB44: =(M44-O44)/P44 -> 1.6666667 | AC44: =_xlfn.NORM.S.DIST(AB44,1) -> 0.95220965 | AD44: =(N44-O44)/P44 -> -1.6666667 | AE44: =_xlfn.NORM.S.DIST(AD44,1) -> 0.047790352 | AF44: =AC44-AE44 -> 0.9044193 | AG44: =AF44 -> 0.9044193 | AH44: =1-AF44 -> 0.095580705 | AI44: =AH44 -> 0.095580705
K46: Valor de referencia | L46: EMP | M46: Tu | N46: TL | O46: y | P46: s | S46: Pcu | U46: PcL | W46: PC | Y46: PC
K47: 1500 | L47: 0.2 | M47: 1500.2 | N47: 1499.8 | O47: 1500 | P47: 0.12 | S47: =_xlfn.NORM.DIST(M47,O47,P47,1) -> 0.95220965 | U47: =_xlfn.NORM.DIST(N47,O47,P47,1) -> 0.047790352 | W47: =S47-U47 -> 0.9044193 | X47: =W47 -> 0.9044193 | Y47: =1-W47 -> 0.095580705 | Z47: =Y47 -> 0.095580705
J52: Prueba con datos de calibraciones
O54: TEC-LAB-BA-07
N55: Indicación | O55: Corrección | P55: U | Q55: EMP | AM55: PC | AO55: PC
N56: g | O56: g | P56: g | Q56: g | R56: Valor de referencia | S56: EMP | U56: Tu | W56: TL | X56: y | Y56: U | Z56: uc | AA56: k | AB56: Pcu | AC56: PcL | AD56: PC | AF56: PC | AI56: Ztu | AJ56: =CONCATENATE("ɸ(",ROUND(AI57,2)," ) ") -> ɸ(9,62 ) | AK56: ZTL | AL56: =CONCATENATE("ɸ(",ROUND(AK57,2)," ) ") -> ɸ(-9,62 ) | AM56: =CONCATENATE("ɸ(",ROUND(AI57,2)," ) - ","ɸ(",ROUND(AK57,2)," ) ") -> ɸ(9,62 ) - ɸ(-9,62 )
N57: 50 | O57: 9e-05 | P57: 0.00021 | Q57: 0.001 | R57: =N57+O57 -> 50.00009 | S57: =Q57 -> 0.001 | U57: =R57+S57 -> 50.00109 | W57: =R57-S57 -> 49.99909 | X57: =R57 -> 50.00009 | Y57: =P57 -> 0.00021 | Z57: =Y57/AA57 -> 0.0001039604 | AA57: 2.02 | AB57: =_xlfn.NORM.DIST(U57,X57,Z57,1) -> 1 | AC57: =_xlfn.NORM.DIST(W57,X57,Z57,1) -> 3.3221743e-22 | AD57: =AB57-AC57 -> 1 | AE57: =AD57 -> 1 | AF57: =1-AD57 -> 0 | AG57: =AF57 -> 0 | AI57: =(U57-X57)/Z57 -> 9.6190476 | AJ57: =_xlfn.NORM.S.DIST(AI57,1) -> 1 | AK57: =(W57-X57)/Z57 -> -9.6190476 | AL57: =_xlfn.NORM.S.DIST(AK57,1) -> 3.3221743e-22 | AM57: =AJ57-AL57 -> 1 | AN57: =AM57 -> 1 | AO57: =1-AM57 -> 0 | AP57: =AO57 -> 0
N58: 65 | O58: 0.00013 | P58: 0.00022 | Q58: 0.001 | R58: =N58+O58 -> 65.00013 | S58: =Q58 -> 0.001 | U58: =R58+S58 -> 65.00113 | W58: =R58-S58 -> 64.99913 | X58: =R58 -> 65.00013 | Y58: =P58 -> 0.00022 | Z58: =Y58/AA58 -> 0.00010891089 | AA58: 2.02 | AB58: =_xlfn.NORM.DIST(U58,X58,Z58,1) -> 1 | AC58: =_xlfn.NORM.DIST(W58,X58,Z58,1) -> 2.1193653e-20 | AD58: =AB58-AC58 -> 1 | AE58: =AD58 -> 1 | AF58: =1-AD58 -> 0 | AG58: =AF58 -> 0 | AI58: =(U58-X58)/Z58 -> 9.1818182 | AJ58: =_xlfn.NORM.S.DIST(AI58,1) -> 1 | AK58: =(W58-X58)/Z58 -> -9.1818182 | AL58: =_xlfn.NORM.S.DIST(AK58,1) -> 2.1193653e-20 | AM58: =AJ58-AL58 -> 1 | AN58: =AM58 -> 1 | AO58: =1-AM58 -> 0 | AP58: =AO58 -> 0
N59: 80 | O59: 0.00018 | P59: 0.00023 | Q59: 0.001 | R59: =N59+O59 -> 80.00018 | S59: =Q59 -> 0.001 | U59: =R59+S59 -> 80.00118 | W59: =R59-S59 -> 79.99918 | X59: =R59 -> 80.00018 | Y59: =P59 -> 0.00023 | Z59: =Y59/AA59 -> 0.00011386139 | AA59: 2.02 | AB59: =_xlfn.NORM.DIST(U59,X59,Z59,1) -> 1 | AC59: =_xlfn.NORM.DIST(W59,X59,Z59,1) -> 7.9863045e-19 | AD59: =AB59-AC59 -> 1 | AE59: =AD59 -> 1 | AF59: =1-AD59 -> 0 | AG59: =AF59 -> 0 | AI59: =(U59-X59)/Z59 -> 8.7826087 | AJ59: =_xlfn.NORM.S.DIST(AI59,1) -> 1 | AK59: =(W59-X59)/Z59 -> -8.7826087 | AL59: =_xlfn.NORM.S.DIST(AK59,1) -> 7.9863045e-19 | AM59: =AJ59-AL59 -> 1 | AN59: =AM59 -> 1 | AO59: =1-AM59 -> 0 | AP59: =AO59 -> 0
N60: 95 | O60: 0.00024 | P60: 0.00025 | Q60: 0.001 | R60: =N60+O60 -> 95.00024 | S60: =Q60 -> 0.001 | U60: =R60+S60 -> 95.00124 | W60: =R60-S60 -> 94.99924 | X60: =R60 -> 95.00024 | Y60: =P60 -> 0.00025 | Z60: =Y60/AA60 -> 0.00012376238 | AA60: 2.02 | AB60: =_xlfn.NORM.DIST(U60,X60,Z60,1) -> 1 | AC60: =_xlfn.NORM.DIST(W60,X60,Z60,1) -> 3.2383387e-16 | AD60: =AB60-AC60 -> 1 | AE60: =AD60 -> 1 | AF60: =1-AD60 -> 0 | AG60: =AF60 -> 0 | AI60: =(U60-X60)/Z60 -> 8.08 | AJ60: =_xlfn.NORM.S.DIST(AI60,1) -> 1 | AK60: =(W60-X60)/Z60 -> -8.08 | AL60: =_xlfn.NORM.S.DIST(AK60,1) -> 3.2383387e-16 | AM60: =AJ60-AL60 -> 1 | AN60: =AM60 -> 1 | AO60: =1-AM60 -> 0 | AP60: =AO60 -> 0
N61: 110 | O61: 0.00013 | P61: 0.00023 | Q61: 0.001 | R61: =N61+O61 -> 110.00013 | S61: =Q61 -> 0.001 | U61: =R61+S61 -> 110.00113 | W61: =R61-S61 -> 109.99913 | X61: =R61 -> 110.00013 | Y61: =P61 -> 0.00023 | Z61: =Y61/AA61 -> 0.00011386139 | AA61: 2.02 | AB61: =_xlfn.NORM.DIST(U61,X61,Z61,1) -> 1 | AC61: =_xlfn.NORM.DIST(W61,X61,Z61,1) -> 7.9863045e-19 | AD61: =AB61-AC61 -> 1 | AE61: =AD61 -> 1 | AF61: =1-AD61 -> 0 | AG61: =AF61 -> 0 | AI61: =(U61-X61)/Z61 -> 8.7826087 | AJ61: =_xlfn.NORM.S.DIST(AI61,1) -> 1 | AK61: =(W61-X61)/Z61 -> -8.7826087 | AL61: =_xlfn.NORM.S.DIST(AK61,1) -> 7.9863045e-19 | AM61: =AJ61-AL61 -> 1 | AN61: =AM61 -> 1 | AO61: =1-AM61 -> 0 | AP61: =AO61 -> 0
N62: 130 | O62: 0.0002 | P62: 0.00026 | Q62: 0.001 | R62: =N62+O62 -> 130.0002 | S62: =Q62 -> 0.001 | U62: =R62+S62 -> 130.0012 | W62: =R62-S62 -> 129.9992 | X62: =R62 -> 130.0002 | Y62: =P62 -> 0.00026 | Z62: =Y62/AA62 -> 0.00012871287 | AA62: 2.02 | AB62: =_xlfn.NORM.DIST(U62,X62,Z62,1) -> 1 | AC62: =_xlfn.NORM.DIST(W62,X62,Z62,1) -> 3.9482095e-15 | AD62: =AB62-AC62 -> 1 | AE62: =AD62 -> 1 | AF62: =1-AD62 -> 7.9936058e-15 | AG62: =AF62 -> 7.9936058e-15 | AI62: =(U62-X62)/Z62 -> 7.7692308 | AJ62: =_xlfn.NORM.S.DIST(AI62,1) -> 1 | AK62: =(W62-X62)/Z62 -> -7.7692308 | AL62: =_xlfn.NORM.S.DIST(AK62,1) -> 3.9482095e-15 | AM62: =AJ62-AL62 -> 1 | AN62: =AM62 -> 1 | AO62: =1-AM62 -> 7.9936058e-15 | AP62: =AO62 -> 7.9936058e-15
N63: 149.9999 | O63: 0.00029 | P63: 0.00026 | Q63: 0.001 | R63: =N63+O63 -> 150.00019 | S63: =Q63 -> 0.001 | U63: =R63+S63 -> 150.00119 | W63: =R63-S63 -> 149.99919 | X63: =R63 -> 150.00019 | Y63: =P63 -> 0.00026 | Z63: =Y63/AA63 -> 0.00012871287 | AA63: 2.02 | AB63: =_xlfn.NORM.DIST(U63,X63,Z63,1) -> 1 | AC63: =_xlfn.NORM.DIST(W63,X63,Z63,1) -> 3.9482095e-15 | AD63: =AB63-AC63 -> 1 | AE63: =AD63 -> 1 | AF63: =1-AD63 -> 7.9936058e-15 | AG63: =AF63 -> 7.9936058e-15 | AI63: =(U63-X63)/Z63 -> 7.7692308 | AJ63: =_xlfn.NORM.S.DIST(AI63,1) -> 1 | AK63: =(W63-X63)/Z63 -> -7.7692308 | AL63: =_xlfn.NORM.S.DIST(AK63,1) -> 3.9482095e-15 | AM63: =AJ63-AL63 -> 1 | AN63: =AM63 -> 1 | AO63: =1-AM63 -> 7.9936058e-15 | AP63: =AO63 -> 7.9936058e-15
N64: 164.9999 | O64: 0.00034 | P64: 0.0003 | Q64: 0.001 | R64: =N64+O64 -> 165.00024 | S64: =Q64 -> 0.001 | U64: =R64+S64 -> 165.00124 | W64: =R64-S64 -> 164.99924 | X64: =R64 -> 165.00024 | Y64: =P64 -> 0.0003 | Z64: =Y64/AA64 -> 0.00014851485 | AA64: 2.02 | AB64: =_xlfn.NORM.DIST(U64,X64,Z64,1) -> 1 | AC64: =_xlfn.NORM.DIST(W64,X64,Z64,1) -> 8.2909791e-12 | AD64: =AB64-AC64 -> 1 | AE64: =AD64 -> 1 | AF64: =1-AD64 -> 1.6582069e-11 | AG64: =AF64 -> 1.6582069e-11 | AI64: =(U64-X64)/Z64 -> 6.7333333 | AJ64: =_xlfn.NORM.S.DIST(AI64,1) -> 1 | AK64: =(W64-X64)/Z64 -> -6.7333333 | AL64: =_xlfn.NORM.S.DIST(AK64,1) -> 8.2909791e-12 | AM64: =AJ64-AL64 -> 1 | AN64: =AM64 -> 1 | AO64: =1-AM64 -> 1.6582069e-11 | AP64: =AO64 -> 1.6582069e-11
N65: 179.9999 | O65: 0.00038 | P65: 0.00031 | Q65: 0.001 | R65: =N65+O65 -> 180.00028 | S65: =Q65 -> 0.001 | U65: =R65+S65 -> 180.00128 | W65: =R65-S65 -> 179.99928 | X65: =R65 -> 180.00028 | Y65: =P65 -> 0.00031 | Z65: =Y65/AA65 -> 0.00015346535 | AA65: 2.02 | AB65: =_xlfn.NORM.DIST(U65,X65,Z65,1) -> 1 | AC65: =_xlfn.NORM.DIST(W65,X65,Z65,1) -> 3.6072461e-11 | AD65: =AB65-AC65 -> 1 | AE65: =AD65 -> 1 | AF65: =1-AD65 -> 7.2144957e-11 | AG65: =AF65 -> 7.2144957e-11 | AI65: =(U65-X65)/Z65 -> 6.516129 | AJ65: =_xlfn.NORM.S.DIST(AI65,1) -> 1 | AK65: =(W65-X65)/Z65 -> -6.516129 | AL65: =_xlfn.NORM.S.DIST(AK65,1) -> 3.6072461e-11 | AM65: =AJ65-AL65 -> 1 | AN65: =AM65 -> 1 | AO65: =1-AM65 -> 7.2144957e-11 | AP65: =AO65 -> 7.2144957e-11
N66: 195 | O66: 0.00034 | P66: 0.00034 | Q66: 0.001 | R66: =N66+O66 -> 195.00034 | S66: =Q66 -> 0.001 | U66: =R66+S66 -> 195.00134 | W66: =R66-S66 -> 194.99934 | X66: =R66 -> 195.00034 | Y66: =P66 -> 0.00034 | Z66: =Y66/AA66 -> 0.00016831683 | AA66: 2.02 | AB66: =_xlfn.NORM.DIST(U66,X66,Z66,1) -> 1 | AC66: =_xlfn.NORM.DIST(W66,X66,Z66,1) -> 1.4149189e-09 | AD66: =AB66-AC66 -> 1 | AE66: =AD66 -> 1 | AF66: =1-AD66 -> 2.8298377e-09 | AG66: =AF66 -> 2.8298377e-09 | AI66: =(U66-X66)/Z66 -> 5.9411765 | AJ66: =_xlfn.NORM.S.DIST(AI66,1) -> 1 | AK66: =(W66-X66)/Z66 -> -5.9411765 | AL66: =_xlfn.NORM.S.DIST(AK66,1) -> 1.4149189e-09 | AM66: =AJ66-AL66 -> 1 | AN66: =AM66 -> 1 | AO66: =1-AM66 -> 2.8298377e-09 | AP66: =AO66 -> 2.8298377e-09
N67: 210 | O67: 0.00019 | P67: 0.0003 | Q67: 0.001 | R67: =N67+O67 -> 210.00019 | S67: =Q67 -> 0.001 | U67: =R67+S67 -> 210.00119 | W67: =R67-S67 -> 209.99919 | X67: =R67 -> 210.00019 | Y67: =P67 -> 0.0003 | Z67: =Y67/AA67 -> 0.00014851485 | AA67: 2.02 | AB67: =_xlfn.NORM.DIST(U67,X67,Z67,1) -> 1 | AC67: =_xlfn.NORM.DIST(W67,X67,Z67,1) -> 8.2909791e-12 | AD67: =AB67-AC67 -> 1 | AE67: =AD67 -> 1 | AF67: =1-AD67 -> 1.6582069e-11 | AG67: =AF67 -> 1.6582069e-11 | AI67: =(U67-X67)/Z67 -> 6.7333333 | AJ67: =_xlfn.NORM.S.DIST(AI67,1) -> 1 | AK67: =(W67-X67)/Z67 -> -6.7333333 | AL67: =_xlfn.NORM.S.DIST(AK67,1) -> 8.2909791e-12 | AM67: =AJ67-AL67 -> 1 | AN67: =AM67 -> 1 | AO67: =1-AM67 -> 1.6582069e-11 | AP67: =AO67 -> 1.6582069e-11
C69: Simple
C70: Conservadora | M70: Sistematico | O70: ='DATOS GENERALES'!C17 -> Micropipeta | P70: =CONCATENATE('DATOS GENERALES'!K21," a ",'DATOS GENERALES'!M21," ", 'DATOS GENERALES'!N21) -> 100 a 1000 µL | Q70: ='DATOS GENERALES'!F7 -> TVO005-26A | R70: con w=0
N71: Indicación | O71: Error | P71: U | Q71: EMP=TL | R71: Regla Decisión Simple | T71: [EMP] | U71: TU | V71: [-EMP] | W71: TL | AM71: PC | AO71: PC | AV71: PC | AX71: PC
B72: =S72 -> TL | C72: =IF(AND(B73=C73,B74=C74,B75=C75),"AL=TL",T72) -> AL=TL | D72: =IF(AND(D73=E73,E74=D74,E75=D75),"- AL= -TL",V72) -> - AL= -TL | E72: =CONCATENATE("-",S72) -> -TL | F72: Pc | G72: Conformidad | H72: Pc | I72: Lim inf | J72: Lim Sup | N72: ='DATOS GENERALES'!H68 -> µL | O72: =N72 -> µL | P72: =O72 -> µL | Q72: =P72 -> µL | R72: Volumen calculado | S72: TL | T72: AL | U72: TL | V72: AL- | W72: TL- | X72: y | Y72: U | Z72: uc | AA72: k | AB72: Pcu | AC72: PcL | AD72: PC | AF72: PC | AI72: Ztu | AJ72: =CONCATENATE("ɸ(",ROUND(AI73,2)," ) ") -> ɸ(15,24 ) | AK72: ZTL | AL72: =CONCATENATE("ɸ(",ROUND(AK73,2)," ) ") -> ɸ(-34,46 ) | AM72: =CONCATENATE("ɸ(",ROUND(AI73,2)," ) - ","ɸ(",ROUND(AK73,2)," ) ") -> ɸ(15,24 ) - ɸ(-34,46 ) | AR72: Ztu | AS72: =CONCATENATE("ɸ(",ROUND(AR73,2)," ) ") -> ɸ(15,24 ) | AT72: ZTL | AU72: =CONCATENATE("ɸ(",ROUND(AT73,2)," ) ") -> ɸ(-34,46 ) | AV72: =CONCATENATE("ɸ(",ROUND(AR73,2)," ) - ","ɸ(",ROUND(AT73,2)," ) ") -> ɸ(15,24 ) - ɸ(-34,46 )
B73: =IF('DATOS GENERALES'!$N$24=$C$70,S81,S73) -> 8 | C73: =IF('DATOS GENERALES'!$N$24=$C$70,T81,T73) -> 8 | D73: =IF('DATOS GENERALES'!$N$24=$C$70,V81,V73) -> -8 | E73: =IF('DATOS GENERALES'!$N$24=$C$70,-S81,-S73) -> -8 | F73: =IF('DATOS GENERALES'!$N$24=$C$70,AG81,AG73) -> 0 | G73: ='DATOS GENERALES'!S83 -> N.A. | H73: =IF(G73="Cumple",F73,"") | I73: =-Q73+P73 -> -7.3501988 | J73: =Q73-P73 -> 7.3501988 | K73: =O73>I73 -> TRUE | L73: =O73<J73 -> TRUE | N73: ='DATOS GENERALES'!F68 -> 100 | O73: ='DATOS GENERALES'!S82 -> 3.0935875 | P73: ='DATOS GENERALES'!V80 -> 0.6498012 | Q73: ='DATOS GENERALES'!Q22 -> 8 | R73: =N73+O73 -> 103.09359 | S73: =Q73 -> 8 | T73: =S73 -> 8 | U73: =N73+S73 -> 108 | V73: =-S73 -> -8 | W73: =N73-S73 -> 92 | X73: =R73 -> 103.09359 | Y73: =P73 -> 0.6498012 | Z73: =Y73/AA73 -> 0.32195785 | AA73: ='Certificado de calibración'!Y92 -> 2.0182803 | AB73: =_xlfn.NORM.DIST(U73,X73,Z73,1) -> 1 | AC73: =_xlfn.NORM.DIST(W73,X73,Z73,1) -> 1.7903759e-260 | AD73: =AB73-AC73 -> 1 | AE73: =AD73 -> 1 | AF73: =1-AD73 -> 0 | AG73: =AF73 -> 0 | AI73: =(U73-X73)/Z73 -> 15.239301 | AJ73: =_xlfn.NORM.S.DIST(AI73,1) -> 1 | AK73: =(W73-X73)/Z73 -> -34.456646 | AL73: =_xlfn.NORM.S.DIST(AK73,1) -> 1.7903759e-260 | AM73: =AJ73-AL73 -> 1 | AN73: =AM73 -> 1 | AO73: =1-AM73 -> 0 | AP73: =AO73 -> 0 | AR73: =(U73-X73)/Z73 -> 15.239301 | AS73: =NORMSDIST(AR73) -> 1 | AT73: =(W73-X73)/Z73 -> -34.456646 | AU73: =NORMSDIST(AT73) -> 1.7903759e-260 | AV73: =AS73-AU73 -> 1 | AW73: =AV73 -> 1 | AX73: =1-AV73 -> 0 | AY73: =AX73 -> 0
B74: =IF('DATOS GENERALES'!$N$24=$C$70,S82,S74) -> 8 | C74: =IF('DATOS GENERALES'!$N$24=$C$70,T82,T74) -> 8 | D74: =IF('DATOS GENERALES'!$N$24=$C$70,V82,V74) -> -8 | E74: =IF('DATOS GENERALES'!$N$24=$C$70,-S82,-S74) -> -8 | F74: =IF('DATOS GENERALES'!$N$24=$C$70,AG82,AG74) -> 0 | G74: ='DATOS GENERALES'!S99 -> N.A. | H74: =IF(G74="Cumple",F74,"") | I74: =-Q74+P74 -> -7.0642764 | J74: =Q74-P74 -> 7.0642764 | K74: =O74>I74 -> TRUE | L74: =O74<J74 -> TRUE | N74: ='DATOS GENERALES'!F84 -> 500 | O74: ='DATOS GENERALES'!S98 -> 3.4518238 | P74: ='DATOS GENERALES'!V96 -> 0.9357236 | Q74: ='DATOS GENERALES'!Q22 -> 8 | R74: =N74+O74 -> 503.45182 | S74: =Q74 -> 8 | T74: =S74 -> 8 | U74: =N74+S74 -> 508 | V74: =-S74 -> -8 | W74: =N74-S74 -> 492 | X74: =R74 -> 503.45182 | Y74: =P74 -> 0.9357236 | Z74: =Y74/AA74 -> 0.46583076 | AA74: ='Certificado de calibración'!Y93 -> 2.0087201 | AB74: =_xlfn.NORM.DIST(U74,X74,Z74,1) -> 1 | AC74: =_xlfn.NORM.DIST(W74,X74,Z74,1) -> 9.4463773e-134 | AD74: =AB74-AC74 -> 1 | AE74: =AD74 -> 1 | AF74: =1-AD74 -> 0 | AG74: =AF74 -> 0 | AI74: =(U74-X74)/Z74 -> 9.7635806 | AJ74: =_xlfn.NORM.S.DIST(AI74,1) -> 1 | AK74: =(W74-X74)/Z74 -> -24.583657 | AL74: =_xlfn.NORM.S.DIST(AK74,1) -> 9.4463773e-134 | AM74: =AJ74-AL74 -> 1 | AN74: =AM74 -> 1 | AO74: =1-AM74 -> 0 | AP74: =AO74 -> 0 | AR74: =(U74-X74)/Z74 -> 9.7635806 | AS74: =NORMSDIST(AR74) -> 1 | AT74: =(W74-X74)/Z74 -> -24.583657 | AU74: =NORMSDIST(AT74) -> 9.4463773e-134 | AV74: =AS74-AU74 -> 1 | AW74: =AV74 -> 1 | AX74: =1-AV74 -> 0 | AY74: =AX74 -> 0
B75: =IF('DATOS GENERALES'!$N$24=$C$70,S83,S75) -> 8 | C75: =IF('DATOS GENERALES'!$N$24=$C$70,T83,T75) -> 8 | D75: =IF('DATOS GENERALES'!$N$24=$C$70,V83,V75) -> -8 | E75: =IF('DATOS GENERALES'!$N$24=$C$70,-S83,-S75) -> -8 | F75: =IF('DATOS GENERALES'!$N$24=$C$70,AG83,AG75) -> 4.4999263e-06 | G75: ='DATOS GENERALES'!S115 -> N.A. | H75: =IF(G75="Cumple",F75,"") | I75: =-Q75+P75 -> -6.3868851 | J75: =Q75-P75 -> 6.3868851 | K75: =O75>I75 -> TRUE | L75: =O75<J75 -> TRUE | N75: ='DATOS GENERALES'!F100 -> 1000 | O75: ='DATOS GENERALES'!S114 -> 4.4438304 | P75: ='DATOS GENERALES'!V112 -> 1.6131149 | Q75: ='DATOS GENERALES'!Q22 -> 8 | R75: =N75+O75 -> 1004.4438 | S75: =Q75 -> 8 | T75: =S75 -> 8 | U75: =N75+S75 -> 1008 | V75: =-S75 -> -8 | W75: =N75-S75 -> 992 | X75: =R75 -> 1004.4438 | Y75: =P75 -> 1.6131149 | Z75: =Y75/AA75 -> 0.80095621 | AA75: ='Certificado de calibración'!Y94 -> 2.0139864 | AB75: =_xlfn.NORM.DIST(U75,X75,Z75,1) -> 0.9999955 | AC75: =_xlfn.NORM.DIST(W75,X75,Z75,1) -> 9.8643644e-55 | AD75: =AB75-AC75 -> 0.9999955 | AE75: =AD75 -> 0.9999955 | AF75: =1-AD75 -> 4.4999263e-06 | AG75: =AF75 -> 4.4999263e-06 | AI75: =(U75-X75)/Z75 -> 4.4399052 | AJ75: =_xlfn.NORM.S.DIST(AI75,1) -> 0.9999955 | AK75: =(W75-X75)/Z75 -> -15.536218 | AL75: =_xlfn.NORM.S.DIST(AK75,1) -> 9.8643644e-55 | AM75: =AJ75-AL75 -> 0.9999955 | AN75: =AM75 -> 0.9999955 | AO75: =1-AM75 -> 4.4999263e-06 | AP75: =AO75 -> 4.4999263e-06 | AR75: =(U75-X75)/Z75 -> 4.4399052 | AS75: =NORMSDIST(AR75) -> 0.9999955 | AT75: =(W75-X75)/Z75 -> -15.536218 | AU75: =NORMSDIST(AT75) -> 9.8643644e-55 | AV75: =AS75-AU75 -> 0.9999955 | AW75: =AV75 -> 0.9999955 | AX75: =1-AV75 -> 4.4999263e-06 | AY75: =AX75 -> 4.4999263e-06
G76: Maxima Pc = | H76: =MAX(H73:H75) -> 0
O78: =O70 -> Micropipeta | P78: =P70 -> 100 a 1000 µL | Q78: =Q70 -> TVO005-26A | R78: con w=U | U78: Se hace con Tu y TL siempre, de lo contario castigas el sistema
N79: Indicación | O79: Error | P79: U | Q79: EMP | R79: Regla Decisión Conservadora | T79: [EMP-U] | U79: V+[EMP-U] | V79: [-EMP+U] | W79: V-[EMP-U] | AM79: PC | AO79: PC | AV79: PC | AX79: PC
N80: =N72 -> µL | O80: =O72 -> µL | P80: =P72 -> µL | Q80: =Q72 -> µL | R80: Volumen calculado | S80: EMP | T80: =U80 -> TU | U80: TU | V80: =W80 -> TL | W80: TL | X80: y | Y80: U | Z80: uc | AA80: k | AB80: Pcu | AC80: PcL | AD80: PC | AF80: PC | AI80: Ztu | AJ80: =CONCATENATE("ɸ(",ROUND(AI81,2)," ) ") -> ɸ(13,22 ) | AK80: ZTL | AL80: =CONCATENATE("ɸ(",ROUND(AK81,2)," ) ") -> ɸ(-32,44 ) | AM80: =CONCATENATE("ɸ(",ROUND(AI81,2)," ) - ","ɸ(",ROUND(AK81,2)," ) ") -> ɸ(13,22 ) - ɸ(-32,44 ) | AR80: Ztu | AS80: =CONCATENATE("ɸ(",ROUND(AR81,2)," ) ") -> ɸ(13,22 ) | AT80: ZTL | AU80: =CONCATENATE("ɸ(",ROUND(AT81,2)," ) ") -> ɸ(-32,44 ) | AV80: =CONCATENATE("ɸ(",ROUND(AR81,2)," ) - ","ɸ(",ROUND(AT81,2)," ) ") -> ɸ(13,22 ) - ɸ(-32,44 )
N81: =N73 -> 100 | O81: =O73 -> 3.0935875 | P81: =P73 -> 0.6498012 | Q81: =Q73 -> 8 | R81: =N81+O81 -> 103.09359 | S81: =Q81 -> 8 | T81: =S81-P81 -> 7.3501988 | U81: =N81+S81-P81 -> 107.3502 | V81: =-S81+P81 -> -7.3501988 | W81: =N81-S81+P81 -> 92.649801 | X81: =R81 -> 103.09359 | Y81: =P81 -> 0.6498012 | Z81: =Y81/AA81 -> 0.32195785 | AA81: ='Certificado de calibración'!Y92 -> 2.0182803 | AB81: =_xlfn.NORM.DIST(U81,X81,Z81,1) -> 1 | AC81: =_xlfn.NORM.DIST(W81,X81,Z81,1) -> 3.9517303e-231 | AD81: =AB81-AC81 -> 1 | AE81: =AD81 -> 1 | AF81: =1-AD81 -> 0 | AG81: =AF81 -> 0 | AI81: =(U81-X81)/Z81 -> 13.22102 | AJ81: =_xlfn.NORM.S.DIST(AI81,1) -> 1 | AK81: =(W81-X81)/Z81 -> -32.438365 | AL81: =_xlfn.NORM.S.DIST(AK81,1) -> 3.9517303e-231 | AM81: =AJ81-AL81 -> 1 | AN81: =AM81 -> 1 | AO81: =1-AM81 -> 0 | AP81: =AO81 -> 0 | AR81: =(U81-X81)/Z81 -> 13.22102 | AS81: =NORMSDIST(AR81) -> 1 | AT81: =(W81-X81)/Z81 -> -32.438365 | AU81: =NORMSDIST(AT81) -> 3.9517303e-231 | AV81: =AS81-AU81 -> 1 | AW81: =AV81 -> 1 | AX81: =1-AV81 -> 0 | AY81: =AX81 -> 0
N82: =N74 -> 500 | O82: =O74 -> 3.4518238 | P82: =P74 -> 0.9357236 | Q82: =Q74 -> 8 | R82: =N82+O82 -> 503.45182 | S82: =Q82 -> 8 | T82: =S82-P82 -> 7.0642764 | U82: =N82+S82-P82 -> 507.06428 | V82: =-S82+P82 -> -7.0642764 | W82: =N82-S82+P82 -> 492.93572 | X82: =R82 -> 503.45182 | Y82: =P82 -> 0.9357236 | Z82: =Y82/AA82 -> 0.46583076 | AA82: ='Certificado de calibración'!Y93 -> 2.0087201 | AB82: =_xlfn.NORM.DIST(U82,X82,Z82,1) -> 1 | AC82: =_xlfn.NORM.DIST(W82,X82,Z82,1) -> 3.8209104e-113 | AD82: =AB82-AC82 -> 1 | AE82: =AD82 -> 1 | AF82: =1-AD82 -> 4.4408921e-15 | AG82: =AF82 -> 4.4408921e-15 | AI82: =(U82-X82)/Z82 -> 7.7548606 | AJ82: =_xlfn.NORM.S.DIST(AI82,1) -> 1 | AK82: =(W82-X82)/Z82 -> -22.574937 | AL82: =_xlfn.NORM.S.DIST(AK82,1) -> 3.8209104e-113 | AM82: =AJ82-AL82 -> 1 | AN82: =AM82 -> 1 | AO82: =1-AM82 -> 4.4408921e-15 | AP82: =AO82 -> 4.4408921e-15 | AR82: =(U82-X82)/Z82 -> 7.7548606 | AS82: =NORMSDIST(AR82) -> 1 | AT82: =(W82-X82)/Z82 -> -22.574937 | AU82: =NORMSDIST(AT82) -> 3.8209104e-113 | AV82: =AS82-AU82 -> 1 | AW82: =AV82 -> 1 | AX82: =1-AV82 -> 4.4408921e-15 | AY82: =AX82 -> 4.4408921e-15
N83: =N75 -> 1000 | O83: =O75 -> 4.4438304 | P83: =P75 -> 1.6131149 | Q83: =Q75 -> 8 | R83: =N83+O83 -> 1004.4438 | S83: =Q83 -> 8 | T83: =S83-P83 -> 6.3868851 | U83: =N83+S83-P83 -> 1006.3869 | V83: =-S83+P83 -> -6.3868851 | W83: =N83-S83+P83 -> 993.61311 | X83: =R83 -> 1004.4438 | Y83: =P83 -> 1.6131149 | Z83: =Y83/AA83 -> 0.80095621 | AA83: ='Certificado de calibración'!Y94 -> 2.0139864 | AB83: =_xlfn.NORM.DIST(U83,X83,Z83,1) -> 0.99236516 | AC83: =_xlfn.NORM.DIST(W83,X83,Z83,1) -> 5.7807159e-42 | AD83: =AB83-AC83 -> 0.99236516 | AE83: =AD83 -> 0.99236516 | AF83: =1-AD83 -> 0.0076348436 | AG83: =AF83 -> 0.0076348436 | AI83: =(U83-X83)/Z83 -> 2.4259188 | AJ83: =_xlfn.NORM.S.DIST(AI83,1) -> 0.99236516 | AK83: =(W83-X83)/Z83 -> -13.522232 | AL83: =_xlfn.NORM.S.DIST(AK83,1) -> 5.7807159e-42 | AM83: =AJ83-AL83 -> 0.99236516 | AN83: =AM83 -> 0.99236516 | AO83: =1-AM83 -> 0.0076348436 | AP83: =AO83 -> 0.0076348436 | AR83: =(U83-X83)/Z83 -> 2.4259188 | AS83: =NORMSDIST(AR83) -> 0.99236516 | AT83: =(W83-X83)/Z83 -> -13.522232 | AU83: =NORMSDIST(AT83) -> 5.7807159e-42 | AV83: =AS83-AU83 -> 0.99236516 | AW83: =AV83 -> 0.99236516 | AX83: =1-AV83 -> 0.0076348436 | AY83: =AX83 -> 0.0076348436
U84: Cuando lo haces con los limites solo consideras que los valores medicos esten dentro de dichos límites, pero el % de aceptación o de falsa axeptación se calucula siempre con Tu y TL (EMP)
U85: LES | V85: =Q83 -> 8 | W85: LEI | X85: =-Q83 -> -8 | Z85: Error | AA85: =O83 -> 4.4438304 | AB85: u | AC85: =P83/AA83 -> 0.80095621 | AD85: PC | AE85: =_xlfn.NORM.DIST(V85,AA85,AC85,1)-_xlfn.NORM.DIST(X85,AA85,AC85,1) -> 0.9999955 | AF85: PFA | AG85: =1-AE85 -> 4.4999263e-06
M86: Aleatorio | O86: ='DATOS GENERALES'!C17 -> Micropipeta | P86: =CONCATENATE('DATOS GENERALES'!K21," a ",'DATOS GENERALES'!M21," ", 'DATOS GENERALES'!N21) -> 100 a 1000 µL | Q86: ='DATOS GENERALES'!F7 -> TVO005-26A | R86: con w=0 | U86: LES | V86: =T83 -> 6.3868851 | W86: LEI | X86: =V83 -> -6.3868851 | Z86: Error | AA86: =AA85 -> 4.4438304 | AB86: u | AC86: =AC85 -> 0.80095621 | AD86: PC | AE86: =_xlfn.NORM.DIST(V86,AA86,AC86,1)-_xlfn.NORM.DIST(X86,AA86,AC86,1) -> 0.99236516 | AF86: PFA | AG86: =1-AE86 -> 0.0076348436
N87: Indicación | O87: Error | P87: U | Q87: EMP | AB87: =_xlfn.NORM.DIST(V85,AA85,AC85,1) -> 0.9999955 | AC87: =_xlfn.NORM.DIST(X85,AA85,AC85,1) -> 9.8643644e-55 | AM87: PC | AO87: PC | AV87: PC | AX87: PC
N88: ='DATOS GENERALES'!H68 -> µL | O88: =N88 -> µL | P88: =O88 -> µL | Q88: =P88 -> µL | R88: Volumen calculado | S88: EMP | T88: =U88 -> Tu | U88: Tu | V88: =W88 -> TL | W88: TL | X88: y | Y88: U | Z88: uc | AA88: k | AB88: Pcu | AC88: PcL | AD88: PC | AF88: PC | AI88: Ztu | AJ88: =CONCATENATE("ɸ(",ROUND(AI89,2)," ) ") -> ɸ(-0,29 ) | AK88: ZTL | AL88: =CONCATENATE("ɸ(",ROUND(AK89,2)," ) ") -> ɸ(-18,93 ) | AM88: =CONCATENATE("ɸ(",ROUND(AI89,2)," ) - ","ɸ(",ROUND(AK89,2)," ) ") -> ɸ(-0,29 ) - ɸ(-18,93 ) | AR88: Ztu | AS88: =CONCATENATE("ɸ(",ROUND(AR89,2)," ) ") -> ɸ(-0,29 ) | AT88: ZTL | AU88: =CONCATENATE("ɸ(",ROUND(AT89,2)," ) ") -> ɸ(-18,93 ) | AV88: =CONCATENATE("ɸ(",ROUND(AR89,2)," ) - ","ɸ(",ROUND(AT89,2)," ) ") -> ɸ(-0,29 ) - ɸ(-18,93 )
N89: ='DATOS GENERALES'!F68 -> 100 | O89: ='DATOS GENERALES'!S82 -> 3.0935875 | P89: ='DATOS GENERALES'!V80 -> 0.6498012 | Q89: ='DATOS GENERALES'!Q23 -> 3 | R89: =N89+O89 -> 103.09359 | S89: =Q89 -> 3 | U89: =N89+S89 -> 103 | W89: =N89-S89 -> 97 | X89: =R89 -> 103.09359 | Y89: =P89 -> 0.6498012 | Z89: =Y89/AA89 -> 0.32195785 | AA89: ='Certificado de calibración'!Y92 -> 2.0182803 | AB89: =_xlfn.NORM.DIST(U89,X89,Z89,1) -> 0.38564704 | AC89: =_xlfn.NORM.DIST(W89,X89,Z89,1) -> 3.4392324e-80 | AD89: =AB89-AC89 -> 0.38564704 | AE89: =AD89 -> 0.38564704 | AF89: =1-AD89 -> 0.61435296 | AG89: =AF89 -> 0.61435296 | AI89: =(U89-X89)/Z89 -> -0.29068261 | AJ89: =_xlfn.NORM.S.DIST(AI89,1) -> 0.38564704 | AK89: =(W89-X89)/Z89 -> -18.926662 | AL89: =_xlfn.NORM.S.DIST(AK89,1) -> 3.4392324e-80 | AM89: =AJ89-AL89 -> 0.38564704 | AN89: =AM89 -> 0.38564704 | AO89: =1-AM89 -> 0.61435296 | AP89: =AO89 -> 0.61435296 | AR89: =(U89-X89)/Z89 -> -0.29068261 | AS89: =NORMSDIST(AR89) -> 0.38564704 | AT89: =(W89-X89)/Z89 -> -18.926662 | AU89: =NORMSDIST(AT89) -> 3.4392324e-80 | AV89: =AS89-AU89 -> 0.38564704 | AW89: =AV89 -> 0.38564704 | AX89: =1-AV89 -> 0.61435296 | AY89: =AX89 -> 0.61435296
N90: ='DATOS GENERALES'!F84 -> 500 | O90: ='DATOS GENERALES'!S98 -> 3.4518238 | P90: ='DATOS GENERALES'!V96 -> 0.9357236 | Q90: ='DATOS GENERALES'!Q23 -> 3 | R90: =N90+O90 -> 503.45182 | S90: =Q90 -> 3 | U90: =N90+S90 -> 503 | W90: =N90-S90 -> 497 | X90: =R90 -> 503.45182 | Y90: =P90 -> 0.9357236 | Z90: =Y90/AA90 -> 0.46583076 | AA90: ='Certificado de calibración'!Y93 -> 2.0087201 | AB90: =_xlfn.NORM.DIST(U90,X90,Z90,1) -> 0.16604039 | AC90: =_xlfn.NORM.DIST(W90,X90,Z90,1) -> 6.347739e-44 | AD90: =AB90-AC90 -> 0.16604039 | AE90: =AD90 -> 0.16604039 | AF90: =1-AD90 -> 0.83395961 | AG90: =AF90 -> 0.83395961 | AI90: =(U90-X90)/Z90 -> -0.96993122 | AJ90: =_xlfn.NORM.S.DIST(AI90,1) -> 0.16604039 | AK90: =(W90-X90)/Z90 -> -13.850145 | AL90: =_xlfn.NORM.S.DIST(AK90,1) -> 6.347739e-44 | AM90: =AJ90-AL90 -> 0.16604039 | AN90: =AM90 -> 0.16604039 | AO90: =1-AM90 -> 0.83395961 | AP90: =AO90 -> 0.83395961 | AR90: =(U90-X90)/Z90 -> -0.96993122 | AS90: =NORMSDIST(AR90) -> 0.16604039 | AT90: =(W90-X90)/Z90 -> -13.850145 | AU90: =NORMSDIST(AT90) -> 6.347739e-44 | AV90: =AS90-AU90 -> 0.16604039 | AW90: =AV90 -> 0.16604039 | AX90: =1-AV90 -> 0.83395961 | AY90: =AX90 -> 0.83395961
N91: ='DATOS GENERALES'!F100 -> 1000 | O91: ='DATOS GENERALES'!S114 -> 4.4438304 | P91: ='DATOS GENERALES'!V112 -> 1.6131149 | Q91: ='DATOS GENERALES'!Q23 -> 3 | R91: =N91+O91 -> 1004.4438 | S91: =Q91 -> 3 | U91: =N91+S91 -> 1003 | W91: =N91-S91 -> 997 | X91: =R91 -> 1004.4438 | Y91: =P91 -> 1.6131149 | Z91: =Y91/AA91 -> 0.80095621 | AA91: ='Certificado de calibración'!Y94 -> 2.0139864 | AB91: =_xlfn.NORM.DIST(U91,X91,Z91,1) -> 0.035722905 | AC91: =_xlfn.NORM.DIST(W91,X91,Z91,1) -> 7.4522261e-21 | AD91: =AB91-AC91 -> 0.035722905 | AE91: =AD91 -> 0.035722905 | AF91: =1-AD91 -> 0.96427709 | AG91: =AF91 -> 0.96427709 | AI91: =(U91-X91)/Z91 -> -1.8026334 | AJ91: =_xlfn.NORM.S.DIST(AI91,1) -> 0.035722905 | AK91: =(W91-X91)/Z91 -> -9.2936796 | AL91: =_xlfn.NORM.S.DIST(AK91,1) -> 7.4522261e-21 | AM91: =AJ91-AL91 -> 0.035722905 | AN91: =AM91 -> 0.035722905 | AO91: =1-AM91 -> 0.96427709 | AP91: =AO91 -> 0.96427709 | AR91: =(U91-X91)/Z91 -> -1.8026334 | AS91: =NORMSDIST(AR91) -> 0.035722905 | AT91: =(W91-X91)/Z91 -> -9.2936796 | AU91: =NORMSDIST(AT91) -> 7.4522261e-21 | AV91: =AS91-AU91 -> 0.035722905 | AW91: =AV91 -> 0.035722905 | AX91: =1-AV91 -> 0.96427709 | AY91: =AX91 -> 0.96427709
O94: =O86 -> Micropipeta | P94: =P86 -> 100 a 1000 µL | Q94: =Q86 -> TVO005-26A | R94: con w=U | U94: Se hace con Tu y TL siempre, de lo contario castigas el sistema
N95: Indicación | O95: Error | P95: U | Q95: EMP | AM95: PC | AO95: PC | AV95: PC | AX95: PC
N96: =N88 -> µL | O96: =O88 -> µL | P96: =P88 -> µL | Q96: =Q88 -> µL | R96: Volumen calculado | S96: EMP | T96: =U96 -> Tu | U96: Tu | V96: =W96 -> TL | W96: TL | X96: y | Y96: U | Z96: uc | AA96: k | AB96: Pcu | AC96: PcL | AD96: PC | AF96: PC | AI96: Ztu | AJ96: =CONCATENATE("ɸ(",ROUND(AI97,2)," ) ") -> ɸ(-2,31 ) | AK96: ZTL | AL96: =CONCATENATE("ɸ(",ROUND(AK97,2)," ) ") -> ɸ(-16,91 ) | AM96: =CONCATENATE("ɸ(",ROUND(AI97,2)," ) - ","ɸ(",ROUND(AK97,2)," ) ") -> ɸ(-2,31 ) - ɸ(-16,91 ) | AR96: Ztu | AS96: =CONCATENATE("ɸ(",ROUND(AR97,2)," ) ") -> ɸ(-2,31 ) | AT96: ZTL | AU96: =CONCATENATE("ɸ(",ROUND(AT97,2)," ) ") -> ɸ(-16,91 ) | AV96: =CONCATENATE("ɸ(",ROUND(AR97,2)," ) - ","ɸ(",ROUND(AT97,2)," ) ") -> ɸ(-2,31 ) - ɸ(-16,91 )
N97: =N89 -> 100 | O97: =O89 -> 3.0935875 | P97: =P89 -> 0.6498012 | Q97: =Q89 -> 3 | R97: =N97+O97 -> 103.09359 | S97: =Q97 -> 3 | U97: =N97+S97-P97 -> 102.3502 | W97: =N97-S97+P97 -> 97.649801 | X97: =R97 -> 103.09359 | Y97: =P97 -> 0.6498012 | Z97: =Y97/AA97 -> 0.32195785 | AA97: ='Certificado de calibración'!Y92 -> 2.0182803 | AB97: =_xlfn.NORM.DIST(U97,X97,Z97,1) -> 0.010472819 | AC97: =_xlfn.NORM.DIST(W97,X97,Z97,1) -> 1.95138e-64 | AD97: =AB97-AC97 -> 0.010472819 | AE97: =AD97 -> 0.010472819 | AF97: =1-AD97 -> 0.98952718 | AG97: =AF97 -> 0.98952718 | AI97: =(U97-X97)/Z97 -> -2.308963 | AJ97: =_xlfn.NORM.S.DIST(AI97,1) -> 0.010472819 | AK97: =(W97-X97)/Z97 -> -16.908382 | AL97: =_xlfn.NORM.S.DIST(AK97,1) -> 1.95138e-64 | AM97: =AJ97-AL97 -> 0.010472819 | AN97: =AM97 -> 0.010472819 | AO97: =1-AM97 -> 0.98952718 | AP97: =AO97 -> 0.98952718 | AR97: =(U97-X97)/Z97 -> -2.308963 | AS97: =NORMSDIST(AR97) -> 0.010472819 | AT97: =(W97-X97)/Z97 -> -16.908382 | AU97: =NORMSDIST(AT97) -> 1.95138e-64 | AV97: =AS97-AU97 -> 0.010472819 | AW97: =AV97 -> 0.010472819 | AX97: =1-AV97 -> 0.98952718 | AY97: =AX97 -> 0.98952718
N98: =N90 -> 500 | O98: =O90 -> 3.4518238 | P98: =P90 -> 0.9357236 | Q98: =Q90 -> 3 | R98: =N98+O98 -> 503.45182 | S98: =Q98 -> 3 | U98: =N98+S98-P98 -> 502.06428 | W98: =N98-S98+P98 -> 497.93572 | X98: =R98 -> 503.45182 | Y98: =P98 -> 0.9357236 | Z98: =Y98/AA98 -> 0.46583076 | AA98: ='Certificado de calibración'!Y93 -> 2.0087201 | AB98: =_xlfn.NORM.DIST(U98,X98,Z98,1) -> 0.0014476003 | AC98: =_xlfn.NORM.DIST(W98,X98,Z98,1) -> 1.1918351e-32 | AD98: =AB98-AC98 -> 0.0014476003 | AE98: =AD98 -> 0.0014476003 | AF98: =1-AD98 -> 0.9985524 | AG98: =AF98 -> 0.9985524 | AI98: =(U98-X98)/Z98 -> -2.9786513 | AJ98: =_xlfn.NORM.S.DIST(AI98,1) -> 0.0014476003 | AK98: =(W98-X98)/Z98 -> -11.841425 | AL98: =_xlfn.NORM.S.DIST(AK98,1) -> 1.1918351e-32 | AM98: =AJ98-AL98 -> 0.0014476003 | AN98: =AM98 -> 0.0014476003 | AO98: =1-AM98 -> 0.9985524 | AP98: =AO98 -> 0.9985524 | AR98: =(U98-X98)/Z98 -> -2.9786513 | AS98: =NORMSDIST(AR98) -> 0.0014476003 | AT98: =(W98-X98)/Z98 -> -11.841425 | AU98: =NORMSDIST(AT98) -> 1.1918351e-32 | AV98: =AS98-AU98 -> 0.0014476003 | AW98: =AV98 -> 0.0014476003 | AX98: =1-AV98 -> 0.9985524 | AY98: =AX98 -> 0.9985524
N99: =N91 -> 1000 | O99: =O91 -> 4.4438304 | P99: =P91 -> 1.6131149 | Q99: =Q91 -> 3 | R99: =N99+O99 -> 1004.4438 | S99: =Q99 -> 3 | U99: =N99+S99-P99 -> 1001.3869 | W99: =N99-S99+P99 -> 998.61311 | X99: =R99 -> 1004.4438 | Y99: =P99 -> 1.6131149 | Z99: =Y99/AA99 -> 0.80095621 | AA99: ='Certificado de calibración'!Y94 -> 2.0139864 | AB99: =_xlfn.NORM.DIST(U99,X99,Z99,1) -> 6.7646207e-05 | AC99: =_xlfn.NORM.DIST(W99,X99,Z99,1) -> 1.6729003e-13 | AD99: =AB99-AC99 -> 6.7646207e-05 | AE99: =AD99 -> 6.7646207e-05 | AF99: =1-AD99 -> 0.99993235 | AG99: =AF99 -> 0.99993235 | AI99: =(U99-X99)/Z99 -> -3.8166198 | AJ99: =_xlfn.NORM.S.DIST(AI99,1) -> 6.7646207e-05 | AK99: =(W99-X99)/Z99 -> -7.2796933 | AL99: =_xlfn.NORM.S.DIST(AK99,1) -> 1.6729003e-13 | AM99: =AJ99-AL99 -> 6.7646207e-05 | AN99: =AM99 -> 6.7646207e-05 | AO99: =1-AM99 -> 0.99993235 | AP99: =AO99 -> 0.99993235 | AR99: =(U99-X99)/Z99 -> -3.8166198 | AS99: =NORMSDIST(AR99) -> 6.7646207e-05 | AT99: =(W99-X99)/Z99 -> -7.2796933 | AU99: =NORMSDIST(AT99) -> 1.6729003e-13 | AV99: =AS99-AU99 -> 6.7646207e-05 | AW99: =AV99 -> 6.7646207e-05 | AX99: =1-AV99 -> 0.99993235 | AY99: =AX99 -> 0.99993235
M102: 3 | O102: Micropipeta | P102: 100 ul | Q102: TVO441-24A | R102: con w=0
N103: Indicación | O103: Error | P103: U | Q103: EMP | AM103: PC | AO103: PC
N104: uL | O104: uL | P104: uL | Q104: uL | R104: Volumen calculado | S104: EMP | U104: Tu | W104: TL | X104: y | Y104: U | Z104: uc | AA104: k | AB104: Pcu | AC104: PcL | AD104: PC | AF104: PC | AI104: Ztu | AJ104: =CONCATENATE("ɸ(",ROUND(AI105,2)," ) ") -> ɸ(1,24 ) | AK104: ZTL | AL104: =CONCATENATE("ɸ(",ROUND(AK105,2)," ) ") -> ɸ(-2,57 ) | AM104: =CONCATENATE("ɸ(",ROUND(AI105,2)," ) - ","ɸ(",ROUND(AK105,2)," ) ") -> ɸ(1,24 ) - ɸ(-2,57 )
N105: 10 | O105: 0.28 | P105: 0.42 | Q105: 0.8 | R105: =N105+O105 -> 10.28 | S105: =Q105 -> 0.8 | U105: =N105+S105 -> 10.8 | W105: =N105-S105 -> 9.2 | X105: =R105 -> 10.28 | Y105: =P105 -> 0.42 | Z105: =Y105/AA105 -> 0.20895522 | AA105: 2.01 | AB105: =_xlfn.NORM.DIST(U105,X105,Z105,1) -> 0.99358713 | AC105: =_xlfn.NORM.DIST(W105,X105,Z105,1) -> 1.1794507e-07 | AD105: =AB105-AC105 -> 0.99358701 | AE105: =AD105 -> 0.99358701 | AF105: =1-AD105 -> 0.0064129915 | AG105: =AF105 -> 0.0064129915 | AI105: =(U105-X105)/Y105 -> 1.2380952 | AJ105: =_xlfn.NORM.S.DIST(AI105,1) -> 0.89215963 | AK105: =(W105-X105)/Y105 -> -2.5714286 | AL105: =_xlfn.NORM.S.DIST(AK105,1) -> 0.0050639953 | AM105: =AJ105-AL105 -> 0.88709563 | AN105: =AM105 -> 0.88709563 | AO105: =1-AM105 -> 0.11290437 | AP105: =AO105 -> 0.11290437
N106: 50 | O106: 0.2 | P106: 0.42 | Q106: 0.8 | R106: =N106+O106 -> 50.2 | S106: =Q106 -> 0.8 | U106: =N106+S106 -> 50.8 | W106: =N106-S106 -> 49.2 | X106: =R106 -> 50.2 | Y106: =P106 -> 0.42 | Z106: =Y106/AA106 -> 0.20895522 | AA106: 2.01 | AB106: =_xlfn.NORM.DIST(U106,X106,Z106,1) -> 0.99795689 | AC106: =_xlfn.NORM.DIST(W106,X106,Z106,1) -> 8.5190146e-07 | AD106: =AB106-AC106 -> 0.99795604 | AE106: =AD106 -> 0.99795604 | AF106: =1-AD106 -> 0.0020439575 | AG106: =AF106 -> 0.0020439575 | AI106: =(U106-X106)/Y106 -> 1.4285714 | AJ106: =_xlfn.NORM.S.DIST(AI106,1) -> 0.92343627 | AK106: =(W106-X106)/Y106 -> -2.3809524 | AL106: =_xlfn.NORM.S.DIST(AK106,1) -> 0.008633972 | AM106: =AJ106-AL106 -> 0.9148023 | AN106: =AM106 -> 0.9148023 | AO106: =1-AM106 -> 0.085197698 | AP106: =AO106 -> 0.085197698
N107: 100 | O107: 0.39 | P107: 0.42 | Q107: 0.8 | R107: =N107+O107 -> 100.39 | S107: =Q107 -> 0.8 | U107: =N107+S107 -> 100.8 | W107: =N107-S107 -> 99.2 | X107: =R107 -> 100.39 | Y107: =P107 -> 0.42 | Z107: =Y107/AA107 -> 0.20895522 | AA107: 2.01 | AB107: =_xlfn.NORM.DIST(U107,X107,Z107,1) -> 0.97512707 | AC107: =_xlfn.NORM.DIST(W107,X107,Z107,1) -> 6.1685961e-09 | AD107: =AB107-AC107 -> 0.97512707 | AE107: =AD107 -> 0.97512707 | AF107: =1-AD107 -> 0.024872933 | AG107: =AF107 -> 0.024872933 | AI107: =(U107-X107)/Y107 -> 0.97619048 | AJ107: =_xlfn.NORM.S.DIST(AI107,1) -> 0.83551496 | AK107: =(W107-X107)/Y107 -> -2.8333333 | AL107: =_xlfn.NORM.S.DIST(AK107,1) -> 0.0023032661 | AM107: =AJ107-AL107 -> 0.83321169 | AN107: =AM107 -> 0.83321169 | AO107: =1-AM107 -> 0.16678831 | AP107: =AO107 -> 0.16678831
O110: Micropipeta | P110: 100 ul | Q110: TVO441-24A | R110: con w=U
N111: Indicación | O111: Error | P111: U | Q111: EMP | AM111: PC | AO111: PC
N112: uL | O112: uL | P112: uL | Q112: uL | R112: Volumen calculado | S112: EMP | U112: Au | W112: AL | X112: y | Y112: U | Z112: uc | AA112: k | AB112: Pcu | AC112: PcL | AD112: PC | AF112: PC | AI112: Ztu | AJ112: =CONCATENATE("ɸ(",ROUND(AI113,2)," ) ") -> ɸ(0,24 ) | AK112: ZTL | AL112: =CONCATENATE("ɸ(",ROUND(AK113,2)," ) ") -> ɸ(-1,57 ) | AM112: =CONCATENATE("ɸ(",ROUND(AI113,2)," ) - ","ɸ(",ROUND(AK113,2)," ) ") -> ɸ(0,24 ) - ɸ(-1,57 )
N113: 10 | O113: 0.28 | P113: 0.42 | Q113: 0.8 | R113: =N113+O113 -> 10.28 | S113: =Q113 -> 0.8 | U113: =N113+S113-P113 -> 10.38 | W113: =N113-S113+P113 -> 9.62 | X113: =R113 -> 10.28 | Y113: =P113 -> 0.42 | Z113: =Y113/AA113 -> 0.20895522 | AA113: 2.01 | AB113: =_xlfn.NORM.DIST(U113,X113,Z113,1) -> 0.68387823 | AC113: =_xlfn.NORM.DIST(W113,X113,Z113,1) -> 0.00079272226 | AD113: =AB113-AC113 -> 0.6830855 | AE113: =AD113 -> 0.6830855 | AF113: =1-AD113 -> 0.3169145 | AG113: =AF113 -> 0.3169145 | AI113: =(U113-X113)/Y113 -> 0.23809524 | AJ113: =_xlfn.NORM.S.DIST(AI113,1) -> 0.59409639 | AK113: =(W113-X113)/Y113 -> -1.5714286 | AL113: =_xlfn.NORM.S.DIST(AK113,1) -> 0.058041567 | AM113: =AJ113-AL113 -> 0.53605482 | AN113: =AM113 -> 0.53605482 | AO113: =1-AM113 -> 0.46394518 | AP113: =AO113 -> 0.46394518
N114: 50 | O114: 0.2 | P114: 0.42 | Q114: 0.8 | R114: =N114+O114 -> 50.2 | S114: =Q114 -> 0.8 | U114: =N114+S114-P114 -> 50.38 | W114: =N114-S114+P114 -> 49.62 | X114: =R114 -> 50.2 | Y114: =P114 -> 0.42 | Z114: =Y114/AA114 -> 0.20895522 | AA114: 2.01 | AB114: =_xlfn.NORM.DIST(U114,X114,Z114,1) -> 0.80549898 | AC114: =_xlfn.NORM.DIST(W114,X114,Z114,1) -> 0.0027540294 | AD114: =AB114-AC114 -> 0.80274495 | AE114: =AD114 -> 0.80274495 | AF114: =1-AD114 -> 0.19725505 | AG114: =AF114 -> 0.19725505 | AI114: =(U114-X114)/Y114 -> 0.42857143 | AJ114: =_xlfn.NORM.S.DIST(AI114,1) -> 0.66588243 | AK114: =(W114-X114)/Y114 -> -1.3809524 | AL114: =_xlfn.NORM.S.DIST(AK114,1) -> 0.083646801 | AM114: =AJ114-AL114 -> 0.58223563 | AN114: =AM114 -> 0.58223563 | AO114: =1-AM114 -> 0.41776437 | AP114: =AO114 -> 0.41776437
N115: 100 | O115: 0.39 | P115: 0.42 | Q115: 0.8 | R115: =N115+O115 -> 100.39 | S115: =Q115 -> 0.8 | U115: =N115+S115-P115 -> 100.38 | W115: =N115-S115+P115 -> 99.62 | X115: =R115 -> 100.39 | Y115: =P115 -> 0.42 | Z115: =Y115/AA115 -> 0.20895522 | AA115: 2.01 | AB115: =_xlfn.NORM.DIST(U115,X115,Z115,1) -> 0.48091505 | AC115: =_xlfn.NORM.DIST(W115,X115,Z115,1) -> 0.00011435132 | AD115: =AB115-AC115 -> 0.4808007 | AE115: =AD115 -> 0.4808007 | AF115: =1-AD115 -> 0.5191993 | AG115: =AF115 -> 0.5191993 | AI115: =(U115-X115)/Y115 -> -0.023809524 | AJ115: =_xlfn.NORM.S.DIST(AI115,1) -> 0.49050227 | AK115: =(W115-X115)/Y115 -> -1.8333333 | AL115: =_xlfn.NORM.S.DIST(AK115,1) -> 0.033376508 | AM115: =AJ115-AL115 -> 0.45712576 | AN115: =AM115 -> 0.45712576 | AO115: =1-AM115 -> 0.54287424 | AP115: =AO115 -> 0.54287424
M118: 4 | O118: Pipeta Piston | P118: 5 mL | Q118: TVO439-24A | R118: con w=0
N119: Indicación | O119: Error | P119: U | Q119: EMP | AM119: PC | AO119: PC
N120: mL | O120: mL | P120: mL | Q120: mL | R120: Volumen calculado | S120: EMP | U120: Tu | W120: TL | X120: y | Y120: U | Z120: uc | AA120: k | AB120: Pcu | AC120: PcL | AD120: PC | AF120: PC | AI120: Ztu | AJ120: =CONCATENATE("ɸ(",ROUND(AI121,2)," ) ") -> ɸ(60 ) | AK120: ZTL | AL120: =CONCATENATE("ɸ(",ROUND(AK121,2)," ) ") -> ɸ(-20 ) | AM120: =CONCATENATE("ɸ(",ROUND(AI121,2)," ) - ","ɸ(",ROUND(AK121,2)," ) ") -> ɸ(60 ) - ɸ(-20 )
N121: 0.5 | O121: -0.02 | P121: 0.001 | Q121: 0.04 | R121: =N121+O121 -> 0.48 | S121: =Q121 -> 0.04 | U121: =N121+S121 -> 0.54 | W121: =N121-S121 -> 0.46 | X121: =R121 -> 0.48 | Y121: =P121 -> 0.001 | Z121: =Y121/AA121 -> 0.00049751244 | AA121: 2.01 | AB121: =_xlfn.NORM.DIST(U121,X121,Z121,1) -> 1 | AC121: =_xlfn.NORM.DIST(W121,X121,Z121,1) -> 0 | AD121: =AB121-AC121 -> 1 | AE121: =AD121 -> 1 | AF121: =1-AD121 -> 0 | AG121: =AF121 -> 0 | AI121: =(U121-X121)/Y121 -> 60 | AJ121: =_xlfn.NORM.S.DIST(AI121,1) -> 1 | AK121: =(W121-X121)/Y121 -> -20 | AL121: =_xlfn.NORM.S.DIST(AK121,1) -> 2.7536241e-89 | AM121: =AJ121-AL121 -> 1 | AN121: =AM121 -> 1 | AO121: =1-AM121 -> 0 | AP121: =AO121 -> 0
N122: 2.5 | O122: 0 | P122: 0.001 | Q122: 0.04 | R122: =N122+O122 -> 2.5 | S122: =Q122 -> 0.04 | U122: =N122+S122 -> 2.54 | W122: =N122-S122 -> 2.46 | X122: =R122 -> 2.5 | Y122: =P122 -> 0.001 | Z122: =Y122/AA122 -> 0.00049751244 | AA122: 2.01 | AB122: =_xlfn.NORM.DIST(U122,X122,Z122,1) -> 1 | AC122: =_xlfn.NORM.DIST(W122,X122,Z122,1) -> 0 | AD122: =AB122-AC122 -> 1 | AE122: =AD122 -> 1 | AF122: =1-AD122 -> 0 | AG122: =AF122 -> 0 | AI122: =(U122-X122)/Y122 -> 40 | AJ122: =_xlfn.NORM.S.DIST(AI122,1) -> 1 | AK122: =(W122-X122)/Y122 -> -40 | AL122: =_xlfn.NORM.S.DIST(AK122,1) -> 0 | AM122: =AJ122-AL122 -> 1 | AN122: =AM122 -> 1 | AO122: =1-AM122 -> 0 | AP122: =AO122 -> 0
N123: 5 | O123: 0.01 | P123: 0.0011 | Q123: 0.04 | R123: =N123+O123 -> 5.01 | S123: =Q123 -> 0.04 | U123: =N123+S123 -> 5.04 | W123: =N123-S123 -> 4.96 | X123: =R123 -> 5.01 | Y123: =P123 -> 0.0011 | Z123: =Y123/AA123 -> 0.00054726368 | AA123: 2.01 | AB123: =_xlfn.NORM.DIST(U123,X123,Z123,1) -> 1 | AC123: =_xlfn.NORM.DIST(W123,X123,Z123,1) -> 0 | AD123: =AB123-AC123 -> 1 | AE123: =AD123 -> 1 | AF123: =1-AD123 -> 0 | AG123: =AF123 -> 0 | AI123: =(U123-X123)/Y123 -> 27.272727 | AJ123: =_xlfn.NORM.S.DIST(AI123,1) -> 1 | AK123: =(W123-X123)/Y123 -> -45.454545 | AL123: =_xlfn.NORM.S.DIST(AK123,1) -> 0 | AM123: =AJ123-AL123 -> 1 | AN123: =AM123 -> 1 | AO123: =1-AM123 -> 0 | AP123: =AO123 -> 0
O126: Pipeta Piston | P126: 5 mL | Q126: TVO439-24A | R126: con w=U
N127: Indicación | O127: Error | P127: U | Q127: EMP | AM127: PC | AO127: PC
N128: mL | O128: mL | P128: mL | Q128: mL | R128: Volumen calculado | S128: EMP | U128: Au | W128: AL | X128: y | Y128: U | Z128: uc | AA128: k | AB128: Pcu | AC128: PcL | AD128: PC | AF128: PC | AI128: Ztu | AJ128: =CONCATENATE("ɸ(",ROUND(AI129,2)," ) ") -> ɸ(59 ) | AK128: ZTL | AL128: =CONCATENATE("ɸ(",ROUND(AK129,2)," ) ") -> ɸ(-19 ) | AM128: =CONCATENATE("ɸ(",ROUND(AI129,2)," ) - ","ɸ(",ROUND(AK129,2)," ) ") -> ɸ(59 ) - ɸ(-19 )
N129: 0.5 | O129: -0.02 | P129: 0.001 | Q129: 0.04 | R129: =N129+O129 -> 0.48 | S129: =Q129 -> 0.04 | U129: =N129+S129-P129 -> 0.539 | W129: =N129-S129+P129 -> 0.461 | X129: =R129 -> 0.48 | Y129: =P129 -> 0.001 | Z129: =Y129/AA129 -> 0.00049751244 | AA129: 2.01 | AB129: =_xlfn.NORM.DIST(U129,X129,Z129,1) -> 1 | AC129: =_xlfn.NORM.DIST(W129,X129,Z129,1) -> 0 | AD129: =AB129-AC129 -> 1 | AE129: =AD129 -> 1 | AF129: =1-AD129 -> 0 | AG129: =AF129 -> 0 | AI129: =(U129-X129)/Y129 -> 59 | AJ129: =_xlfn.NORM.S.DIST(AI129,1) -> 1 | AK129: =(W129-X129)/Y129 -> -19 | AL129: =_xlfn.NORM.S.DIST(AK129,1) -> 8.527224e-81 | AM129: =AJ129-AL129 -> 1 | AN129: =AM129 -> 1 | AO129: =1-AM129 -> 0 | AP129: =AO129 -> 0
N130: 2.5 | O130: 0 | P130: 0.001 | Q130: 0.04 | R130: =N130+O130 -> 2.5 | S130: =Q130 -> 0.04 | U130: =N130+S130-P130 -> 2.539 | W130: =N130-S130+P130 -> 2.461 | X130: =R130 -> 2.5 | Y130: =P130 -> 0.001 | Z130: =Y130/AA130 -> 0.00049751244 | AA130: 2.01 | AB130: =_xlfn.NORM.DIST(U130,X130,Z130,1) -> 1 | AC130: =_xlfn.NORM.DIST(W130,X130,Z130,1) -> 0 | AD130: =AB130-AC130 -> 1 | AE130: =AD130 -> 1 | AF130: =1-AD130 -> 0 | AG130: =AF130 -> 0 | AI130: =(U130-X130)/Y130 -> 39 | AJ130: =_xlfn.NORM.S.DIST(AI130,1) -> 1 | AK130: =(W130-X130)/Y130 -> -39 | AL130: =_xlfn.NORM.S.DIST(AK130,1) -> 0 | AM130: =AJ130-AL130 -> 1 | AN130: =AM130 -> 1 | AO130: =1-AM130 -> 0 | AP130: =AO130 -> 0
N131: 5 | O131: 0.01 | P131: 0.0011 | Q131: 0.04 | R131: =N131+O131 -> 5.01 | S131: =Q131 -> 0.04 | U131: =N131+S131-P131 -> 5.0389 | W131: =N131-S131+P131 -> 4.9611 | X131: =R131 -> 5.01 | Y131: =P131 -> 0.0011 | Z131: =Y131/AA131 -> 0.00054726368 | AA131: 2.01 | AB131: =_xlfn.NORM.DIST(U131,X131,Z131,1) -> 1 | AC131: =_xlfn.NORM.DIST(W131,X131,Z131,1) -> 0 | AD131: =AB131-AC131 -> 1 | AE131: =AD131 -> 1 | AF131: =1-AD131 -> 0 | AG131: =AF131 -> 0 | AI131: =(U131-X131)/Y131 -> 26.272727 | AJ131: =_xlfn.NORM.S.DIST(AI131,1) -> 1 | AK131: =(W131-X131)/Y131 -> -44.454545 | AL131: =_xlfn.NORM.S.DIST(AK131,1) -> 0 | AM131: =AJ131-AL131 -> 1 | AN131: =AM131 -> 1 | AO131: =1-AM131 -> 0 | AP131: =AO131 -> 0
R134: con w=0
N135: Indicación | O135: Error | P135: U | Q135: EMP | AM135: PC | AO135: PC
N136: mL | O136: mL | P136: mL | Q136: mL | R136: Volumen calculado | S136: EMP | U136: Tu | W136: TL | X136: y | Y136: U | Z136: uc | AA136: k | AB136: Pcu | AC136: PcL | AD136: PC | AF136: PC | AI136: Ztu | AJ136: =CONCATENATE("ɸ(",ROUND(AI137,2)," ) ") -> ɸ(3,78 ) | AK136: ZTL | AL136: =CONCATENATE("ɸ(",ROUND(AK137,2)," ) ") -> ɸ(-2,47 ) | AM136: =CONCATENATE("ɸ(",ROUND(AI137,2)," ) - ","ɸ(",ROUND(AK137,2)," ) ") -> ɸ(3,78 ) - ɸ(-2,47 )
J137: MATRAZ 100 ml | K137: TVO318-24A | M137: 5 | N137: 100 | O137: -0.021 | P137: 0.032 | Q137: 0.1 | R137: =N137+O137 -> 99.979 | S137: =Q137 -> 0.1 | U137: =N137+S137 -> 100.1 | W137: =N137-S137 -> 99.9 | X137: =R137 -> 99.979 | Y137: =P137 -> 0.032 | Z137: =Y137/AA137 -> 0.016161616 | AA137: 1.98 | AB137: =_xlfn.NORM.DIST(U137,X137,Z137,1) -> 1 | AC137: =_xlfn.NORM.DIST(W137,X137,Z137,1) -> 5.0900444e-07 | AD137: =AB137-AC137 -> 0.99999949 | AE137: =AD137 -> 0.99999949 | AF137: =1-AD137 -> 5.0900448e-07 | AG137: =AF137 -> 5.0900448e-07 | AI137: =(U137-X137)/Y137 -> 3.78125 | AJ137: =_xlfn.NORM.S.DIST(AI137,1) -> 0.99992198 | AK137: =(W137-X137)/Y137 -> -2.46875 | AL137: =_xlfn.NORM.S.DIST(AK137,1) -> 0.0067792953 | AM137: =AJ137-AL137 -> 0.99314268 | AN137: =AM137 -> 0.99314268 | AO137: =1-AM137 -> 0.0068573167 | AP137: =AO137 -> 0.0068573167
J138: MATRAZ 2000 ml | K138: TVO467-24A | M138: 6 | N138: 100 | O138: -0.046 | P138: 0.032 | Q138: 0.1 | R138: =N138+O138 -> 99.954 | S138: =Q138 -> 0.1 | U138: =N138+S138 -> 100.1 | W138: =N138-S138 -> 99.9 | X138: =R138 -> 99.954 | Y138: =P138 -> 0.032 | Z138: =Y138/AA138 -> 0.016161616 | AA138: 1.98 | AB138: =_xlfn.NORM.DIST(U138,X138,Z138,1) -> 1 | AC138: =_xlfn.NORM.DIST(W138,X138,Z138,1) -> 0.00041701044 | AD138: =AB138-AC138 -> 0.99958299 | AE138: =AD138 -> 0.99958299 | AF138: =1-AD138 -> 0.00041701044 | AG138: =AF138 -> 0.00041701044 | AI138: =(U138-X138)/Y138 -> 4.5625 | AJ138: =_xlfn.NORM.S.DIST(AI138,1) -> 0.99999747 | AK138: =(W138-X138)/Y138 -> -1.6875 | AL138: =_xlfn.NORM.S.DIST(AK138,1) -> 0.045753625 | AM138: =AJ138-AL138 -> 0.95424385 | AN138: =AM138 -> 0.95424385 | AO138: =1-AM138 -> 0.045756152 | AP138: =AO138 -> 0.045756152
J139: MATRAZ 100 ml | K139: TVO430-24A | M139: 7 | N139: 2000 | O139: 0.29 | P139: 0.19 | Q139: 0.6 | R139: =N139+O139 -> 2000.29 | S139: =Q139 -> 0.6 | U139: =N139+S139 -> 2000.6 | W139: =N139-S139 -> 1999.4 | X139: =R139 -> 2000.29 | Y139: =P139 -> 0.19 | Z139: =Y139/AA139 -> 0.095959596 | AA139: 1.98 | AB139: =_xlfn.NORM.DIST(U139,X139,Z139,1) -> 0.99938219 | AC139: =_xlfn.NORM.DIST(W139,X139,Z139,1) -> 8.9029019e-21 | AD139: =AB139-AC139 -> 0.99938219 | AE139: =AD139 -> 0.99938219 | AF139: =1-AD139 -> 0.00061781265 | AG139: =AF139 -> 0.00061781265 | AI139: =(U139-X139)/Y139 -> 1.6315789 | AJ139: =_xlfn.NORM.S.DIST(AI139,1) -> 0.94861589 | AK139: =(W139-X139)/Y139 -> -4.6842105 | AL139: =_xlfn.NORM.S.DIST(AK139,1) -> 1.4052052e-06 | AM139: =AJ139-AL139 -> 0.94861449 | AN139: =AM139 -> 0.94861449 | AO139: =1-AM139 -> 0.051385513 | AP139: =AO139 -> 0.051385513
R142: con w=U
N143: Indicación | O143: Error | P143: U | Q143: EMP | AM143: PC | AO143: PC
N144: =N136 -> mL | O144: =O136 -> mL | P144: =P136 -> mL | Q144: =Q136 -> mL | R144: Volumen calculado | S144: EMP | U144: Au | W144: AL | X144: y | Y144: U | Z144: uc | AA144: k | AB144: Pcu | AC144: PcL | AD144: PC | AF144: PC | AI144: Ztu | AJ144: =CONCATENATE("ɸ(",ROUND(AI145,2)," ) ") -> ɸ(2,12 ) | AK144: ZTL | AL144: =CONCATENATE("ɸ(",ROUND(AK145,2)," ) ") -> ɸ(-2,12 ) | AM144: =CONCATENATE("ɸ(",ROUND(AI145,2)," ) - ","ɸ(",ROUND(AK145,2)," ) ") -> ɸ(2,12 ) - ɸ(-2,12 )
J145: =J137 -> MATRAZ 100 ml | K145: =K137 -> TVO318-24A | M145: =M137 -> 5 | N145: =N137 -> 100 | O145: =O137 -> -0.021 | P145: =P137 -> 0.032 | Q145: =Q137 -> 0.1 | R145: =N145+O145 -> 99.979 | S145: =Q145 -> 0.1 | U145: =R145+S145-P145 -> 100.047 | W145: =R145-S145+P145 -> 99.911 | X145: =R145 -> 99.979 | Y145: =P145 -> 0.032 | Z145: =Y145/AA145 -> 0.016161616 | AA145: 1.98 | AB145: =_xlfn.NORM.DIST(U145,X145,Z145,1) -> 0.99998709 | AC145: =_xlfn.NORM.DIST(W145,X145,Z145,1) -> 1.291057e-05 | AD145: =AB145-AC145 -> 0.99997418 | AE145: =AD145 -> 0.99997418 | AF145: =1-AD145 -> 2.582114e-05 | AG145: =AF145 -> 2.582114e-05 | AI145: =(U145-X145)/Y145 -> 2.125 | AJ145: =_xlfn.NORM.S.DIST(AI145,1) -> 0.98320669 | AK145: =(W145-X145)/Y145 -> -2.125 | AL145: =_xlfn.NORM.S.DIST(AK145,1) -> 0.016793306 | AM145: =AJ145-AL145 -> 0.96641339 | AN145: =AM145 -> 0.96641339 | AO145: =1-AM145 -> 0.033586613 | AP145: =AO145 -> 0.033586613
J146: =J138 -> MATRAZ 2000 ml | K146: =K138 -> TVO467-24A | M146: =M138 -> 6 | N146: =N138 -> 100 | O146: =O138 -> -0.046 | P146: =P138 -> 0.032 | Q146: =Q138 -> 0.1 | R146: =N146+O146 -> 99.954 | S146: =Q146 -> 0.1 | U146: =R146+S146-P146 -> 100.022 | W146: =R146-S146+P146 -> 99.886 | X146: =R146 -> 99.954 | Y146: =P146 -> 0.032 | Z146: =Y146/AA146 -> 0.016161616 | AA146: 1.98 | AB146: =_xlfn.NORM.DIST(U146,X146,Z146,1) -> 0.99998709 | AC146: =_xlfn.NORM.DIST(W146,X146,Z146,1) -> 1.291057e-05 | AD146: =AB146-AC146 -> 0.99997418 | AE146: =AD146 -> 0.99997418 | AF146: =1-AD146 -> 2.582114e-05 | AG146: =AF146 -> 2.582114e-05 | AI146: =(U146-X146)/Y146 -> 2.125 | AJ146: =_xlfn.NORM.S.DIST(AI146,1) -> 0.98320669 | AK146: =(W146-X146)/Y146 -> -2.125 | AL146: =_xlfn.NORM.S.DIST(AK146,1) -> 0.016793306 | AM146: =AJ146-AL146 -> 0.96641339 | AN146: =AM146 -> 0.96641339 | AO146: =1-AM146 -> 0.033586613 | AP146: =AO146 -> 0.033586613
J147: =J139 -> MATRAZ 100 ml | K147: =K139 -> TVO430-24A | M147: =M139 -> 7 | N147: =N139 -> 2000 | O147: =O139 -> 0.29 | P147: =P139 -> 0.19 | Q147: =Q139 -> 0.6 | R147: =N147+O147 -> 2000.29 | S147: =Q147 -> 0.6 | U147: =R147+S147-P147 -> 2000.7 | W147: =R147-S147+P147 -> 1999.88 | X147: =R147 -> 2000.29 | Y147: =P147 -> 0.19 | Z147: =Y147/AA147 -> 0.095959596 | AA147: 1.98 | AB147: =_xlfn.NORM.DIST(U147,X147,Z147,1) -> 0.99999034 | AC147: =_xlfn.NORM.DIST(W147,X147,Z147,1) -> 9.6589746e-06 | AD147: =AB147-AC147 -> 0.99998068 | AE147: =AD147 -> 0.99998068 | AF147: =1-AD147 -> 1.9317949e-05 | AG147: =AF147 -> 1.9317949e-05 | AI147: =(U147-X147)/Y147 -> 2.1578947 | AJ147: =_xlfn.NORM.S.DIST(AI147,1) -> 0.98453199 | AK147: =(W147-X147)/Y147 -> -2.1578947 | AL147: =_xlfn.NORM.S.DIST(AK147,1) -> 0.015468008 | AM147: =AJ147-AL147 -> 0.96906398 | AN147: =AM147 -> 0.96906398 | AO147: =1-AM147 -> 0.030936017 | AP147: =AO147 -> 0.030936017

Sheet INCERTIDUMBRE DE LA MEDIDA
A1: PLANTILLA DE INCERTIDUMMBRE LC-FR-08 V4
D2: CD388-25
A4: Revisado Director Técnico, 2025-02-03 - Aprobado Gerente General, 2025-02-05
A6: =CONCATENATE("PRESUPUESTO PARA ",'Certificado de calibración'!A1," ",'Certificado de calibración'!D2," v",'Certificado de calibración'!K2) -> PRESUPUESTO PARA CALIBRACIÓN DE EQUIPOS VOLUMÉTRICOS ACCIONADOS POR PISTON, LC-FR-60 V13 v
A7: EVALUACION DE INCERTIDUMBRE
A8: No. | B8: Magnitud de Entrada Xi Fuente de Incertidumbre | D8: Valor estimado Xi | E8: Fuente de Informacion | F8: Unidades | G8: Incertidumbre Origen | H8: Tipo de Distrubucion | I8: incertidumbre Estandar (Xi) | K8: Coeficiente de Sensibilidad Ci | M8: Contribucion ui (y) ml | N8: contribucion ui (y)^2 | O8: Grados de Libertad V | P8: Ui ⁴ | Q8: 1 | R8: CONSTANTES | U8: 1
A9: 0 | B9: Volumen Calibrado a 20 °C | D9: ='DATOS GENERALES'!F68 -> 100 | R9: a0 | S9: =3.4847858/10 -> 0.34847858
A10: 1 | B10: Masa de agua (g) | D10: ='DATOS CORRECCIONES EQUIPOS EMPL'!BB26 -> 0.10281223 | R10: a1 | S10: =9.1748/1000 -> 0.0091748
A11: 1.1 | C11: Lectura recipiente lleno | D11: =AVERAGE('DATOS CORRECCIONES EQUIPOS EMPL'!C14:C23) -> 25.783285 | R11: a2 | S11: =6.2492/100 -> 0.062492
C12: Resolucion | E12: Balanza | F12: g | G12: ='Chequeo Balanza '!$F$12 -> 1e-05 | H12: Rectangular | I12: =G12/SQRT(12) -> 2.8867513e-06 | K12: Rectangular | L12: =+('DATOS GENERALES'!$Q$80/1000)/(D11-D13) -> 1.0025431 | M12: =I12*L12 -> 2.8940928e-06 | N12: =M12^2 -> 8.375773e-12 | O12: 100 | P12: =N12^2/O12 -> 7.0153574e-25 | Q12: Kell | R12: a3 | S12: =- 5.23/100000 -> -5.23e-05
A13: 1.2 | C13: Lectura recipiente vacio | D13: =AVERAGE('DATOS CORRECCIONES EQUIPOS EMPL'!A14:A23) -> 25.680453 | Q13: TANAKA | R13: Cte | S13: 273.15
C14: Resolucion | E14: Balanza | F14: g | G14: ='Chequeo Balanza '!$F$13 -> 1e-05 | H14: Rectangular | I14: =G14/SQRT(12) -> 2.8867513e-06 | K14: Rectangular | L14: =+L12 -> 1.0025431 | M14: =I14*L14 -> 2.8940928e-06 | N14: =M14^2 -> 8.375773e-12 | O14: 100 | P14: =N14^2/O14 -> 7.0153574e-25 | R14: a2Ta+a3*P | S14: =+S11*D25+S12*D33 -> -0.047610998
R15: Exp(a2Ta+a3*P) | S15: =+EXP(S14) -> 0.95350463
A16: 1.3 | C16: Calibracion recipiente vacio | E16: Certificado | F16: g | G16: =IF('Chequeo Balanza '!$N$5='Chequeo Balanza '!$L$6,VLOOKUP('Chequeo Balanza '!$K$12,'INCERTIDUMBRE DE LA MEDIDA'!$R$31:$T$42,3,TRUE),VLOOKUP('Chequeo Balanza '!$K$12,'INCERTIDUMBRE DE LA MEDIDA'!$R$20:$T$30,3,TRUE)) -> 5.3e-05 | H16: normal, k=2 | I16: =G16/2 -> 2.65e-05 | K16: cm³/g | L16: =+L12 -> 1.0025431 | M16: =I16*L16 -> 2.6567393e-05 | N16: =M16^2 -> 7.0582639e-10 | O16: 50 | P16: =N16^2/O16 -> 9.963818e-21 | R16: 273,15+ta | S16: =273.15+D25 -> 273.15
A17: 1.4 | C17: Calibracion recipiente lleno | E17: Certificado | F17: g | G17: =IF('Chequeo Balanza '!$N$5='Chequeo Balanza '!$L$6,VLOOKUP('Chequeo Balanza '!$K$13,'INCERTIDUMBRE DE LA MEDIDA'!$R$31:$T$42,3,TRUE),VLOOKUP('Chequeo Balanza '!$K$13,'INCERTIDUMBRE DE LA MEDIDA'!$R$20:$T$30,3,TRUE)) -> 9.1e-05 | H17: normal, k=2 | I17: =G17/2 -> 4.55e-05 | K17: cm³/g | L17: =+L12 -> 1.0025431 | M17: =I17*L17 -> 4.5615713e-05 | N17: =M17^2 -> 2.0807933e-09 | O17: 50 | P17: =N17^2/O17 -> 8.6594015e-20
A18: 1.5 | C18: linealidad | E18: fabricante | F18: g | G18: =+'DATOS GENERALES'!$D$37 -> 0.0002 | H18: Rectangular | I18: =G18/SQRT(12) -> 5.7735027e-05 | K18: Rectangular | L18: =+L16 -> 1.0025431 | M18: =I18*L18 -> 5.7881856e-05 | N18: =M18^2 -> 3.3503092e-09 | O18: 50 | P18: =N18^2/O18 -> 2.2449144e-19 | Q18: coeficiente de kell
A19: 1.6 | C19: desviacion estandar | E19: fabricante | F19: g | G19: =+'DATOS GENERALES'!$D$39 -> 0.0001 | H19: Rectangular | I19: =G19/SQRT(12) -> 2.8867513e-05 | K19: Rectangular | L19: =+L16 -> 1.0025431 | M19: =I19*L19 -> 2.8940928e-05 | N19: =M19^2 -> 8.375773e-10 | O19: 50 | P19: =N19^2/O19 -> 1.4030715e-20 | Q19: =+(0.0632693-(2*(0.00852329*'DATOS GENERALES'!$E$80))+(3*(0.00006943248*0.00852329*'DATOS GENERALES'!$E$80^2))-(4*(0.0000003821216*'DATOS GENERALES'!$E$80^3)))/1000 -> -0.00030455159 | R19: Valor nominal | S19: Error | T19: Incertidumbre
A20: 1.7 | C20: deriva | E20: mediciones | F20: g | G20: =+G16 -> 5.3e-05 | H20: Rectangular | I20: =G20/SQRT(12) -> 1.5299782e-05 | K20: Rectangular | L20: =+L19 -> 1.0025431 | M20: =I20*L20 -> 1.5338692e-05 | N20: =M20^2 -> 2.3527546e-10 | O20: 51 | P20: =N20^2/O20 -> 1.0853832e-21 | R20: ='Chequeo Balanza '!U11 -> 0 | S20: ='Chequeo Balanza '!V11 -> 0 | T20: ='Chequeo Balanza '!W11 -> 1.6e-05
A21: 2 | C21: densidad del aire (g/cm³) | D21: ='DATOS GENERALES'!M80 -> 0.0010724139 | R21: ='Chequeo Balanza '!U12 -> 1 | S21: ='Chequeo Balanza '!V12 -> 8e-05 | T21: ='Chequeo Balanza '!W12 -> 2.1e-05
B22: temperatura del aire (g/cm3) | D22: =AVERAGE('DATOS CORRECCIONES EQUIPOS EMPL'!G14:G23) -> 20.983065 | R22: ='Chequeo Balanza '!U13 -> 2 | S22: ='Chequeo Balanza '!V13 -> -1.3e-05 | T22: ='Chequeo Balanza '!W13 -> 2.5e-05
R23: ='Chequeo Balanza '!U14 -> 3 | S23: ='Chequeo Balanza '!V14 -> 7e-06 | T23: ='Chequeo Balanza '!W14 -> 3.8e-05
A24: 2.1 | C24: Ecuacion | D24: =0.00068 -> 0.00068 | E24: CIPM | F24: g/cm³ | G24: =D21*D24 -> 7.2924143e-07 | H24: Rectangular | I24: =D24/SQRT(3) -> 0.00039259818 | L24: =('DATOS GENERALES'!$Q$80/1000)*((1/('INCERTIDUMBRE DE LA MEDIDA'!D37-'INCERTIDUMBRE DE LA MEDIDA'!D21))-((1/('INCERTIDUMBRE DE LA MEDIDA'!D43-'INCERTIDUMBRE DE LA MEDIDA'!D21)))) -> 0.090451 | M24: =I24*L24 -> 3.5510898e-05 | N24: =M24^2 -> 1.2610239e-09 | O24: 100 | P24: =N24^2/O24 -> 1.5901813e-20 | R24: ='Chequeo Balanza '!U15 -> 4 | S24: ='Chequeo Balanza '!V15 -> 1.1e-05 | T24: ='Chequeo Balanza '!W15 -> 4.3e-05
A25: 2.2 | C25: Termometro de aire (°C) | R25: ='Chequeo Balanza '!U16 -> 5 | S25: ='Chequeo Balanza '!V16 -> 0 | T25: ='Chequeo Balanza '!W16 -> 3.1e-05
C26: calibracion | E26: Certificado | F26: °C | G26: ='DATOS CORRECCIONES EQUIPOS EMPL'!AB26 -> 0.27974015 | H26: normal, k=2 | I26: =G26/2 -> 0.13987007 | K26: =+K22 -> 0 | L26: =((((-0.00252*D29*(D22+273.15))-(0.34844*D33+D29*(-0.00252*D22+273.15)))/(D22+273.15)^2)/1000)*('DATOS GENERALES'!$Q$80/1000)*((1/('INCERTIDUMBRE DE LA MEDIDA'!D37-'INCERTIDUMBRE DE LA MEDIDA'!D21))-((1/('INCERTIDUMBRE DE LA MEDIDA'!D43-'INCERTIDUMBRE DE LA MEDIDA'!D21)))) -> -1.6004372e-05 | M26: =I26*L26 -> -2.2385328e-06 | N26: =M26^2 -> 5.0110289e-12 | O26: 50 | P26: =N26^2/O26 -> 5.0220821e-25 | R26: ='Chequeo Balanza '!U17 -> 10 | S26: ='Chequeo Balanza '!V17 -> -8e-06 | T26: ='Chequeo Balanza '!W17 -> 3.7e-05
C27: Gradiente (°C) | E27: Mediciones | F27: °C | G27: =MIN('DATOS CORRECCIONES EQUIPOS EMPL'!G14:G23)-MAX('DATOS CORRECCIONES EQUIPOS EMPL'!G14:G23) -> 0 | H27: Rectangular | I27: =G27/SQRT(12) -> 0 | K27: =+K22 -> 0 | L27: =+L26 -> -1.6004372e-05 | M27: =I27*L27 -> 0 | N27: =M27^2 -> 0 | O27: 100 | P27: =N27^2/O27 -> 0 | R27: ='Chequeo Balanza '!U18 -> 20 | S27: ='Chequeo Balanza '!V18 -> 1.5e-05 | T27: ='Chequeo Balanza '!W18 -> 5.3e-05
C28: Resolucion | E28: Intrumento | F28: °C | G28: =Trazabilidad!AA12 -> 0.1 | H28: Rectangular | I28: =G28/SQRT(12) -> 0.028867513 | K28: =+K22 -> 0 | L28: =+L26 -> -1.6004372e-05 | M28: =I28*L28 -> -4.6200644e-07 | N28: =M28^2 -> 2.1344995e-13 | O28: 100 | P28: =N28^2/O28 -> 4.556088e-28 | R28: ='Chequeo Balanza '!U19 -> 30 | S28: ='Chequeo Balanza '!V19 -> -1.3e-05 | T28: ='Chequeo Balanza '!W19 -> 8.6e-05
A29: 2.3 | B29: Humedad (%) | D29: =AVERAGE('DATOS CORRECCIONES EQUIPOS EMPL'!I14:I23) -> 54.742541 | R29: ='Chequeo Balanza '!U20 -> 40 | S29: ='Chequeo Balanza '!V20 -> -2e-05 | T29: ='Chequeo Balanza '!W20 -> 0.0001
C30: calibracion | E30: Certificado | F30: % | G30: ='DATOS CORRECCIONES EQUIPOS EMPL'!AI26 -> 0.7610712 | H30: normal, k=2 | I30: =G30/2 -> 0.3805356 | K30: cm³/% | L30: =('DATOS GENERALES'!Q80/1000)*(((1/(D37-D21))-(1/(D43-D21))))*(((-0.00252*D22+0.020582)/(D22+273.15))/1000) -> -9.9313705e-09 | M30: =I30*L30 -> -3.77924e-09 | N30: =M30^2 -> 1.4282655e-17 | O30: 50 | P30: =N30^2/O30 -> 4.0798847e-36 | R30: ='Chequeo Balanza '!U21 -> 50 | S30: ='Chequeo Balanza '!V21 -> 3.1e-05 | T30: ='Chequeo Balanza '!W21 -> 9.1e-05
C31: Gradiente (%) | E31: Medicion | F31: % | G31: =MIN('DATOS CORRECCIONES EQUIPOS EMPL'!I14:I23)-MAX('DATOS CORRECCIONES EQUIPOS EMPL'!I14:I23) -> -0.8590278 | H31: Rectangular | I31: =G31/SQRT(12) -> -0.24797997 | K31: cm³/% | L31: =+L30 -> -9.9313705e-09 | M31: =I31*L31 -> 2.4627809e-09 | N31: =M31^2 -> 6.0652899e-18 | O31: 100 | P31: =N31^2/O31 -> 3.6787741e-37 | R31: ='Chequeo Balanza '!U22 -> 0 | S31: ='Chequeo Balanza '!V22 -> 0 | T31: ='Chequeo Balanza '!W22 -> 0
C32: Resolucion | E32: Intrumento | F32: % | G32: =Trazabilidad!AB12 -> 0.1 | H32: Rectangular | I32: =G32/SQRT(12) -> 0.028867513 | K32: cm³/% | L32: =+L30 -> -9.9313705e-09 | M32: =I32*L32 -> -2.8669397e-10 | N32: =M32^2 -> 8.2193433e-20 | O32: 100 | P32: =N32^2/O32 -> 6.7557604e-41 | R32: ='Chequeo Balanza '!U23 -> 51 | S32: ='Chequeo Balanza '!V23 -> 7e-05 | T32: ='Chequeo Balanza '!W23 -> 0.00011
A33: 2.4 | B33: Presion (hPa) | D33: =AVERAGE('DATOS CORRECCIONES EQUIPOS EMPL'!K14:K23) -> 910.34413 | R33: ='Chequeo Balanza '!U24 -> 55 | S33: ='Chequeo Balanza '!V24 -> 6e-05 | T33: ='Chequeo Balanza '!W24 -> 0.00012
C34: calibracion | E34: Certificado | F34: hPa | G34: ='DATOS CORRECCIONES EQUIPOS EMPL'!AP26 -> 0.44000001 | H34: normal, k=2 | I34: =G34/2 -> 0.22 | K34: cm³/hPa | L34: =('DATOS GENERALES'!Q80/1000)*(((1/(D37-D21))-(1/(D43-D21))))*((0.34844/(D22+273.15))/1000) -> 1.0715132e-07 | M34: =I34*L34 -> 2.3573291e-08 | N34: =M34^2 -> 5.5570005e-16 | O34: 50 | P34: =N34^2/O34 -> 6.1760509e-33 | R34: ='Chequeo Balanza '!U25 -> 60 | S34: ='Chequeo Balanza '!V25 -> 6e-05 | T34: ='Chequeo Balanza '!W25 -> 0.00013
C35: gradiente (hPa) | E35: Medicion | F35: hPa | G35: =MIN('DATOS CORRECCIONES EQUIPOS EMPL'!K14:K23)-MAX('DATOS CORRECCIONES EQUIPOS EMPL'!K14:K23) -> 0 | H35: Rectangular | I35: =G35/SQRT(12) -> 0 | K35: cm³/hPa | L35: =+L34 -> 1.0715132e-07 | M35: =I35*L35 -> 0 | N35: =M35^2 -> 0 | O35: 100 | P35: =N35^2/O35 -> 0 | R35: ='Chequeo Balanza '!U26 -> 70 | S35: ='Chequeo Balanza '!V26 -> 0.00023 | T35: ='Chequeo Balanza '!W26 -> 0.00013
C36: Resolucion | E36: Intrumento | F36: hPa | G36: =Trazabilidad!AA13 -> 1 | H36: Rectangular | I36: =G36/SQRT(12) -> 0.28867513 | K36: cm³/hPa | L36: =+L34 -> 1.0715132e-07 | M36: =I36*L36 -> 3.0931922e-08 | N36: =M36^2 -> 9.5678381e-16 | O36: 100 | P36: =N36^2/O36 -> 9.1543525e-33 | R36: ='Chequeo Balanza '!U27 -> 100 | S36: ='Chequeo Balanza '!V27 -> 0.0002 | T36: ='Chequeo Balanza '!W27 -> 0.00014
A37: 3 | B37: Densidad del agua (g/cm³) | D37: ='DATOS GENERALES'!O80 -> 0.99806853 | R37: ='Chequeo Balanza '!U28 -> 105 | S37: ='Chequeo Balanza '!V28 -> 9e-05 | T37: ='Chequeo Balanza '!W28 -> 0.00016
A38: 3.1 | C38: Ecuacion (g/cm³) | E38: TANAKA | F38: g/cm³ | G38: =IF(E38="kell",SQRT((SQRT(G40^2+G41^2+G42^2)*Q19)^2),0.00000083) -> 8.3e-07 | H38: Rectangular | I38: =IF(E38="kell",G38/SQRT(3),G38/2) -> 4.15e-07 | K38: cm³/°C | L38: =IF(E38="Kell",-(('DATOS GENERALES'!$A$80-'DATOS GENERALES'!$C$80)/('DATOS GENERALES'!$O$80^2))*'DATOS GENERALES'!U80,((-'DATOS GENERALES'!Q80/1000)/(D37-D21))) -> -0.1034042 | M38: =I38*L38 -> -4.2912744e-08 | N38: =M38^2 -> 1.8415036e-15 | O38: 100 | P38: =N38^2/O38 -> 3.3911354e-32 | R38: ='Chequeo Balanza '!U29 -> 110 | S38: ='Chequeo Balanza '!V29 -> 0.00019 | T38: ='Chequeo Balanza '!W29 -> 0.00016
C39: Termometro de Agua (°C) | D39: =AVERAGE('DATOS CORRECCIONES EQUIPOS EMPL'!E14:E23) -> 20.658299 | R39: ='Chequeo Balanza '!U30 -> 120 | S39: ='Chequeo Balanza '!V30 -> 0.00026 | T39: ='Chequeo Balanza '!W30 -> 0.00018
C40: calibracion | E40: Certificado | F40: °C | G40: ='DATOS CORRECCIONES EQUIPOS EMPL'!U26 -> 0.054 | H40: normal, k=2 | I40: =G40/2 -> 0.027 | K40: cm³/°C | L40: =((-'DATOS GENERALES'!Q80/1000)/(D37-D21))*(0.99997495/522528.9)*(((D39-3.983035)^2*(D39+301.797)/(D39+69.34881)^2)-((D39-3.983035)^2/(D39+69.34881))-(2*(D39-3.983035)*(D39+301.797)/(D39+69.34881))) -> 2.2064706e-05 | M40: =I40*L40 -> 5.9574706e-07 | N40: =M40^2 -> 3.5491456e-13 | O40: 50 | P40: =N40^2/O40 -> 2.5192869e-27 | R40: ='Chequeo Balanza '!U31 -> 150 | S40: ='Chequeo Balanza '!V31 -> 0.00027 | T40: ='Chequeo Balanza '!W31 -> 0.0002 | V40: 1
C41: Gradiente (°C) | E41: Medicion | F41: °C | G41: =MIN('DATOS CORRECCIONES EQUIPOS EMPL'!E14:E23)-MAX('DATOS CORRECCIONES EQUIPOS EMPL'!E14:E23) -> -0.07002362 | H41: Rectangular | I41: =G41/SQRT(12) -> -0.020214078 | K41: cm³/°C | L41: =+L40 -> 2.2064706e-05 | M41: =I41*L41 -> -4.4601768e-07 | N41: =M41^2 -> 1.9893177e-13 | O41: 100 | P41: =N41^2/O41 -> 3.9573851e-28 | R41: ='Chequeo Balanza '!U32 -> 200 | S41: ='Chequeo Balanza '!V32 -> 0.00024 | T41: ='Chequeo Balanza '!W32 -> 0.00024
C42: Resolucion | E42: Intrumento | F42: °C | G42: =Trazabilidad!AA10 -> 0.01 | H42: Rectangular | I42: =G42/SQRT(12) -> 0.0028867513 | K42: cm³/°C | L42: =+L41 -> 2.2064706e-05 | M42: =I42*L42 -> 6.369532e-08 | N42: =M42^2 -> 4.0570937e-15 | O42: 100 | P42: =N42^2/O42 -> 1.646001e-31 | R42: ='Chequeo Balanza '!U33 -> 220 | S42: ='Chequeo Balanza '!V33 -> 0.0001 | T42: ='Chequeo Balanza '!W33 -> 0.00028
A43: 4 | B43: Densidad Masas (g/cm³) | D43: ='DATOS GENERALES'!$R$21 -> 7.96 | E43: Fabricante | G43: =140/1000 -> 0.14 | H43: Rectangular % | I43: =G43/2 -> 0.07 | K43: cm³/(g/cm³) | L43: =('DATOS GENERALES'!Q80/1000)*'INCERTIDUMBRE DE LA MEDIDA'!D21/('INCERTIDUMBRE DE LA MEDIDA'!D43*('INCERTIDUMBRE DE LA MEDIDA'!D43-'INCERTIDUMBRE DE LA MEDIDA'!D21)) -> 1.7451247e-06 | M43: =I43*L43 -> 1.2215873e-07 | N43: =M43^2 -> 1.4922754e-14 | O43: 100 | P43: =N43^2/O43 -> 2.226886e-30 | R43: ='Chequeo Balanza '!U34 -> 0 | S43: ='Chequeo Balanza '!V34 -> 0 | T43: ='Chequeo Balanza '!W34 -> 0
A44: 5 | B44: Temperatura dispositivo (°C) | D44: =AVERAGE('DATOS CORRECCIONES EQUIPOS EMPL'!G14:G23) -> 20.983065
C45: calibracion | E45: Certificado | F45: °C | G45: ='DATOS CORRECCIONES EQUIPOS EMPL'!AB26 -> 0.27974015 | H45: normal, k=2 | I45: =G45/2 -> 0.13987007 | K45: cm³/°C | L45: =((-'DATOS GENERALES'!Q80/1000)/(D37-D21))*(0.99997495/522528.9)*(((D39-3.983035)^2*(D39+301.797)/(D39+69.34881)^2)-((D39-3.983035)^2/(D39+69.34881))-(2*(D39-3.983035)*(D39+301.797)/(D39+69.34881))) -> 2.2064706e-05 | M45: =I45*L45 -> 3.086192e-06 | N45: =M45^2 -> 9.5245813e-12 | O45: 50 | P45: =N45^2/O45 -> 1.814353e-24 | R45: ='Chequeo Balanza '!U35 -> 0 | S45: ='Chequeo Balanza '!V35 -> 0 | T45: ='Chequeo Balanza '!W35 -> 0.00082
C46: gradiente entre Ter. Agua y Ter de aire | E46: Medicion | F46: °C | G46: =D44-D39 -> 0.3247669 | H46: Rectangular | I46: =G46/SQRT(12) -> 0.093752129 | K46: cm³/°C | L46: =+L45 -> 2.2064706e-05 | M46: =I46*L46 -> 2.0686132e-06 | N46: =M46^2 -> 4.2791604e-12 | O46: 100 | P46: =N46^2/O46 -> 1.8311214e-25 | R46: ='Chequeo Balanza '!U36 -> 120 | S46: ='Chequeo Balanza '!V36 -> 0.00034 | T46: ='Chequeo Balanza '!W36 -> 0.00092
C47: Resolucion | E47: Intrumento | F47: °C | G47: =Trazabilidad!AB12 -> 0.1 | H47: Rectangular | I47: =G47/SQRT(12) -> 0.028867513 | K47: cm³/°C | L47: =+L45 -> 2.2064706e-05 | M47: =I47*L47 -> 6.369532e-07 | N47: =M47^2 -> 4.0570937e-13 | O47: 100 | P47: =N47^2/O47 -> 1.646001e-27 | R47: ='Chequeo Balanza '!U37 -> 250 | S47: ='Chequeo Balanza '!V37 -> 0.0002 | T47: ='Chequeo Balanza '!W37 -> 0.0011
C48: Deriva termometro | D48: =Trazabilidad!AC10 -> -0.146 | F48: °C | G48: =D48 -> -0.146 | H48: Rectangular | I48: =G48/SQRT(3) -> -0.084293139 | L48: =-((D13-D11)/D43)*(D43-D21)/(D37-D21)*D49 -> 2.475072e-05 | M48: =I48*L48 -> -2.0863159e-06 | N48: =M48^2 -> 4.352714e-12 | O48: 100 | P48: =N48^2/O48 -> 1.8946119e-25 | Q48: =-(('DATOS GENERALES'!$A$80-'DATOS GENERALES'!$C$80)/'DATOS GENERALES'!$R$21)*('DATOS GENERALES'!$R$21-'DATOS GENERALES'!$M$80)/('DATOS GENERALES'!O$80-'DATOS GENERALES'!$M$80)*'DATOS GENERALES'!$F$22 -> 2.4745889e-05 | R48: ='Chequeo Balanza '!U38 -> 350 | S48: ='Chequeo Balanza '!V38 -> -0.0005 | T48: ='Chequeo Balanza '!W38 -> 0.0013
A49: 6 | B49: Coef. Cubico de Expansión (1/°C) | D49: ='DATOS GENERALES'!$F$22 -> 0.00024 | E49: Informacion Fabricante | G49: =D49*0.1 -> 2.4e-05 | H49: Rectangular | I49: =G49/SQRT(12) -> 6.9282032e-06 | K49: cm³/°C | L49: =(-'DATOS GENERALES'!Q80/1000)*(D39-20)/(1-D49*(D39-20)) -> -0.067877078 | M49: =I49*L49 -> -4.7026619e-07 | N49: =M49^2 -> 2.2115029e-13 | O49: 100 | P49: =N49^2/O49 -> 4.8907452e-28 | R49: ='Chequeo Balanza '!U39 -> 500 | S49: ='Chequeo Balanza '!V39 -> 0.0001 | T49: ='Chequeo Balanza '!W39 -> 0.0016
A50: 7 | B50: Evaporizacion y salpicaduras | E50: Mediciones | F50: g/s | G50: =+$Q$65 -> -3.005277e-05 | H50: Rectangular | I50: =G50/SQRT(12) -> -8.6754876e-06 | K50: cm³ | L50: =L12 -> 1.0025431 | M50: =I50*L50 -> -8.6975506e-06 | N50: =M50^2 -> 7.5647387e-11 | O50: 100 | P50: =N50^2/O50 -> 5.7225271e-23 | R50: ='Chequeo Balanza '!U42 -> 800 | S50: ='Chequeo Balanza '!V42 -> 0.0016 | T50: ='Chequeo Balanza '!W42 -> 0.0024
A51: 8 | B51: Incertidumbre estandar tipo A, (Repetibilidad) | F51: cm³ | G51: =STDEV('DATOS GENERALES'!Q70:R79)/1000 -> 0.00028600776 | H51: Tipo A | I51: =G51/SQRT(10) -> 9.0443595e-05 | K51: =+K50 -> cm³ | L51: 1 | M51: =I51*L51 -> 9.0443595e-05 | N51: =M51^2 -> 8.1800438e-09 | O51: 9 | P51: =N51^2/O51 -> 7.4347907e-18 | R51: ='Chequeo Balanza '!U43 -> 1000 | S51: ='Chequeo Balanza '!V43 -> 0.0005 | T51: ='Chequeo Balanza '!W43 -> 0.003
B52: Proceso de calibración y manejo | D52: =IF('DATOS GENERALES'!$N$21='DATOS GENERALES'!$H$165,D9/1000,IF('DATOS GENERALES'!$N$21='DATOS GENERALES'!$H$164,D9,IF('DATOS GENERALES'!$N$21='DATOS GENERALES'!$H$166,D9*1000))) -> 0.1 | F52: cm³ | G52: =IF('DATOS GENERALES'!$F$24="DKD",IF(AND('DATOS GENERALES'!$D$25="Si",'DATOS GENERALES'!$D$24="Fijo"),0.07*D52/100,IF('DATOS GENERALES'!$D$25="No",0,0.1*D52/100)),IF(AND('DATOS GENERALES'!$D$25="Si",'DATOS GENERALES'!$D$24="Fijo"),0.07*D52/100,IF('DATOS GENERALES'!$D$25="No",0,0.1*D52/100))*0) -> 0 | H52: Rectangular | I52: =G52/SQRT(12) -> 0 | K52: =+K51 -> cm³ | L52: 1 | M52: =I52*L52 -> 0 | N52: =M52^2 -> 0 | O52: 100 | P52: =N52^2/O52 -> 0 | R52: ='Chequeo Balanza '!U44 -> 1100 | S52: ='Chequeo Balanza '!V44 -> 0.0008 | T52: ='Chequeo Balanza '!W44 -> 0.0033
B53: Incertidumbre por resolución del instrumento | D53: =IF('DATOS GENERALES'!$T$19='DATOS GENERALES'!$H$165,'DATOS GENERALES'!$P$19/1000,IF('DATOS GENERALES'!$T$19='DATOS GENERALES'!$H$164,'DATOS GENERALES'!$P$19,IF('DATOS GENERALES'!$T$19='DATOS GENERALES'!$H$166,'DATOS GENERALES'!$P$19*1000))) -> 0.001 | F53: cm³ | G53: =IF(AND('DATOS GENERALES'!$E$26="Si",'DATOS GENERALES'!$D$24="Variable"),D53,0) -> 0 | H53: Rectangular | I53: =G53/SQRT(12) -> 0 | K53: =+K52 -> cm³ | L53: 1 | M53: =I53*L53 -> 0 | N53: =M53^2 -> 0 | O53: 100 | P53: =N53^2/O53 -> 0 | R53: 1200 | S53: -0.0003 | T53: 0.0036
B54: Incertidumbre por setting | D54: =IF('DATOS GENERALES'!$T$19='DATOS GENERALES'!$H$165,'DATOS GENERALES'!$P$19/1000,IF('DATOS GENERALES'!$T$19='DATOS GENERALES'!$H$164,'DATOS GENERALES'!$P$19,IF('DATOS GENERALES'!$T$19='DATOS GENERALES'!$H$166,'DATOS GENERALES'!$P$19*1000))) -> 0.001 | F54: cm³ | G54: =IF('DATOS GENERALES'!$C$17="",0,IF(AND(ISNUMBER(SEARCH("digital",'DATOS GENERALES'!$C$17)),'DATOS GENERALES'!$D$24="Variable"),0,IF('DATOS GENERALES'!$D$24="Fijo",0,D54))) -> 0.001 | H54: Rectangular | I54: =G54/SQRT(12) -> 0.00028867513 | K54: =+K53 -> cm³ | L54: 1 | M54: =I54*L54 -> 0.00028867513 | N54: =M54^2 -> 8.3333333e-08 | O54: 100 | P54: =N54^2/O54 -> 6.9444444e-17
B55: Reproducibilidad | D55: =IF('DATOS GENERALES'!$T$19='DATOS GENERALES'!$H$165,'DATOS GENERALES'!$Q$80/1000,IF('DATOS GENERALES'!$T$19='DATOS GENERALES'!$H$164,'DATOS GENERALES'!$Q$80,IF('DATOS GENERALES'!$T$19='DATOS GENERALES'!$H$166,'DATOS GENERALES'!$Q$80*1000))) -> 0.10309359 | F55: cm³ | G55: =D55*0.1% -> 0.00010309359 | H55: Tipo A | I55: =G55/SQRT(3) -> 5.9521111e-05 | K55: =+K53 -> cm³ | L55: 1 | M55: =I55*L55 -> 5.9521111e-05 | N55: =M55^2 -> 3.5427626e-09 | O55: 100 | P55: =N55^2/O55 -> 1.2551167e-19
B56: Colchon de aire
B57: Dif. Tem Medio_Pipeta aire | D57: =MAX(D39,D44,D22)-MIN(D39,D44,D22) -> 0.3247669 | F57: °C | G57: =D57 -> 0.3247669 | H57: Rectangular | I57: =G57/SQRT(3) -> 0.18750426 | L57: =('DATOS GENERALES'!$Q$80/1000)*(((1/(D37-D21))-(1/(D43-D21))))*(((-0.00252*D58*(D57+273.15))-(0.34844*D59+D58*(-0.00252*D57+273.15)))/((D57+273.15)^2)/1000) -> -1.851364e-05 | M57: =I57*L57 -> -3.4713864e-06 | N57: =M57^2 -> 1.2050524e-11 | O57: 100 | P57: =N57^2/O57 -> 1.4521512e-24
B58: Humedad del aire | D58: =D29 -> 54.742541 | F58: % | G58: =G31 -> -0.8590278 | H58: Rectangular | I58: =G58/SQRT(3) -> -0.49595993 | L58: =('DATOS GENERALES'!Q80/1000)*(((1/(D37-D21))-(1/(D43-D21))))*(((-0.00252*D57+0.020582)/(D57+273.15))/1000) -> 6.5367503e-09 | M58: =I58*L58 -> -3.2419662e-09 | N58: =M58^2 -> 1.0510345e-17 | O58: 100 | P58: =N58^2/O58 -> 1.1046735e-36
B59: Presion del Aire | D59: =D33 -> 910.34413 | F59: hPa | G59: 20 | H59: Tiangular | I59: =G59/SQRT(6) -> 8.1649658 | L59: =('DATOS GENERALES'!Q80/1000)*(((1/(D37-D21))-((1/(D43-D21))))*(0.34844/(D57+273.15))/1000) -> 1.1524554e-07 | M59: =I59*L59 -> 9.4097588e-07 | N59: =M59^2 -> 8.854356e-13 | O59: 100 | P59: =N59^2/O59 -> 7.839962e-27
B61: Incertidumbre estandar combinada | E61: =M61 -> 0.00032195786 | F61: cm³ | H61: Tipo B | K61: cm³ | M61: =+SQRT(SUM(N9:N59)) -> 0.00032195786 | O61: v EF | P61: =+POWER(M61,4)/SUM(P9:P59) -> 138.89839
B62: Incertidumbre expandida | E62: =P63 -> 0.6498012 | F62: cm³ | H62: Tipo B | K62: cm³ | M62: =+M61*P62 -> 0.00064980122 | P62: =+TINV(0.0455,P61) -> 2.0182803
B63: Incertidumbre expandida | E63: =M63 -> 0.6498012 | F63: % | H63: Tipo B | K63: % | M63: =+P63/D9*100 -> 0.6498012 | O63: U Exp | P63: =IF('DATOS GENERALES'!$N$21="µL",ROUND(M62,10)*1000,IF('DATOS GENERALES'!$N$21="L",ROUND(M62,10)/1000,ROUND(M62,6))) -> 0.6498012 | Q63: =+'DATOS GENERALES'!H68 -> µL
B64: =O61 -> v EF | C64: =P61 -> 138.89839 | D64: K | E64: =P62 -> 2.0182803
C65: =+'DATOS GENERALES'!D41*15 -> -3e-05 | E65: 18 | G65: 20 | I65: 50 | K65: 806 | M65: =((0.34847858*K65-(0.009175*I65*EXP((0.062492*G65)+(-0.0000523*K65))))/(273.15+G65))/1000 -> 0.00095288719 | O65: =VLOOKUP(E65,'Densidad del Agua'!$J$12:$K$82,2,0) -> 0.99859836 | Q65: =+C65*1/(O65-M65)*(1-M65/'DATOS GENERALES'!R21)*(1-'DATOS GENERALES'!F22*('DATOS GENERALES'!M22-'INCERTIDUMBRE DE LA MEDIDA'!E65)) -> -3.005277e-05
A69: No. | B69: Magnitud de Entreda Xi Fuente de Incertidumbre | D69: Valor estimado Xi | E69: Fuente de Informacion | F69: Unidades | G69: Incertidumbre Origen | H69: Tipo de Distrubucion | I69: escertidumbre Estandar (Xi) | K69: Coeficiente de Sensebilidad Ci | M69: Contribucion ui (y) ml | N69: contribucion ui (y)^2 | O69: Grados de Libertad V | P69: Ui ⁴ | Q69: 2 | R69: CONSTANTES | U69: 2
A70: 0 | B70: Volumen Calibrado a 20 °C | D70: ='DATOS GENERALES'!F84 -> 500 | R70: a0 | S70: =3.4847858/10 -> 0.34847858
A71: 1 | B71: Masa de agua (g) | D71: ='DATOS CORRECCIONES EQUIPOS EMPL'!BB44 -> 0.50208365 | R71: a1 | S71: =9.1748/1000 -> 0.0091748
A72: 1.1 | C72: Lectura recipiente lleno | D72: =AVERAGE('DATOS CORRECCIONES EQUIPOS EMPL'!C32:C41) -> 28.043386 | R72: a2 | S72: =6.2492/100 -> 0.062492
C73: Resolucion | E73: Balanza | F73: g | G73: ='Chequeo Balanza '!$F$12 -> 1e-05 | H73: Rectangular | I73: =G73/SQRT(12) -> 2.8867513e-06 | K73: Rectangular | L73: =+('DATOS GENERALES'!$Q$96/1000)/(D72-D74) -> 1.002725 | M73: =I73*L73 -> 2.8946177e-06 | N73: =M73^2 -> 8.3788116e-12 | O73: 100 | P73: =N73^2/O73 -> 7.0204484e-25 | R73: a3 | S73: =- 5.23/100000 -> -5.23e-05
A74: 1.2 | C74: Lectura recipiente vacio | D74: =AVERAGE('DATOS CORRECCIONES EQUIPOS EMPL'!A32:A41) -> 27.541302 | R74: Cte | S74: 273.15
C75: Resolucion | E75: Balanza | F75: g | G75: ='Chequeo Balanza '!$F$13 -> 1e-05 | H75: Rectangular | I75: =G75/SQRT(12) -> 2.8867513e-06 | K75: Rectangular | L75: =+L73 -> 1.002725 | M75: =I75*L75 -> 2.8946177e-06 | N75: =M75^2 -> 8.3788116e-12 | O75: 100 | P75: =N75^2/O75 -> 7.0204484e-25 | R75: a2Ta+a3*P | S75: =+S72*D86+S73*D94 -> -0.047610998
R76: Exp(a2Ta+a3*P) | S76: =+EXP(S75) -> 0.95350463
A77: 1.3 | C77: Calibracion recipiente vacio | E77: Certificado | F77: g | G77: =IF('Chequeo Balanza '!$N$5='Chequeo Balanza '!$L$6,VLOOKUP('Chequeo Balanza '!$K$12,'INCERTIDUMBRE DE LA MEDIDA'!$R$31:$T$42,3,TRUE),VLOOKUP('Chequeo Balanza '!$K$12,'INCERTIDUMBRE DE LA MEDIDA'!$R$20:$T$30,3,TRUE)) -> 5.3e-05 | H77: normal, k=2 | I77: =G77/2 -> 2.65e-05 | K77: cm³/g | L77: =+L73 -> 1.002725 | M77: =I77*L77 -> 2.6572212e-05 | N77: =M77^2 -> 7.0608245e-10 | O77: 50 | P77: =N77^2/O77 -> 9.9710486e-21 | R77: 273,15+ta | S77: =273.15+D86 -> 273.15
A78: 1.4 | C78: Calibracion recipiente lleno | E78: Certificado | F78: g | G78: =IF('Chequeo Balanza '!$N$5='Chequeo Balanza '!$L$6,VLOOKUP('Chequeo Balanza '!$K$13,'INCERTIDUMBRE DE LA MEDIDA'!$R$31:$T$42,3,TRUE),VLOOKUP('Chequeo Balanza '!$K$13,'INCERTIDUMBRE DE LA MEDIDA'!$R$20:$T$30,3,TRUE)) -> 9.1e-05 | H78: normal, k=2 | I78: =G78/2 -> 4.55e-05 | K78: cm³/g | L78: =+L73 -> 1.002725 | M78: =I78*L78 -> 4.5623987e-05 | N78: =M78^2 -> 2.0815482e-09 | O78: 50 | P78: =N78^2/O78 -> 8.6656855e-20
A79: 1.5 | C79: linealidad | E79: fabricante | F79: g | G79: =+'DATOS GENERALES'!$D$37 -> 0.0002 | H79: Rectangular | I79: =G79/SQRT(12) -> 5.7735027e-05 | K79: Rectangular | L79: =+L77 -> 1.002725 | M79: =I79*L79 -> 5.7892354e-05 | N79: =M79^2 -> 3.3515246e-09 | O79: 50 | P79: =N79^2/O79 -> 2.2465435e-19
A80: 1.6 | C80: desviacion estandar | E80: fabricante | F80: g | G80: =+'DATOS GENERALES'!$D$39 -> 0.0001 | H80: Rectangular | I80: =G80/SQRT(12) -> 2.8867513e-05 | K80: Rectangular | L80: =+L77 -> 1.002725 | M80: =I80*L80 -> 2.8946177e-05 | N80: =M80^2 -> 8.3788116e-10 | O80: 50 | P80: =N80^2/O80 -> 1.4040897e-20 | Q80: coeficiente de kell
A81: 1.7 | C81: deriva | E81: mediciones | F81: g | G81: =+G77 -> 5.3e-05 | H81: Rectangular | I81: =G81/SQRT(12) -> 1.5299782e-05 | K81: Rectangular | L81: =+L80 -> 1.002725 | M81: =I81*L81 -> 1.5341474e-05 | N81: =M81^2 -> 2.3536082e-10 | O81: 51 | P81: =N81^2/O81 -> 1.0861709e-21 | Q81: =+(0.0632693-(2*(0.00852329*'DATOS GENERALES'!$E$96))+(3*(0.00006943248*0.00852329*'DATOS GENERALES'!$E$96^2))-(4*(0.0000003821216*'DATOS GENERALES'!$E$96^3)))/1000 -> -0.00030267554
A82: 2 | C82: densidad del aire (g/cm³) | D82: ='DATOS GENERALES'!M96 -> 0.0010727635
B83: temperatura del aire (g/cm3) | D83: =AVERAGE('DATOS CORRECCIONES EQUIPOS EMPL'!G32:G41) -> 20.884773
A85: 2.1 | C85: Ecuacion | D85: =0.00068 -> 0.00068 | E85: CIPM | F85: g/cm³ | G85: =D82*D85 -> 7.2947919e-07 | H85: Rectangular | I85: =D85/SQRT(3) -> 0.00039259818 | L85: =('DATOS GENERALES'!$Q$96/1000)*((1/('INCERTIDUMBRE DE LA MEDIDA'!D98-'INCERTIDUMBRE DE LA MEDIDA'!D82))-((1/('INCERTIDUMBRE DE LA MEDIDA'!D104-'INCERTIDUMBRE DE LA MEDIDA'!D82)))) -> 0.44170195 | M85: =I85*L85 -> 0.00017341138 | N85: =M85^2 -> 3.0071507e-08 | O85: 100 | P85: =N85^2/O85 -> 9.0429556e-18
A86: 2.2 | C86: Termometro de aire (°C)
C87: calibracion | E87: Certificado | F87: °C | G87: ='DATOS CORRECCIONES EQUIPOS EMPL'!AB44 -> 0.27977879 | H87: normal, k=2 | I87: =G87/2 -> 0.13988939 | K87: =+K83 -> 0 | L87: =((((-0.00252*D90*(D83+273.15))-(0.34844*D94+D90*(-0.00252*D83+273.15)))/(D83+273.15)^2)/1000)*('DATOS GENERALES'!$Q$96/1000)*((1/('INCERTIDUMBRE DE LA MEDIDA'!D98-'INCERTIDUMBRE DE LA MEDIDA'!D82))-((1/('INCERTIDUMBRE DE LA MEDIDA'!D104-'INCERTIDUMBRE DE LA MEDIDA'!D82)))) -> -7.8912376e-05 | M87: =I87*L87 -> -1.1039004e-05 | N87: =M87^2 -> 1.2185962e-10 | O87: 50 | P87: =N87^2/O87 -> 2.9699532e-22
C88: Gradiente (°C) | E88: Mediciones | F88: °C | G88: =MIN('DATOS CORRECCIONES EQUIPOS EMPL'!G32:G41)-MAX('DATOS CORRECCIONES EQUIPOS EMPL'!G32:G41) -> 0 | H88: Rectangular | I88: =G88/SQRT(12) -> 0 | K88: =+K83 -> 0 | L88: =+L87 -> -7.8912376e-05 | M88: =I88*L88 -> 0 | N88: =M88^2 -> 0 | O88: 100 | P88: =N88^2/O88 -> 0
C89: Resolucion | E89: Intrumento | F89: °C | G89: =Trazabilidad!AB12 -> 0.1 | H89: Rectangular | I89: =G89/SQRT(12) -> 0.028867513 | K89: =+K83 -> 0 | L89: =+L87 -> -7.8912376e-05 | M89: =I89*L89 -> -2.2780041e-06 | N89: =M89^2 -> 5.1893025e-12 | O89: 100 | P89: =N89^2/O89 -> 2.6928861e-25
A90: 2.3 | B90: Humedad (%) | D90: =AVERAGE('DATOS CORRECCIONES EQUIPOS EMPL'!I32:I41) -> 55.246825
C91: calibracion | E91: Certificado | F91: % | G91: ='DATOS CORRECCIONES EQUIPOS EMPL'!AI44 -> 0.76301871 | H91: normal, k=2 | I91: =G91/2 -> 0.38150936 | K91: cm³/% | L91: =('DATOS GENERALES'!Q96/1000)*(((1/(D98-D82))-(1/(D104-D82))))*(((-0.00252*D83+0.020582)/(D83+273.15))/1000) -> -4.8142265e-08 | M91: =I91*L91 -> -1.8366724e-08 | N91: =M91^2 -> 3.3733656e-16 | O91: 50 | P91: =N91^2/O91 -> 2.2759191e-33
C92: Gradiente (%) | E92: Medicion | F92: % | G92: =MIN('DATOS CORRECCIONES EQUIPOS EMPL'!I32:I41)-MAX('DATOS CORRECCIONES EQUIPOS EMPL'!I32:I41) -> -1.394793 | H92: Rectangular | I92: =G92/SQRT(12) -> -0.40264206 | K92: cm³/% | L92: =+L91 -> -4.8142265e-08 | M92: =I92*L92 -> 1.93841e-08 | N92: =M92^2 -> 3.7574335e-16 | O92: 100 | P92: =N92^2/O92 -> 1.4118306e-33
C93: Resolucion | E93: Intrumento | F93: % | G93: =Trazabilidad!AA12 -> 0.1 | H93: Rectangular | I93: =G93/SQRT(12) -> 0.028867513 | K93: cm³/% | L93: =+L91 -> -4.8142265e-08 | M93: =I93*L93 -> -1.3897475e-09 | N93: =M93^2 -> 1.931398e-18 | O93: 100 | P93: =N93^2/O93 -> 3.7302983e-38
A94: 2.4 | B94: Presion (hPa) | D94: =AVERAGE('DATOS CORRECCIONES EQUIPOS EMPL'!K32:K41) -> 910.34413
C95: calibracion | E95: Certificado | F95: hPa | G95: ='DATOS CORRECCIONES EQUIPOS EMPL'!AP44 -> 0.44000001 | H95: normal, k=2 | I95: =G95/2 -> 0.22 | K95: cm³/hPa | L95: =('DATOS GENERALES'!Q96/1000)*(((1/(D98-D82))-(1/(D104-D82))))*((0.34844/(D83+273.15))/1000) -> 5.2343002e-07 | M95: =I95*L95 -> 1.1515461e-07 | N95: =M95^2 -> 1.3260583e-14 | O95: 50 | P95: =N95^2/O95 -> 3.5168613e-30
C96: gradiente (hPa) | E96: Medicion | F96: hPa | G96: =MIN('DATOS CORRECCIONES EQUIPOS EMPL'!K32:K41)-MAX('DATOS CORRECCIONES EQUIPOS EMPL'!K32:K41) -> 0 | H96: Rectangular | I96: =G96/SQRT(12) -> 0 | K96: cm³/hPa | L96: =+L95 -> 5.2343002e-07 | M96: =I96*L96 -> 0 | N96: =M96^2 -> 0 | O96: 100 | P96: =N96^2/O96 -> 0
C97: Resolucion | E97: Intrumento | F97: hPa | G97: =Trazabilidad!AA13 -> 1 | H97: Rectangular | I97: =G97/SQRT(12) -> 0.28867513 | K97: cm³/hPa | L97: =+L95 -> 5.2343002e-07 | M97: =I97*L97 -> 1.5110123e-07 | N97: =M97^2 -> 2.2831582e-14 | O97: 100 | P97: =N97^2/O97 -> 5.2128114e-30
A98: 3 | B98: temperatura densidad del agua (g/cm³) | D98: ='DATOS GENERALES'!O96 -> 0.99808961
A99: 3.1 | C99: Ecuacion (g/cm³) | E99: =E38 -> TANAKA | F99: g/cm³ | G99: =IF(E99="kell",SQRT((SQRT(G101^2+G102^2+G103^2)*Q81)^2),0.00000083) -> 8.3e-07 | H99: Rectangular | I99: =IF(E99="kell",G99/SQRT(3),G99/2) -> 4.15e-07 | K99: cm³/°C | L99: =IF(E99="Kell",-(('DATOS GENERALES'!$A$96-'DATOS GENERALES'!$C$96)/('DATOS GENERALES'!$O$96^2))*'DATOS GENERALES'!U96,((-'DATOS GENERALES'!Q96/1000)/(D98-D82))) -> -0.50495819 | M99: =I99*L99 -> -2.0955765e-07 | N99: =M99^2 -> 4.3914408e-14 | O99: 100 | P99: =N99^2/O99 -> 1.9284752e-29
C100: Termometro de Agua (°C) | D100: =AVERAGE('DATOS CORRECCIONES EQUIPOS EMPL'!E32:E41) -> 20.559263
C101: calibracion | E101: Certificado | F101: °C | G101: ='DATOS CORRECCIONES EQUIPOS EMPL'!U44 -> 0.054 | H101: normal, k=2 | I101: =G101/2 -> 0.027 | K101: cm³/°C | L101: =((-'DATOS GENERALES'!Q96/1000)/(D98-D82))*(0.99997495/522528.9)*(((D100-3.983035)^2*(D100+301.797)/(D100+69.34881)^2)-((D100-3.983035)^2/(D100+69.34881))-(2*(D100-3.983035)*(D100+301.797)/(D100+69.34881))) -> 0.00010722946 | M101: =I101*L101 -> 2.8951954e-06 | N101: =M101^2 -> 8.3821562e-12 | O101: 50 | P101: =N101^2/O101 -> 1.4052108e-24
C102: Gradiente (°C) | E102: Medicion | F102: °C | G102: =MIN('DATOS CORRECCIONES EQUIPOS EMPL'!E32:E41)-MAX('DATOS CORRECCIONES EQUIPOS EMPL'!E32:E41) -> -0.080030523 | H102: Rectangular | I102: =G102/SQRT(12) -> -0.023102822 | K102: cm³/°C | L102: =+L101 -> 0.00010722946 | M102: =I102*L102 -> -2.4773031e-06 | N102: =M102^2 -> 6.1370305e-12 | O102: 100 | P102: =N102^2/O102 -> 3.7663144e-25
C103: Resolucion | E103: Intrumento | F103: °C | G103: =Trazabilidad!AA10 -> 0.01 | H103: Rectangular | I103: =G103/SQRT(12) -> 0.0028867513 | K103: cm³/°C | L103: =+L102 -> 0.00010722946 | M103: =I103*L103 -> 3.0954478e-07 | N103: =M103^2 -> 9.5817972e-14 | O103: 100 | P103: =N103^2/O103 -> 9.1810837e-29
A104: 4 | B104: Densidad Masas (g/cm³) | D104: ='DATOS GENERALES'!$R$21 -> 7.96 | E104: Fabricante | G104: =140/100 -> 1.4 | H104: Rectangular % | I104: =G104/SQRT(12) -> 0.40414519 | K104: cm³/(g/cm³) | L104: =('DATOS GENERALES'!Q96/1000)*'INCERTIDUMBRE DE LA MEDIDA'!D82/('INCERTIDUMBRE DE LA MEDIDA'!D104*('INCERTIDUMBRE DE LA MEDIDA'!D104-'INCERTIDUMBRE DE LA MEDIDA'!D82)) -> 8.5249985e-06 | M104: =I104*L104 -> 3.4453371e-06 | N104: =M104^2 -> 1.1870348e-11 | O104: 100 | P104: =N104^2/O104 -> 1.4090516e-24
A105: 5 | B105: Temperatura dispositivo (°C) | D105: =AVERAGE('DATOS CORRECCIONES EQUIPOS EMPL'!G32:G41) -> 20.884773
C106: calibracion | E106: Certificado | F106: °C | G106: ='DATOS CORRECCIONES EQUIPOS EMPL'!AB44 -> 0.27977879 | H106: normal, k=2 | I106: =G106/2 -> 0.13988939 | K106: cm³/°C | L106: =((-'DATOS GENERALES'!Q96/1000)/(D98-D82))*(0.99997495/522528.9)*(((D100-3.983035)^2*(D100+301.797)/(D100+69.34881)^2)-((D100-3.983035)^2/(D100+69.34881))-(2*(D100-3.983035)*(D100+301.797)/(D100+69.34881))) -> 0.00010722946 | M106: =I106*L106 -> 1.5000264e-05 | N106: =M106^2 -> 2.2500791e-10 | O106: 50 | P106: =N106^2/O106 -> 1.0125712e-21
C107: gradiente entre Ter. Agua y Ter de aire | E107: Medicion | F107: °C | G107: =D105-D100 -> 0.32551017 | H107: Rectangular | I107: =G107/SQRT(12) -> 0.093966692 | K107: cm³/°C | L107: =+L106 -> 0.00010722946 | M107: =I107*L107 -> 1.0075997e-05 | N107: =M107^2 -> 1.0152572e-10 | O107: 100 | P107: =N107^2/O107 -> 1.0307473e-22
...

Sheet DATOS CORRECCIONES EQUIPOS EMPL
A1: DATOS DE ENTRADA EQUIPOS EMPLEADOS PARA LA CALIBRACION
A2: PATRON UTILIZADO | C2: IDENTIFICACIÓN | D2: F CALIBRACIÓN | E2: RESOLUCIÓN | F2: UNIDADES | G2: CORECCION SEGÚN CERTIFICADO | I2: UNIDADADES | J2: INCERTIDUMBRE EXPANDIDA SEGÚN CERTIFICADO | L2: UNIDADES | M2: OBSERVACIONES | P2: IDENTIFICACIÓN | Q2: FECHA DE LA PROXIMA CALIBRACIÓN | R2: RESOLUCIÓN BAJO | S2: RESOLUCIÓN ALTA | T2: UNIDADES | U2: CORECCION SEGÚN CERTIFICADO | V2: INCERTIDUMBRE EXPANDIDA SEGÚN CERTIFICADO BAJA | W2: INCERTIDUMBRE EXPANDIDA SEGÚN CERTIFICADO ALTA | Y2: código | Z2: descripción | AA2: calibrado por | AB2: certificado No | AC2: fecha de calibración
A3: BALANZA PARA MEDICION CARGA MÍNIMA | C3: ='DATOS GENERALES'!F37 -> TEC-LAB-BA-07 | D3: ='Certificado de calibración'!V55 -> 46197 | E3: 1e-05 | F3: g | G3: 2e-05 | I3: g | J3: 3.4e-05 | L3: g | P3: TEC-LAB-BA-07 | Q3: 45142 | R3: 1e-05 | S3: 0.0001 | T3: g | U3: 2e-05 | V3: 3.4e-05 | W3: 0.002 | Y3: =[1]Trazabilidad!T5 -> TEC-LAB-BA-07 | Z3: =[1]Trazabilidad!U5 -> Balanza semimicro | AA3: =[1]Trazabilidad!Z5 -> Tecservice S.A.S | AB3: =[1]Trazabilidad!W5 -> TM704-23A | AC3: =[1]Trazabilidad!X5 -> 45184
A4: BALANZA PARA MEDICION CARGA MÁXIMA | C4: =C3 -> TEC-LAB-BA-07 | D4: =D3 -> 46197 | E4: 1e-05 | F4: g | G4: 0.0001 | I4: g | J4: 0.002 | L4: g | P4: TEC-LAB-BA-04 | Q4: 44936 | R4: 0.001 | S4: 0.001 | T4: g | U4: 0.002 | V4: 0.00098 | W4: 0.0048 | Y4: =[1]Trazabilidad!T6 -> TEC-LAB-BA-04 | Z4: =[1]Trazabilidad!U6 -> Balanza | AA4: =[1]Trazabilidad!Z6 -> Detecto | AB4: =[1]Trazabilidad!W6 -> 56948-C | AC4: =[1]Trazabilidad!X6 -> 45202
A5: TERMÓMETRO PARA MEDICION EN EL AGUA | C5: ='DATOS GENERALES'!F40 -> TEC-LAB-TEM-33 | D5: ='Certificado de calibración'!V58 -> 46060 | E5: 0.01 | F5: ⁰C | G5: -0.164 | I5: ⁰C | J5: 0.036 | L5: ⁰C | P5: TEC-LAB-BA-05 | Q5: 44937 | R5: 0.01 | S5: 0.01 | T5: g | U5: 0.02 | V5: 0.0082 | W5: 0.033 | Y5: =[1]Trazabilidad!T7 -> TEC-LAB-BA-05 | Z5: =[1]Trazabilidad!U7 -> Balanza | AA5: =[1]Trazabilidad!Z7 -> Tecservice S.A.S | AB5: =[1]Trazabilidad!W7 -> TM708-23A | AC5: =[1]Trazabilidad!X7 -> 45184
A6: HIGROMETRO PAR MEDICION DE HUMEDAD RELATIVA | C6: ='DATOS GENERALES'!F38 -> TEC-LAB-PTHRI-03 | D6: ='Certificado de calibración'!V56 -> 46074 | E6: 1 | F6: %Hr | G6: -5.3 | I6: %Hr | J6: 1 | L6: %Hr | P6: TEC-LAB-BA-08 | Q6: 44938 | R6: 0.1 | S6: 0.1 | T6: g | U6: 0.1 | V6: 0.098 | W6: 0.37 | Y6: =[1]Trazabilidad!T8 -> TEC-LAB-BA-08 | Z6: =[1]Trazabilidad!U8 -> Bascula | AA6: =[1]Trazabilidad!Z8 -> Tecservice S.A.S | AB6: =[1]Trazabilidad!W8 -> TM707-23A | AC6: =[1]Trazabilidad!X8 -> 45184
A7: BARÓMETRO | C7: =C6 -> TEC-LAB-PTHRI-03 | D7: =D6 -> 46074 | E7: 1 | F7: hPa | G7: -1 | I7: hPa | J7: 1.6 | L7: hPa | Y7: =[1]Trazabilidad!T9 -> N.A. | Z7: =[1]Trazabilidad!U9 | AA7: =[1]Trazabilidad!Z9 | AB7: =[1]Trazabilidad!W9 | AC7: =[1]Trazabilidad!X9
A8: TERMOMETRO PARA MEDICION EN EL AIRE | C8: =C7 -> TEC-LAB-PTHRI-03 | D8: =D7 -> 46074 | E8: 0.1 | F8: ⁰C | G8: -0.05 | I8: ⁰C | J8: 0.39 | L8: ⁰C | Y8: =[1]Trazabilidad!T10 -> TEC-LAB-TEM-33 | Z8: =[1]Trazabilidad!U10 -> Termómetro digital | AA8: =[1]Trazabilidad!Z10 -> Control Company | AB8: =[1]Trazabilidad!W10 -> 4244-14900637 | AC8: =[1]Trazabilidad!X10 -> 45350
A9: TERMOMETRO PARA MEDICION DE LA TEMPERATURA DEL EQUIPOS DE ENSAYO | C9: TEC-LAB-TEM-24 | D9: 43649 | E9: =E5 -> 0.01 | F9: ⁰C | G9: =G5 -> -0.164 | I9: ⁰C | J9: =J5 -> 0.036 | L9: ⁰C | Y9: =[1]Trazabilidad!T11 -> TEC-LAB-TEM-11 | Z9: =[1]Trazabilidad!U11 -> Termómetro digital | AA9: =[1]Trazabilidad!Z11 -> Tesla | AB9: =[1]Trazabilidad!W11 -> TLM-T-2258 | AC9: =[1]Trazabilidad!X11 -> 45359
G10: , | Y10: =[1]Trazabilidad!T12 -> TEC-LAB-PTHRI-01 | Z10: =[1]Trazabilidad!U12 -> Termo higrómetro barómetro digital | AA10: =[1]Trazabilidad!Z12 -> Tesla | AB10: =[1]Trazabilidad!W12 -> TLM-TH-1251/TLM-P-3401 | AC10: =[1]Trazabilidad!X12 -> 2023-06-01/2023-06-05
Y11: =[1]Trazabilidad!T13 -> TEC-LAB-TH-01 | Z11: =[1]Trazabilidad!U13 -> Termo higrómetro digital | AA11: =[1]Trazabilidad!Z13 -> Tesla | AB11: =[1]Trazabilidad!W13 -> TLM-TH-1859C | AC11: =[1]Trazabilidad!X13 -> 45337 | BF11: coeficientes
P12: Temperatura del agua [°C] | R12: ='DATOS GENERALES'!F40 -> TEC-LAB-TEM-33 | W12: Temperatura del aire [°C] | Y12: ='DATOS GENERALES'!F39 -> TEC-LAB-TH-01 | AD12: Humedad del aire [%] | AF12: ='DATOS GENERALES'!F39 -> TEC-LAB-TH-01 | AK12: presion Atmosferica hPa | AM12: ='DATOS GENERALES'!F38 -> TEC-LAB-PTHRI-03 | AR12: W0 [ g ] | AT12: ='DATOS GENERALES'!F37 -> TEC-LAB-BA-07 | AY12: W1 [ g ] | BA12: ='DATOS GENERALES'!F37 -> TEC-LAB-BA-07 | BF12: ='DATOS GENERALES'!F37 -> TEC-LAB-BA-07 | BG12: p(x) | BH12: u (x) | BL12: TEC-LAB-BA-07 | BM12: c0 | BN12: u (x)
A13: Lectura de la balanza / recipiente vacío [g] | C13: Lectura de la balanza / recipiente con agua [g] | E13: Temperatura del agua [°C] | G13: Temperatura del aire [°C] | I13: Humedad del aire [%] | K13: presion Atmosferica hPa | P13: L no corregida | Q13: c0 | R13: u (x) | S13: L corregida | T13: Correccion | U13: Incetidumbre | W13: L no corregida | X13: c0 | Y13: u (x) | Z13: L corregida | AA13: Correccion | AB13: Incetidumbre | AD13: L no corregida | AE13: c0 | AF13: u (x) | AG13: L corregida | AH13: Correccion | AI13: Incetidumbre | AK13: L no corregida | AL13: c0 | AM13: u (x) | AN13: L corregida | AO13: Correccion | AP13: Incetidumbre | AR13: L no corregida | AS13: c0 | AT13: u (x) | AU13: L corregida | AV13: Correccion | AW13: Incetidumbre | AY13: L no corregida | AZ13: c0 | BA13: u (x) | BB13: L corregida | BC13: Correccion | BD13: Incetidumbre | BF13: 1 | BG13: =IF(IF($BF$12=$BF$27,BG27,IF($BF$12=$BF$40,BG40,IF($BF$12=$BF$53,BG53,IF($BF$12=$BF$66,BG66,IF($BF$12=$BF$79,BG79,IF($BF$12=$BF$92,BG92))))))="","",IF($BF$12=$BF$27,BG27,IF($BF$12=$BF$40,BG40,IF($BF$12=$BF$53,BG53,IF($BF$12=$BF$66,BG66,IF($BF$12=$BF$79,BG79,IF($BF$12=$BF$92,BG92))))))) -> -2.2805287e-06 | BH13: =IF(IF($BF$12=$BF$27,BH27,IF($BF$12=$BF$40,BH40,IF($BF$12=$BF$53,BH53,IF($BF$12=$BF$66,BH66,IF($BF$12=$BF$79,BH79,IF($BF$12=$BF$92,BH92))))))="","",IF($BF$12=$BF$27,BH27,IF($BF$12=$BF$40,BH40,IF($BF$12=$BF$53,BH53,IF($BF$12=$BF$66,BH66,IF($BF$12=$BF$79,BH79,IF($BF$12=$BF$92,BH92))))))) -> 1.6991541e-05 | BM13: -9.9989481e-302 | BN13: 1.6e-05 | BP13: -9.9936911e-302 | BQ13: 1.6e-05 | BS13: -2.2805287e-06 | BT13: 1.6991541e-05
