Workbook
Name Cargo: #REF!
Name Cargo: #REF!
Name Cargo: #REF!
Name CARRO: #REF!
Name CESAR: #REF!
Name Clase: #REF!
Name Codigo: #REF!
Name Codigo: #REF!
Name Codigo: #REF!
Name División_de_verificación: #REF!
Name Excentricidad: #REF!
Name Max: #REF!
Name Min: #REF!
Name MOTO: #REF!
Name Nombres: #REF!
Name Nombres: #REF!
Name Nombres: #REF!
Name Patrón: #REF!
Name Repetibilidad: #REF!
Name Resolucion: #REF!
Name Resolución: #REF!
Name Temperatura: #REF!
Name U0: #REF!
Name Umax: #REF!
Name Unidades: #REF!
Name Unidades: #REF!
Name Unidades: #REF!

Sheet Alcance
A1: 0 | B1: 8 | C1: DG1 | D1: Masa | E1: En sitio | F1: 0 g < m ≤ 8 g | G1: Intrumento de pesaje de funcionamiento no automático con d ≥ 0,001 mg | H1: 7,6 x 10-6 | I1: 7.6e-06 | J1: =I1 -> 7.6e-06 | K1: =0.001/1000 -> 1e-06 | L1: g
A2: =A1*1000 -> 0 | B2: =B1*1000 -> 8000 | F2: 0 g < m ≤ 8000 mg | I2: =I1 -> 7.6e-06 | J2: =I2 -> 7.6e-06 | K2: 0.001 | L2: mg
A3: 8 | B3: 120 | C3: DG1 | D3: Masa | E3: En sitio | F3: 8 g < m ≤ 120 g | G3: Intrumento de pesaje de funcionamiento no automático con d ≥ 0,01 mg | H3: 1,3 x 10-6 | I3: 1.3e-06 | J3: =I3 -> 1.3e-06 | K3: =0.01/1000 -> 1e-05 | L3: g
A4: =A3*1000 -> 8000 | B4: =B3*1000 -> 120000 | F4: 8000 mg < m ≤ 120000 mg | I4: =I3 -> 1.3e-06 | J4: =I4 -> 1.3e-06 | K4: 0.01 | L4: mg
A5: 120 | B5: 510 | C5: DG1 | D5: Masa | E5: En sitio | F5: 120 g < m ≤ 510 g | G5: Intrumento de pesaje de funcionamiento no automático con d ≥ 0,1 mg | H5: 9,2 x 10-7 | I5: 9.2e-07 | J5: =I5 -> 9.2e-07 | K5: =0.1/1000 -> 0.0001 | L5: mg
A6: =A5*1000 -> 120000 | B6: =B5*1000 -> 510000 | F6: 120000 mg < m ≤ 510000 mg | I6: =I5 -> 9.2e-07 | J6: =I6 -> 9.2e-07 | K6: 0.1 | L6: mg
A7: 510 | B7: 1200 | C7: DG1 | D7: Masa | E7: En sitio | F7: 510 g < m ≤ 1200 g | G7: Intrumento de pesaje de funcionamiento no automático con d ≥ 1 mg | H7: 3,0 x 10-6 | I7: 3e-06 | J7: =I7 -> 3e-06 | K7: =1/1000 -> 0.001 | L7: g
A8: =A7*1000 -> 510000 | B8: =B7*1000 -> 1200000 | F8: 510000 mg < m ≤ 1200000 mg | I8: =I7 -> 3e-06 | J8: =I8 -> 3e-06 | K8: 1 | L8: mg
A9: 1200 | B9: 8100 | C9: DG1 | D9: Masa | E9: En sitio | F9: 1200 g < m ≤ 81000 g | G9: Intrumento de pesaje de funcionamiento no automático con d ≥ 0,01 g | H9: 3,1 x 10-6 | I9: 3.1e-06 | J9: =I9 -> 3.1e-06 | K9: 0.01 | L9: g
A10: 1.2 | B10: 8.1 | F10: 1,2 kg < m ≤ 8,1 kg | I10: =I9 -> 3.1e-06 | J10: =I10 -> 3.1e-06 | K10: =0.01/1000 -> 1e-05 | L10: kg
A11: 8100 | B11: 60000 | C11: DG1 | D11: Masa | E11: En sitio | F11: 8100 g < m ≤ 60000 g | G11: Intrumento de pesaje de funcionamiento no automático con d ≥ 0,1 g | H11: 4,5 x 10-6 | I11: 4.5e-06 | J11: =I11 -> 4.5e-06 | K11: 0.1 | L11: g
A12: 8.1 | B12: 60 | F12: 8,1 kg < m ≤ 60 kg | I12: =I11 -> 4.5e-06 | J12: =I12 -> 4.5e-06 | K12: =0.1/1000 -> 0.0001 | L12: kg
A13: 60 | B13: 100 | C13: DG1 | D13: Masa | E13: En sitio | F13: 60 kg < m ≤ 100 kg | G13: Intrumento de pesaje de funcionamiento no automático con d ≥ 0,01 kg | H13: 8,4 x 10-5 | I13: 8.4e-05 | J13: =I13 -> 8.4e-05 | K13: 0.01 | L13: kg
A14: 60000 | B14: 100000 | F14: 60000 g < m ≤ 100000 g | I14: =I13 -> 8.4e-05 | J14: =I14 -> 8.4e-05 | K14: =0.01*1000 -> 10 | L14: g
A15: 100 | B15: 300 | C15: DG1 | D15: Masa | E15: En sitio | F15: 100 kg < m ≤ 300 kg | G15: Intrumento de pesaje de funcionamiento no automático con d ≥ 0,02 kg | H15: 5,7 x 10-5 | I15: 5.7e-05 | J15: =I15 -> 5.7e-05 | K15: 0.02 | L15: kg
A16: 300 | B16: 1000 | C16: DG1 | D16: Masa | E16: En sitio | F16: 300 kg < m ≤ 1000 kg | G16: Intrumento de pesaje de funcionamiento no automático con d ≥ 0,1 kg | H16: 1,6 x 10-4 | I16: 0.00016 | J16: =I16 -> 0.00016 | K16: 0.1 | L16: kg
A17: 1000 | B17: 1500 | C17: DG1 | D17: Masa | E17: En sitio | F17: 1000 kg < m ≤ 1500 kg | G17: Intrumento de pesaje de funcionamiento no automático con d ≥ 0,2 kg | H17: 2,6 x 10-4 | I17: 0.00026 | J17: =I17 -> 0.00026 | K17: 0.2 | L17: kg

Sheet Calculo P Conformidad
K2: Límite de tolerancia superior único | X2: Otro Info
X3: https://youtu.be/WtRRT4YwAyM?si=vyZ179gciL1UpRil
X4: Minuto | Y4: 2:01:45
M6: = | N6: Pc
K7: Intervalos de tolerancia bilaterales con FDP normales
AF42: PC | AH42: PC
K43: Valor de referencia | L43: EMP | M43: Tu | N43: TL | O43: y | P43: u | Q43: U | R43: k | S43: Pcu | U43: PcL | W43: PC | Y43: PC | AB43: Ztu | AC43: =CONCATENATE("ɸ(",ROUND(AB44,2)," ) ") -> ɸ(1,67 ) | AD43: ZTL | AE43: =CONCATENATE("ɸ(",ROUND(AD44,2)," ) ") -> ɸ(-1,67 ) | AF43: =CONCATENATE("ɸ(",ROUND(AB44,2)," ) - ","ɸ(",ROUND(AD44,2)," ) ") -> ɸ(1,67 ) - ɸ(-1,67 )
K44: 1500 | L44: 0.2 | M44: 1500.2 | N44: 1499.8 | O44: 1500 | P44: 0.12 | Q44: =P44/R44 -> 0.058536585 | R44: 2.05 | S44: =_xlfn.NORM.DIST(M44,O44,P44,1) -> 0.95220965 | U44: =_xlfn.NORM.DIST(N44,O44,P44,1) -> 0.047790352 | W44: =S44-U44 -> 0.9044193 | X44: =W44 -> 0.9044193 | Y44: =1-W44 -> 0.095580705 | Z44: =Y44 -> 0.095580705 | AB44: =(M44-O44)/P44 -> 1.6666667 | AC44: =_xlfn.NORM.S.DIST(AB44,1) -> 0.95220965 | AD44: =(N44-O44)/P44 -> -1.6666667 | AE44: =_xlfn.NORM.S.DIST(AD44,1) -> 0.047790352 | AF44: =AC44-AE44 -> 0.9044193 | AG44: =AF44 -> 0.9044193 | AH44: =1-AF44 -> 0.095580705 | AI44: =AH44 -> 0.095580705
K46: Valor de referencia | L46: EMP | M46: Tu | N46: TL | O46: y | P46: s | S46: Pcu | U46: PcL | W46: PC | Y46: PC
K47: 1500 | L47: 0.2 | M47: 1500.2 | N47: 1499.8 | O47: 1500 | P47: 0.12 | S47: =_xlfn.NORM.DIST(M47,O47,P47,1) -> 0.95220965 | U47: =_xlfn.NORM.DIST(N47,O47,P47,1) -> 0.047790352 | W47: =S47-U47 -> 0.9044193 | X47: =W47 -> 0.9044193 | Y47: =1-W47 -> 0.095580705 | Z47: =Y47 -> 0.095580705
J52: Prueba con datos de calibraciones
O54: TEC-LAB-BA-07
N55: Indicación | O55: Corrección | P55: U | Q55: EMP | AM55: PC | AO55: PC
N56: g | O56: g | P56: g | Q56: g | R56: Valor de referencia | S56: EMP | U56: Tu | W56: TL | X56: y | Y56: U | Z56: uc | AA56: k | AB56: Pcu | AC56: PcL | AD56: PC | AF56: PC | AI56: Ztu | AJ56: =CONCATENATE("ɸ(",ROUND(AI57,2)," ) ") -> ɸ(9,62 ) | AK56: ZTL | AL56: =CONCATENATE("ɸ(",ROUND(AK57,2)," ) ") -> ɸ(-9,62 ) | AM56: =CONCATENATE("ɸ(",ROUND(AI57,2)," ) - ","ɸ(",ROUND(AK57,2)," ) ") -> ɸ(9,62 ) - ɸ(-9,62 )
N57: 50 | O57: 9e-05 | P57: 0.00021 | Q57: 0.001 | R57: =N57+O57 -> 50.00009 | S57: =Q57 -> 0.001 | U57: =R57+S57 -> 50.00109 | W57: =R57-S57 -> 49.99909 | X57: =R57 -> 50.00009 | Y57: =P57 -> 0.00021 | Z57: =Y57/AA57 -> 0.0001039604 | AA57: 2.02 | AB57: =_xlfn.NORM.DIST(U57,X57,Z57,1) -> 1 | AC57: =_xlfn.NORM.DIST(W57,X57,Z57,1) -> 3.3221743e-22 | AD57: =AB57-AC57 -> 1 | AE57: =AD57 -> 1 | AF57: =1-AD57 -> 0 | AG57: =AF57 -> 0 | AI57: =(U57-X57)/Z57 -> 9.6190476 | AJ57: =_xlfn.NORM.S.DIST(AI57,1) -> 1 | AK57: =(W57-X57)/Z57 -> -9.6190476 | AL57: =_xlfn.NORM.S.DIST(AK57,1) -> 3.3221743e-22 | AM57: =AJ57-AL57 -> 1 | AN57: =AM57 -> 1 | AO57: =1-AM57 -> 0 | AP57: =AO57 -> 0
N58: 65 | O58: 0.00013 | P58: 0.00022 | Q58: 0.001 | R58: =N58+O58 -> 65.00013 | S58: =Q58 -> 0.001 | U58: =R58+S58 -> 65.00113 | W58: =R58-S58 -> 64.99913 | X58: =R58 -> 65.00013 | Y58: =P58 -> 0.00022 | Z58: =Y58/AA58 -> 0.00010891089 | AA58: 2.02 | AB58: =_xlfn.NORM.DIST(U58,X58,Z58,1) -> 1 | AC58: =_xlfn.NORM.DIST(W58,X58,Z58,1) -> 2.1193653e-20 | AD58: =AB58-AC58 -> 1 | AE58: =AD58 -> 1 | AF58: =1-AD58 -> 0 | AG58: =AF58 -> 0 | AI58: =(U58-X58)/Z58 -> 9.1818182 | AJ58: =_xlfn.NORM.S.DIST(AI58,1) -> 1 | AK58: =(W58-X58)/Z58 -> -9.1818182 | AL58: =_xlfn.NORM.S.DIST(AK58,1) -> 2.1193653e-20 | AM58: =AJ58-AL58 -> 1 | AN58: =AM58 -> 1 | AO58: =1-AM58 -> 0 | AP58: =AO58 -> 0
N59: 80 | O59: 0.00018 | P59: 0.00023 | Q59: 0.001 | R59: =N59+O59 -> 80.00018 | S59: =Q59 -> 0.001 | U59: =R59+S59 -> 80.00118 | W59: =R59-S59 -> 79.99918 | X59: =R59 -> 80.00018 | Y59: =P59 -> 0.00023 | Z59: =Y59/AA59 -> 0.00011386139 | AA59: 2.02 | AB59: =_xlfn.NORM.DIST(U59,X59,Z59,1) -> 1 | AC59: =_xlfn.NORM.DIST(W59,X59,Z59,1) -> 7.9863045e-19 | AD59: =AB59-AC59 -> 1 | AE59: =AD59 -> 1 | AF59: =1-AD59 -> 0 | AG59: =AF59 -> 0 | AI59: =(U59-X59)/Z59 -> 8.7826087 | AJ59: =_xlfn.NORM.S.DIST(AI59,1) -> 1 | AK59: =(W59-X59)/Z59 -> -8.7826087 | AL59: =_xlfn.NORM.S.DIST(AK59,1) -> 7.9863045e-19 | AM59: =AJ59-AL59 -> 1 | AN59: =AM59 -> 1 | AO59: =1-AM59 -> 0 | AP59: =AO59 -> 0
N60: 95 | O60: 0.00024 | P60: 0.00025 | Q60: 0.001 | R60: =N60+O60 -> 95.00024 | S60: =Q60 -> 0.001 | U60: =R60+S60 -> 95.00124 | W60: =R60-S60 -> 94.99924 | X60: =R60 -> 95.00024 | Y60: =P60 -> 0.00025 | Z60: =Y60/AA60 -> 0.00012376238 | AA60: 2.02 | AB60: =_xlfn.NORM.DIST(U60,X60,Z60,1) -> 1 | AC60: =_xlfn.NORM.DIST(W60,X60,Z60,1) -> 3.2383387e-16 | AD60: =AB60-AC60 -> 1 | AE60: =AD60 -> 1 | AF60: =1-AD60 -> 0 | AG60: =AF60 -> 0 | AI60: =(U60-X60)/Z60 -> 8.08 | AJ60: =_xlfn.NORM.S.DIST(AI60,1) -> 1 | AK60: =(W60-X60)/Z60 -> -8.08 | AL60: =_xlfn.NORM.S.DIST(AK60,1) -> 3.2383387e-16 | AM60: =AJ60-AL60 -> 1 | AN60: =AM60 -> 1 | AO60: =1-AM60 -> 0 | AP60: =AO60 -> 0
N61: 110 | O61: 0.00013 | P61: 0.00023 | Q61: 0.001 | R61: =N61+O61 -> 110.00013 | S61: =Q61 -> 0.001 | U61: =R61+S61 -> 110.00113 | W61: =R61-S61 -> 109.99913 | X61: =R61 -> 110.00013 | Y61: =P61 -> 0.00023 | Z61: =Y61/AA61 -> 0.00011386139 | AA61: 2.02 | AB61: =_xlfn.NORM.DIST(U61,X61,Z61,1) -> 1 | AC61: =_xlfn.NORM.DIST(W61,X61,Z61,1) -> 7.9863045e-19 | AD61: =AB61-AC61 -> 1 | AE61: =AD61 -> 1 | AF61: =1-AD61 -> 0 | AG61: =AF61 -> 0 | AI61: =(U61-X61)/Z61 -> 8.7826087 | AJ61: =_xlfn.NORM.S.DIST(AI61,1) -> 1 | AK61: =(W61-X61)/Z61 -> -8.7826087 | AL61: =_xlfn.NORM.S.DIST(AK61,1) -> 7.9863045e-19 | AM61: =AJ61-AL61 -> 1 | AN61: =AM61 -> 1 | AO61: =1-AM61 -> 0 | AP61: =AO61 -> 0
N62: 130 | O62: 0.0002 | P62: 0.00026 | Q62: 0.001 | R62: =N62+O62 -> 130.0002 | S62: =Q62 -> 0.001 | U62: =R62+S62 -> 130.0012 | W62: =R62-S62 -> 129.9992 | X62: =R62 -> 130.0002 | Y62: =P62 -> 0.00026 | Z62: =Y62/AA62 -> 0.00012871287 | AA62: 2.02 | AB62: =_xlfn.NORM.DIST(U62,X62,Z62,1) -> 1 | AC62: =_xlfn.NORM.DIST(W62,X62,Z62,1) -> 3.9482095e-15 | AD62: =AB62-AC62 -> 1 | AE62: =AD62 -> 1 | AF62: =1-AD62 -> 7.9936058e-15 | AG62: =AF62 -> 7.9936058e-15 | AI62: =(U62-X62)/Z62 -> 7.7692308 | AJ62: =_xlfn.NORM.S.DIST(AI62,1) -> 1 | AK62: =(W62-X62)/Z62 -> -7.7692308 | AL62: =_xlfn.NORM.S.DIST(AK62,1) -> 3.9482095e-15 | AM62: =AJ62-AL62 -> 1 | AN62: =AM62 -> 1 | AO62: =1-AM62 -> 7.9936058e-15 | AP62: =AO62 -> 7.9936058e-15
N63: 149.9999 | O63: 0.00029 | P63: 0.00026 | Q63: 0.001 | R63: =N63+O63 -> 150.00019 | S63: =Q63 -> 0.001 | U63: =R63+S63 -> 150.00119 | W63: =R63-S63 -> 149.99919 | X63: =R63 -> 150.00019 | Y63: =P63 -> 0.00026 | Z63: =Y63/AA63 -> 0.00012871287 | AA63: 2.02 | AB63: =_xlfn.NORM.DIST(U63,X63,Z63,1) -> 1 | AC63: =_xlfn.NORM.DIST(W63,X63,Z63,1) -> 3.9482095e-15 | AD63: =AB63-AC63 -> 1 | AE63: =AD63 -> 1 | AF63: =1-AD63 -> 7.9936058e-15 | AG63: =AF63 -> 7.9936058e-15 | AI63: =(U63-X63)/Z63 -> 7.7692308 | AJ63: =_xlfn.NORM.S.DIST(AI63,1) -> 1 | AK63: =(W63-X63)/Z63 -> -7.7692308 | AL63: =_xlfn.NORM.S.DIST(AK63,1) -> 3.9482095e-15 | AM63: =AJ63-AL63 -> 1 | AN63: =AM63 -> 1 | AO63: =1-AM63 -> 7.9936058e-15 | AP63: =AO63 -> 7.9936058e-15
N64: 164.9999 | O64: 0.00034 | P64: 0.0003 | Q64: 0.001 | R64: =N64+O64 -> 165.00024 | S64: =Q64 -> 0.001 | U64: =R64+S64 -> 165.00124 | W64: =R64-S64 -> 164.99924 | X64: =R64 -> 165.00024 | Y64: =P64 -> 0.0003 | Z64: =Y64/AA64 -> 0.00014851485 | AA64: 2.02 | AB64: =_xlfn.NORM.DIST(U64,X64,Z64,1) -> 1 | AC64: =_xlfn.NORM.DIST(W64,X64,Z64,1) -> 8.2909791e-12 | AD64: =AB64-AC64 -> 1 | AE64: =AD64 -> 1 | AF64: =1-AD64 -> 1.6582069e-11 | AG64: =AF64 -> 1.6582069e-11 | AI64: =(U64-X64)/Z64 -> 6.7333333 | AJ64: =_xlfn.NORM.S.DIST(AI64,1) -> 1 | AK64: =(W64-X64)/Z64 -> -6.7333333 | AL64: =_xlfn.NORM.S.DIST(AK64,1) -> 8.2909791e-12 | AM64: =AJ64-AL64 -> 1 | AN64: =AM64 -> 1 | AO64: =1-AM64 -> 1.6582069e-11 | AP64: =AO64 -> 1.6582069e-11
N65: 179.9999 | O65: 0.00038 | P65: 0.00031 | Q65: 0.001 | R65: =N65+O65 -> 180.00028 | S65: =Q65 -> 0.001 | U65: =R65+S65 -> 180.00128 | W65: =R65-S65 -> 179.99928 | X65: =R65 -> 180.00028 | Y65: =P65 -> 0.00031 | Z65: =Y65/AA65 -> 0.00015346535 | AA65: 2.02 | AB65: =_xlfn.NORM.DIST(U65,X65,Z65,1) -> 1 | AC65: =_xlfn.NORM.DIST(W65,X65,Z65,1) -> 3.6072461e-11 | AD65: =AB65-AC65 -> 1 | AE65: =AD65 -> 1 | AF65: =1-AD65 -> 7.2144957e-11 | AG65: =AF65 -> 7.2144957e-11 | AI65: =(U65-X65)/Z65 -> 6.516129 | AJ65: =_xlfn.NORM.S.DIST(AI65,1) -> 1 | AK65: =(W65-X65)/Z65 -> -6.516129 | AL65: =_xlfn.NORM.S.DIST(AK65,1) -> 3.6072461e-11 | AM65: =AJ65-AL65 -> 1 | AN65: =AM65 -> 1 | AO65: =1-AM65 -> 7.2144957e-11 | AP65: =AO65 -> 7.2144957e-11
N66: 195 | O66: 0.00034 | P66: 0.00034 | Q66: 0.001 | R66: =N66+O66 -> 195.00034 | S66: =Q66 -> 0.001 | U66: =R66+S66 -> 195.00134 | W66: =R66-S66 -> 194.99934 | X66: =R66 -> 195.00034 | Y66: =P66 -> 0.00034 | Z66: =Y66/AA66 -> 0.00016831683 | AA66: 2.02 | AB66: =_xlfn.NORM.DIST(U66,X66,Z66,1) -> 1 | AC66: =_xlfn.NORM.DIST(W66,X66,Z66,1) -> 1.4149189e-09 | AD66: =AB66-AC66 -> 1 | AE66: =AD66 -> 1 | AF66: =1-AD66 -> 2.8298377e-09 | AG66: =AF66 -> 2.8298377e-09 | AI66: =(U66-X66)/Z66 -> 5.9411765 | AJ66: =_xlfn.NORM.S.DIST(AI66,1) -> 1 | AK66: =(W66-X66)/Z66 -> -5.9411765 | AL66: =_xlfn.NORM.S.DIST(AK66,1) -> 1.4149189e-09 | AM66: =AJ66-AL66 -> 1 | AN66: =AM66 -> 1 | AO66: =1-AM66 -> 2.8298377e-09 | AP66: =AO66 -> 2.8298377e-09
N67: 210 | O67: 0.00019 | P67: 0.0003 | Q67: 0.001 | R67: =N67+O67 -> 210.00019 | S67: =Q67 -> 0.001 | U67: =R67+S67 -> 210.00119 | W67: =R67-S67 -> 209.99919 | X67: =R67 -> 210.00019 | Y67: =P67 -> 0.0003 | Z67: =Y67/AA67 -> 0.00014851485 | AA67: 2.02 | AB67: =_xlfn.NORM.DIST(U67,X67,Z67,1) -> 1 | AC67: =_xlfn.NORM.DIST(W67,X67,Z67,1) -> 8.2909791e-12 | AD67: =AB67-AC67 -> 1 | AE67: =AD67 -> 1 | AF67: =1-AD67 -> 1.6582069e-11 | AG67: =AF67 -> 1.6582069e-11 | AI67: =(U67-X67)/Z67 -> 6.7333333 | AJ67: =_xlfn.NORM.S.DIST(AI67,1) -> 1 | AK67: =(W67-X67)/Z67 -> -6.7333333 | AL67: =_xlfn.NORM.S.DIST(AK67,1) -> 8.2909791e-12 | AM67: =AJ67-AL67 -> 1 | AN67: =AM67 -> 1 | AO67: =1-AM67 -> 1.6582069e-11 | AP67: =AO67 -> 1.6582069e-11
C69: Simple
C70: Conservadora | M70: =Formato!Q79 -> 3. Prueba para los errores de las indicaciones | O70: =Formato!D15 -> Equipo de Pesaje | P70: =CONCATENATE(Formato!S20," a ",Formato!Y20," ",Formato!I20) -> 0,01 a 40 g | Q70: =Formato!I7 -> TM028-25A | R70: con w=0
G71: =IF(Formato!AL76="","",Formato!AL76) | N71: Indicación | O71: Error | P71: U | Q71: EMP | R71: Regla Decisión Simple | T71: [EMP] | U71: TU | V71: [-EMP] | W71: TL | AM71: PC | AO71: PC | AV71: PC | AX71: PC
B72: =S72 -> TL | C72: =IF(OR($G$71="",$G$71="N.A."),"",IF(AND(B74=C74,B75=C75,B76=C76),"AL=TL",T72)) | D72: =IF(OR($G$71="",$G$71="N.A."),"",IF(AND(D74=E74,E75=D75,E76=D76),"AL-=TL-",V72)) | E72: =CONCATENATE("-",S72) -> -TL | F72: Pc | G72: Conformidad | H72: Pc | I72: Lim inf | J72: Lim Sup | N72: =Formato!I20 -> g | O72: =N72 -> g | P72: =O72 -> g | Q72: =P72 -> g | R72: Carga | S72: TL | T72: AL | U72: TL | V72: AL- | W72: TL- | X72: y | Y72: U | Z72: uc | AA72: k | AB72: Pcu | AC72: PcL | AD72: PC | AF72: PC | AI72: Ztu | AJ72: =CONCATENATE("ɸ(",ROUND(AI74,2)," ) ") -> ɸ(-0,03 ) | AK72: ZTL | AL72: =CONCATENATE("ɸ(",ROUND(AK74,2)," ) ") -> ɸ(-0,03 ) | AM72: =CONCATENATE("ɸ(",ROUND(AI74,2)," ) - ","ɸ(",ROUND(AK74,2)," ) ") -> ɸ(-0,03 ) - ɸ(-0,03 ) | AR72: Ztu | AS72: =CONCATENATE("ɸ(",ROUND(AR74,2)," ) ") -> ɸ(-0,03 ) | AT72: ZTL | AU72: =CONCATENATE("ɸ(",ROUND(AT74,2)," ) ") -> ɸ(-0,03 ) | AV72: =CONCATENATE("ɸ(",ROUND(AR74,2)," ) - ","ɸ(",ROUND(AT74,2)," ) ") -> ɸ(-0,03 ) - ɸ(-0,03 )
B73: =IF(Formato!$AL$76=$C$70,S90,S73) -> 0 | C73: =IF(OR($G$71="",$G$71="N.A."),"",IF(Formato!$AL$76=$C$70,T90,T73)) | D73: =IF(OR($G$71="",$G$71="N.A."),"",IF(Formato!$AL$76=$C$70,V90,V73)) | E73: =IF(Formato!$AL$76=$C$70,-S90,-S73) -> 0 | F73: =IF(Formato!$AL$76=$C$70,AG90,AG73) -> 1 | G73: ='Certificado de calibración'!S127 -> N.A. | H73: =IF(G73="Cumple",F73,"") | I73: =-Q73+P73 -> 2.3459923e-05 | J73: =Q73-P73 -> -2.3459923e-05 | K73: =O73>I73 -> FALSE | L73: =O73<J73 -> FALSE | N73: =Formato!X82 -> 0 | O73: =Formato!AL82 -> 0 | P73: =Formato!AK82 -> 2.3459923e-05 | Q73: =Formato!$G$21 -> 0 | R73: =N73+O73 -> 0 | S73: =Q73 -> 0 | T73: =S73 -> 0 | U73: =N73+S73 -> 0 | V73: =-S73 -> 0 | W73: =N73-S73 -> 0 | X73: =R73 -> 0 | Y73: =P73 -> 2.3459923e-05 | Z73: =Y73/AA73 -> 3.480779e-06 | AA73: ='Estimación de la Incertidumbre'!H38 -> 6.7398486 | AB73: =_xlfn.NORM.DIST(U73,X73,Z73,1) -> 0.5 | AC73: =_xlfn.NORM.DIST(W73,X73,Z73,1) -> 0.5 | AD73: =AB73-AC73 -> 0 | AE73: =AD73 -> 0 | AF73: =1-AD73 -> 1 | AG73: =AF73 -> 1 | AI73: =(U73-X73)/Z73 -> 0 | AJ73: =_xlfn.NORM.S.DIST(AI73,1) -> 0.5 | AK73: =(W73-X73)/Z73 -> 0 | AL73: =_xlfn.NORM.S.DIST(AK73,1) -> 0.5 | AM73: =AJ73-AL73 -> 0 | AN73: =AM73 -> 0 | AO73: =1-AM73 -> 1 | AP73: =AO73 -> 1 | AR73: =(U73-X73)/Z73 -> 0 | AS73: =NORMSDIST(AR73) -> 0.5 | AT73: =(W73-X73)/Z73 -> 0 | AU73: =NORMSDIST(AT73) -> 0.5 | AV73: =AS73-AU73 -> 0 | AW73: =AV73 -> 0 | AX73: =1-AV73 -> 1 | AY73: =AX73 -> 1
A74: 1 | B74: =IF(Formato!$AL$76=$C$70,S91,S74) -> 0 | C74: =IF(OR($G$71="",$G$71="N.A."),"",IF(Formato!$AL$76=$C$70,T91,T74)) | D74: =IF(OR($G$71="",$G$71="N.A."),"",IF(Formato!$AL$76=$C$70,V91,V74)) | E74: =IF(Formato!$AL$76=$C$70,-S91,-S74) -> 0 | F74: =IF(Formato!$AL$76=$C$70,AG91,AG74) -> 1 | G74: ='Certificado de calibración'!S128 -> N.A. | H74: =IF(G74="Cumple",F74,"") | I74: =-Q74+P74 -> 2.402859e-05 | J74: =Q74-P74 -> -2.402859e-05 | K74: =O74>I74 -> FALSE | L74: =O74<J74 -> FALSE | N74: =Formato!X87 -> 0.01 | O74: =Formato!AL87 -> 2.9894352e-07 | P74: =Formato!AK87 -> 2.402859e-05 | Q74: =Formato!$G$21 -> 0 | R74: =N74+O74 -> 0.010000299 | S74: =Q74 -> 0 | T74: =S74 -> 0 | U74: =N74+S74 -> 0.01 | V74: =-S74 -> 0 | W74: =N74-S74 -> 0.01 | X74: =R74 -> 0.010000299 | Y74: =P74 -> 2.402859e-05 | Z74: =Y74/AA74 -> 9.5351549e-06 | AA74: ='Estimación de la Incertidumbre'!H39 -> 2.52 | AB74: =_xlfn.NORM.DIST(U74,X74,Z74,1) -> 0.48749452 | AC74: =_xlfn.NORM.DIST(W74,X74,Z74,1) -> 0.48749452 | AD74: =AB74-AC74 -> 0 | AE74: =AD74 -> 0 | AF74: =1-AD74 -> 1 | AG74: =AF74 -> 1 | AI74: =(U74-X74)/Z74 -> -0.031351721 | AJ74: =_xlfn.NORM.S.DIST(AI74,1) -> 0.48749452 | AK74: =(W74-X74)/Z74 -> -0.031351721 | AL74: =_xlfn.NORM.S.DIST(AK74,1) -> 0.48749452 | AM74: =AJ74-AL74 -> 0 | AN74: =AM74 -> 0 | AO74: =1-AM74 -> 1 | AP74: =AO74 -> 1 | AR74: =(U74-X74)/Z74 -> -0.031351721 | AS74: =NORMSDIST(AR74) -> 0.48749452 | AT74: =(W74-X74)/Z74 -> -0.031351721 | AU74: =NORMSDIST(AT74) -> 0.48749452 | AV74: =AS74-AU74 -> 0 | AW74: =AV74 -> 0 | AX74: =1-AV74 -> 1 | AY74: =AX74 -> 1
A75: 2 | B75: =IF(Formato!$AL$76=$C$70,S92,S75) -> 0 | C75: =IF(OR($G$71="",$G$71="N.A."),"",IF(Formato!$AL$76=$C$70,T92,T75)) | D75: =IF(OR($G$71="",$G$71="N.A."),"",IF(Formato!$AL$76=$C$70,V92,V75)) | E75: =IF(Formato!$AL$76=$C$70,-S92,-S75) -> 0 | F75: =IF(Formato!$AL$76=$C$70,AG92,AG75) -> 1 | G75: ='Certificado de calibración'!S129 -> N.A. | H75: =IF(G75="Cumple",F75,"") | I75: =-Q75+P75 -> 4.4398152e-05 | J75: =Q75-P75 -> -4.4398152e-05 | K75: =O75>I75 -> FALSE | L75: =O75<J75 -> FALSE | N75: =Formato!X92 -> 4 | O75: =Formato!AL92 -> 5.5773944e-06 | P75: =Formato!AK92 -> 4.4398152e-05 | Q75: =Formato!$G$21 -> 0 | R75: =N75+O75 -> 4.0000056 | S75: =Q75 -> 0 | T75: =S75 -> 0 | U75: =N75+S75 -> 4 | V75: =-S75 -> 0 | W75: =N75-S75 -> 4 | X75: =R75 -> 4.0000056 | Y75: =P75 -> 4.4398152e-05 | Z75: =Y75/AA75 -> 2.1979283e-05 | AA75: ='Estimación de la Incertidumbre'!I39 -> 2.02 | AB75: =_xlfn.NORM.DIST(U75,X75,Z75,1) -> 0.39984169 | AC75: =_xlfn.NORM.DIST(W75,X75,Z75,1) -> 0.39984169 | AD75: =AB75-AC75 -> 0 | AE75: =AD75 -> 0 | AF75: =1-AD75 -> 1 | AG75: =AF75 -> 1 | AI75: =(U75-X75)/Z75 -> -0.25375688 | AJ75: =_xlfn.NORM.S.DIST(AI75,1) -> 0.39984169 | AK75: =(W75-X75)/Z75 -> -0.25375688 | AL75: =_xlfn.NORM.S.DIST(AK75,1) -> 0.39984169 | AM75: =AJ75-AL75 -> 0 | AN75: =AM75 -> 0 | AO75: =1-AM75 -> 1 | AP75: =AO75 -> 1 | AR75: =(U75-X75)/Z75 -> -0.25375688 | AS75: =NORMSDIST(AR75) -> 0.39984169 | AT75: =(W75-X75)/Z75 -> -0.25375688 | AU75: =NORMSDIST(AT75) -> 0.39984169 | AV75: =AS75-AU75 -> 0 | AW75: =AV75 -> 0 | AX75: =1-AV75 -> 1 | AY75: =AX75 -> 1
A76: 3 | B76: =IF(Formato!$AL$76=$C$70,S93,S76) -> 0 | C76: =IF(OR($G$71="",$G$71="N.A."),"",IF(Formato!$AL$76=$C$70,T93,T76)) | D76: =IF(OR($G$71="",$G$71="N.A."),"",IF(Formato!$AL$76=$C$70,V93,V76)) | E76: =IF(Formato!$AL$76=$C$70,-S93,-S76) -> 0 | F76: =IF(Formato!$AL$76=$C$70,AG93,AG76) -> 1 | G76: ='Certificado de calibración'!S130 -> N.A. | H76: =IF(G76="Cumple",F76,"") | I76: =-Q76+P76 -> 6.4456648e-05 | J76: =Q76-P76 -> -6.4456648e-05 | K76: =O76>I76 -> FALSE | L76: =O76<J76 -> FALSE | N76: =Formato!X97 -> 8 | O76: =Formato!AL97 -> 1.2154789e-05 | P76: =Formato!AK97 -> 6.4456648e-05 | Q76: =Formato!$G$21 -> 0 | R76: =N76+O76 -> 8.0000122 | S76: =Q76 -> 0 | T76: =S76 -> 0 | U76: =N76+S76 -> 8 | V76: =-S76 -> 0 | W76: =N76-S76 -> 8 | X76: =R76 -> 8.0000122 | Y76: =P76 -> 6.4456648e-05 | Z76: =Y76/AA76 -> 3.2067984e-05 | AA76: ='Estimación de la Incertidumbre'!J39 -> 2.01 | AB76: =_xlfn.NORM.DIST(U76,X76,Z76,1) -> 0.35233209 | AC76: =_xlfn.NORM.DIST(W76,X76,Z76,1) -> 0.35233209 | AD76: =AB76-AC76 -> 0 | AE76: =AD76 -> 0 | AF76: =1-AD76 -> 1 | AG76: =AF76 -> 1 | AI76: =(U76-X76)/Z76 -> -0.3790319 | AJ76: =_xlfn.NORM.S.DIST(AI76,1) -> 0.35233209 | AK76: =(W76-X76)/Z76 -> -0.3790319 | AL76: =_xlfn.NORM.S.DIST(AK76,1) -> 0.35233209 | AM76: =AJ76-AL76 -> 0 | AN76: =AM76 -> 0 | AO76: =1-AM76 -> 1 | AP76: =AO76 -> 1 | AR76: =(U76-X76)/Z76 -> -0.3790319 | AS76: =NORMSDIST(AR76) -> 0.35233209 | AT76: =(W76-X76)/Z76 -> -0.3790319 | AU76: =NORMSDIST(AT76) -> 0.35233209 | AV76: =AS76-AU76 -> 0 | AW76: =AV76 -> 0 | AX76: =1-AV76 -> 1 | AY76: =AX76 -> 1
A77: 4 | B77: =IF(Formato!$AL$76=$C$70,S94,S77) -> 0 | C77: =IF(OR($G$71="",$G$71="N.A."),"",IF(Formato!$AL$76=$C$70,T94,T77)) | D77: =IF(OR($G$71="",$G$71="N.A."),"",IF(Formato!$AL$76=$C$70,V94,V77)) | E77: =IF(Formato!$AL$76=$C$70,-S94,-S77) -> 0 | F77: =IF(Formato!$AL$76=$C$70,AG94,AG77) -> 1 | G77: ='Certificado de calibración'!S131 -> N.A. | H77: =IF(G77="Cumple",F77,"") | I77: =-Q77+P77 -> 5.5921729e-05 | J77: =Q77-P77 -> -5.5921729e-05 | K77: =O77>I77 -> FALSE | L77: =O77<J77 -> FALSE | N77: =Formato!X102 -> 12 | O77: =Formato!AL102 -> -1.2678196e-06 | P77: =Formato!AK102 -> 5.5921729e-05 | Q77: =Formato!$G$21 -> 0 | R77: =N77+O77 -> 11.999999 | S77: =Q77 -> 0 | T77: =S77 -> 0 | U77: =N77+S77 -> 12 | V77: =-S77 -> 0 | W77: =N77-S77 -> 12 | X77: =R77 -> 11.999999 | Y77: =P77 -> 5.5921729e-05 | Z77: =Y77/AA77 -> 2.7821756e-05 | AA77: ='Estimación de la Incertidumbre'!K39 -> 2.01 | AB77: =_xlfn.NORM.DIST(U77,X77,Z77,1) -> 0.51817325 | AC77: =_xlfn.NORM.DIST(W77,X77,Z77,1) -> 0.51817325 | AD77: =AB77-AC77 -> 0 | AE77: =AD77 -> 0 | AF77: =1-AD77 -> 1 | AG77: =AF77 -> 1 | AI77: =(U77-X77)/Z77 -> 0.045569361 | AJ77: =_xlfn.NORM.S.DIST(AI77,1) -> 0.51817325 | AK77: =(W77-X77)/Z77 -> 0.045569361 | AL77: =_xlfn.NORM.S.DIST(AK77,1) -> 0.51817325 | AM77: =AJ77-AL77 -> 0 | AN77: =AM77 -> 0 | AO77: =1-AM77 -> 1 | AP77: =AO77 -> 1 | AR77: =(U77-X77)/Z77 -> 0.045569361 | AS77: =NORMSDIST(AR77) -> 0.51817325 | AT77: =(W77-X77)/Z77 -> 0.045569361 | AU77: =NORMSDIST(AT77) -> 0.51817325 | AV77: =AS77-AU77 -> 0 | AW77: =AV77 -> 0 | AX77: =1-AV77 -> 1 | AY77: =AX77 -> 1
A78: 5 | B78: =IF(Formato!$AL$76=$C$70,S95,S78) -> 0 | C78: =IF(OR($G$71="",$G$71="N.A."),"",IF(Formato!$AL$76=$C$70,T95,T78)) | D78: =IF(OR($G$71="",$G$71="N.A."),"",IF(Formato!$AL$76=$C$70,V95,V78)) | E78: =IF(Formato!$AL$76=$C$70,-S95,-S78) -> 0 | F78: =IF(Formato!$AL$76=$C$70,AG95,AG78) -> 1 | G78: ='Certificado de calibración'!S132 -> N.A. | H78: =IF(G78="Cumple",F78,"") | I78: =-Q78+P78 -> 6.1885758e-05 | J78: =Q78-P78 -> -6.1885758e-05 | K78: =O78>I78 -> FALSE | L78: =O78<J78 -> FALSE | N78: =Formato!X107 -> 15.00001 | O78: =Formato!AL107 -> 1.0415226e-05 | P78: =Formato!AK107 -> 6.1885758e-05 | Q78: =Formato!$G$21 -> 0 | R78: =N78+O78 -> 15.00002 | S78: =Q78 -> 0 | T78: =S78 -> 0 | U78: =N78+S78 -> 15.00001 | V78: =-S78 -> 0 | W78: =N78-S78 -> 15.00001 | X78: =R78 -> 15.00002 | Y78: =P78 -> 6.1885758e-05 | Z78: =Y78/AA78 -> 3.0788934e-05 | AA78: ='Estimación de la Incertidumbre'!L39 -> 2.01 | AB78: =_xlfn.NORM.DIST(U78,X78,Z78,1) -> 0.36757677 | AC78: =_xlfn.NORM.DIST(W78,X78,Z78,1) -> 0.36757677 | AD78: =AB78-AC78 -> 0 | AE78: =AD78 -> 0 | AF78: =1-AD78 -> 1 | AG78: =AF78 -> 1 | AI78: =(U78-X78)/Z78 -> -0.33827822 | AJ78: =_xlfn.NORM.S.DIST(AI78,1) -> 0.36757677 | AK78: =(W78-X78)/Z78 -> -0.33827822 | AL78: =_xlfn.NORM.S.DIST(AK78,1) -> 0.36757677 | AM78: =AJ78-AL78 -> 0 | AN78: =AM78 -> 0 | AO78: =1-AM78 -> 1 | AP78: =AO78 -> 1 | AR78: =(U78-X78)/Z78 -> -0.33827822 | AS78: =NORMSDIST(AR78) -> 0.36757677 | AT78: =(W78-X78)/Z78 -> -0.33827822 | AU78: =NORMSDIST(AT78) -> 0.36757677 | AV78: =AS78-AU78 -> 0 | AW78: =AV78 -> 0 | AX78: =1-AV78 -> 1 | AY78: =AX78 -> 1
A79: 6 | B79: =IF(Formato!$AL$76=$C$70,S96,S79) -> 0 | C79: =IF(OR($G$71="",$G$71="N.A."),"",IF(Formato!$AL$76=$C$70,T96,T79)) | D79: =IF(OR($G$71="",$G$71="N.A."),"",IF(Formato!$AL$76=$C$70,V96,V79)) | E79: =IF(Formato!$AL$76=$C$70,-S96,-S79) -> 0 | F79: =IF(Formato!$AL$76=$C$70,AG96,AG79) -> 1 | G79: ='Certificado de calibración'!S133 -> N.A. | H79: =IF(G79="Cumple",F79,"") | I79: =-Q79+P79 -> 4.9375364e-05 | J79: =Q79-P79 -> -4.9375364e-05 | K79: =O79>I79 -> FALSE | L79: =O79<J79 -> FALSE | N79: =Formato!X112 -> 20 | O79: =Formato!AL112 -> 3.8869686e-06 | P79: =Formato!AK112 -> 4.9375364e-05 | Q79: =Formato!$G$21 -> 0 | R79: =N79+O79 -> 20.000004 | S79: =Q79 -> 0 | T79: =S79 -> 0 | U79: =N79+S79 -> 20 | V79: =-S79 -> 0 | W79: =N79-S79 -> 20 | X79: =R79 -> 20.000004 | Y79: =P79 -> 4.9375364e-05 | Z79: =Y79/AA79 -> 2.444325e-05 | AA79: ='Estimación de la Incertidumbre'!M39 -> 2.02 | AB79: =_xlfn.NORM.DIST(U79,X79,Z79,1) -> 0.43682651 | AC79: =_xlfn.NORM.DIST(W79,X79,Z79,1) -> 0.43682651 | AD79: =AB79-AC79 -> 0 | AE79: =AD79 -> 0 | AF79: =1-AD79 -> 1 | AG79: =AF79 -> 1 | AI79: =(U79-X79)/Z79 -> -0.15902013 | AJ79: =_xlfn.NORM.S.DIST(AI79,1) -> 0.43682651 | AK79: =(W79-X79)/Z79 -> -0.15902013 | AL79: =_xlfn.NORM.S.DIST(AK79,1) -> 0.43682651 | AM79: =AJ79-AL79 -> 0 | AN79: =AM79 -> 0 | AO79: =1-AM79 -> 1 | AP79: =AO79 -> 1 | AR79: =(U79-X79)/Z79 -> -0.15902013 | AS79: =NORMSDIST(AR79) -> 0.43682651 | AT79: =(W79-X79)/Z79 -> -0.15902013 | AU79: =NORMSDIST(AT79) -> 0.43682651 | AV79: =AS79-AU79 -> 0 | AW79: =AV79 -> 0 | AX79: =1-AV79 -> 1 | AY79: =AX79 -> 1
A80: 7 | B80: =IF(Formato!$AL$76=$C$70,S97,S80) -> 0 | C80: =IF(OR($G$71="",$G$71="N.A."),"",IF(Formato!$AL$76=$C$70,T97,T80)) | D80: =IF(OR($G$71="",$G$71="N.A."),"",IF(Formato!$AL$76=$C$70,V97,V80)) | E80: =IF(Formato!$AL$76=$C$70,-S97,-S80) -> 0 | F80: =IF(Formato!$AL$76=$C$70,AG97,AG80) -> 1 | G80: ='Certificado de calibración'!S134 -> N.A. | H80: =IF(G80="Cumple",F80,"") | I80: =-Q80+P80 -> 7.3328671e-05 | J80: =Q80-P80 -> -7.3328671e-05 | K80: =O80>I80 -> FALSE | L80: =O80<J80 -> FALSE | N80: =Formato!X117 -> 25.00001 | O80: =Formato!AL117 -> 2.5358712e-05 | P80: =Formato!AK117 -> 7.3328671e-05 | Q80: =Formato!$G$21 -> 0 | R80: =N80+O80 -> 25.000035 | S80: =Q80 -> 0 | T80: =S80 -> 0 | U80: =N80+S80 -> 25.00001 | V80: =-S80 -> 0 | W80: =N80-S80 -> 25.00001 | X80: =R80 -> 25.000035 | Y80: =P80 -> 7.3328671e-05 | Z80: =Y80/AA80 -> 3.6481926e-05 | AA80: ='Estimación de la Incertidumbre'!N39 -> 2.01 | AB80: =_xlfn.NORM.DIST(U80,X80,Z80,1) -> 0.24349524 | AC80: =_xlfn.NORM.DIST(W80,X80,Z80,1) -> 0.24349524 | AD80: =AB80-AC80 -> 0 | AE80: =AD80 -> 0 | AF80: =1-AD80 -> 1 | AG80: =AF80 -> 1 | AI80: =(U80-X80)/Z80 -> -0.69510344 | AJ80: =_xlfn.NORM.S.DIST(AI80,1) -> 0.24349524 | AK80: =(W80-X80)/Z80 -> -0.69510344 | AL80: =_xlfn.NORM.S.DIST(AK80,1) -> 0.24349524 | AM80: =AJ80-AL80 -> 0 | AN80: =AM80 -> 0 | AO80: =1-AM80 -> 1 | AP80: =AO80 -> 1 | AR80: =(U80-X80)/Z80 -> -0.69510344 | AS80: =NORMSDIST(AR80) -> 0.24349524 | AT80: =(W80-X80)/Z80 -> -0.69510344 | AU80: =NORMSDIST(AT80) -> 0.24349524 | AV80: =AS80-AU80 -> 0 | AW80: =AV80 -> 0 | AX80: =1-AV80 -> 1 | AY80: =AX80 -> 1
A81: 8 | B81: =IF(Formato!$AL$76=$C$70,S98,S81) -> 0 | C81: =IF(OR($G$71="",$G$71="N.A."),"",IF(Formato!$AL$76=$C$70,T98,T81)) | D81: =IF(OR($G$71="",$G$71="N.A."),"",IF(Formato!$AL$76=$C$70,V98,V81)) | E81: =IF(Formato!$AL$76=$C$70,-S98,-S81) -> 0 | F81: =IF(Formato!$AL$76=$C$70,AG98,AG81) -> 1 | G81: ='Certificado de calibración'!S135 -> N.A. | H81: =IF(G81="Cumple",F81,"") | I81: =-Q81+P81 -> 9.2338128e-05 | J81: =Q81-P81 -> -9.2338128e-05 | K81: =O81>I81 -> FALSE | L81: =O81<J81 -> FALSE | N81: =Formato!X122 -> 27.00001 | O81: =Formato!AL122 -> 3.514741e-05 | P81: =Formato!AK122 -> 9.2338128e-05 | Q81: =Formato!$G$21 -> 0 | R81: =N81+O81 -> 27.000045 | S81: =Q81 -> 0 | T81: =S81 -> 0 | U81: =N81+S81 -> 27.00001 | V81: =-S81 -> 0 | W81: =N81-S81 -> 27.00001 | X81: =R81 -> 27.000045 | Y81: =P81 -> 9.2338128e-05 | Z81: =Y81/AA81 -> 4.5939367e-05 | AA81: ='Estimación de la Incertidumbre'!O39 -> 2.01 | AB81: =_xlfn.NORM.DIST(U81,X81,Z81,1) -> 0.22211118 | AC81: =_xlfn.NORM.DIST(W81,X81,Z81,1) -> 0.22211118 | AD81: =AB81-AC81 -> 0 | AE81: =AD81 -> 0 | AF81: =1-AD81 -> 1 | AG81: =AF81 -> 1 | AI81: =(U81-X81)/Z81 -> -0.7650826 | AJ81: =_xlfn.NORM.S.DIST(AI81,1) -> 0.22211118 | AK81: =(W81-X81)/Z81 -> -0.7650826 | AL81: =_xlfn.NORM.S.DIST(AK81,1) -> 0.22211118 | AM81: =AJ81-AL81 -> 0 | AN81: =AM81 -> 0 | AO81: =1-AM81 -> 1 | AP81: =AO81 -> 1 | AR81: =(U81-X81)/Z81 -> -0.7650826 | AS81: =NORMSDIST(AR81) -> 0.22211118 | AT81: =(W81-X81)/Z81 -> -0.7650826 | AU81: =NORMSDIST(AT81) -> 0.22211118 | AV81: =AS81-AU81 -> 0 | AW81: =AV81 -> 0 | AX81: =1-AV81 -> 1 | AY81: =AX81 -> 1
A82: 9 | B82: =IF(Formato!$AL$76=$C$70,S99,S82) -> 0 | C82: =IF(OR($G$71="",$G$71="N.A."),"",IF(Formato!$AL$76=$C$70,T99,T82)) | D82: =IF(OR($G$71="",$G$71="N.A."),"",IF(Formato!$AL$76=$C$70,V99,V82)) | E82: =IF(Formato!$AL$76=$C$70,-S99,-S82) -> 0 | F82: =IF(Formato!$AL$76=$C$70,AG99,AG82) -> 1 | G82: ='Certificado de calibración'!S136 -> N.A. | H82: =IF(G82="Cumple",F82,"") | I82: =-Q82+P82 -> 8.1052708e-05 | J82: =Q82-P82 -> -8.1052708e-05 | K82: =O82>I82 -> FALSE | L82: =O82<J82 -> FALSE | N82: =Formato!X127 -> 30.00001 | O82: =Formato!AL127 -> 2.8304511e-06 | P82: =Formato!AK127 -> 8.1052708e-05 | Q82: =Formato!$G$21 -> 0 | R82: =N82+O82 -> 30.000013 | S82: =Q82 -> 0 | T82: =S82 -> 0 | U82: =N82+S82 -> 30.00001 | V82: =-S82 -> 0 | W82: =N82-S82 -> 30.00001 | X82: =R82 -> 30.000013 | Y82: =P82 -> 8.1052708e-05 | Z82: =Y82/AA82 -> 4.032473e-05 | AA82: ='Estimación de la Incertidumbre'!P39 -> 2.01 | AB82: =_xlfn.NORM.DIST(U82,X82,Z82,1) -> 0.47202064 | AC82: =_xlfn.NORM.DIST(W82,X82,Z82,1) -> 0.47202064 | AD82: =AB82-AC82 -> 0 | AE82: =AD82 -> 0 | AF82: =1-AD82 -> 1 | AG82: =AF82 -> 1 | AI82: =(U82-X82)/Z82 -> -0.070191445 | AJ82: =_xlfn.NORM.S.DIST(AI82,1) -> 0.47202064 | AK82: =(W82-X82)/Z82 -> -0.070191445 | AL82: =_xlfn.NORM.S.DIST(AK82,1) -> 0.47202064 | AM82: =AJ82-AL82 -> 0 | AN82: =AM82 -> 0 | AO82: =1-AM82 -> 1 | AP82: =AO82 -> 1 | AR82: =(U82-X82)/Z82 -> -0.070191445 | AS82: =NORMSDIST(AR82) -> 0.47202064 | AT82: =(W82-X82)/Z82 -> -0.070191445 | AU82: =NORMSDIST(AT82) -> 0.47202064 | AV82: =AS82-AU82 -> 0 | AW82: =AV82 -> 0 | AX82: =1-AV82 -> 1 | AY82: =AX82 -> 1
A83: 10 | B83: =IF(Formato!$AL$76=$C$70,S100,S83) -> 0 | C83: =IF(OR($G$71="",$G$71="N.A."),"",IF(Formato!$AL$76=$C$70,T100,T83)) | D83: =IF(OR($G$71="",$G$71="N.A."),"",IF(Formato!$AL$76=$C$70,V100,V83)) | E83: =IF(Formato!$AL$76=$C$70,-S100,-S83) -> 0 | F83: =IF(Formato!$AL$76=$C$70,AG100,AG83) -> 1 | G83: ='Certificado de calibración'!S137 -> N.A. | H83: =IF(G83="Cumple",F83,"") | I83: =-Q83+P83 -> 0.00010577384 | J83: =Q83-P83 -> -0.00010577384 | K83: =O83>I83 -> FALSE | L83: =O83<J83 -> FALSE | N83: =Formato!X133 -> 35.00002 | O83: =Formato!AL133 -> 2.4302195e-05 | P83: =Formato!AK133 -> 0.00010577384 | Q83: =Formato!$G$21 -> 0 | R83: =N83+O83 -> 35.000044 | S83: =Q83 -> 0 | T83: =S83 -> 0 | U83: =N83+S83 -> 35.00002 | V83: =-S83 -> 0 | W83: =N83-S83 -> 35.00002 | X83: =R83 -> 35.000044 | Y83: =P83 -> 0.00010577384 | Z83: =Y83/AA83 -> 5.2623803e-05 | AA83: ='Estimación de la Incertidumbre'!Q39 -> 2.01 | AB83: =_xlfn.NORM.DIST(U83,X83,Z83,1) -> 0.32210882 | AC83: =_xlfn.NORM.DIST(W83,X83,Z83,1) -> 0.32210882 | AD83: =AB83-AC83 -> 0 | AE83: =AD83 -> 0 | AF83: =1-AD83 -> 1 | AG83: =AF83 -> 1 | AI83: =(U83-X83)/Z83 -> -0.46180993 | AJ83: =_xlfn.NORM.S.DIST(AI83,1) -> 0.32210882 | AK83: =(W83-X83)/Z83 -> -0.46180993 | AL83: =_xlfn.NORM.S.DIST(AK83,1) -> 0.32210882 | AM83: =AJ83-AL83 -> 0 | AN83: =AM83 -> 0 | AO83: =1-AM83 -> 1 | AP83: =AO83 -> 1 | AR83: =(U83-X83)/Z83 -> -0.46180993 | AS83: =NORMSDIST(AR83) -> 0.32210882 | AT83: =(W83-X83)/Z83 -> -0.46180993 | AU83: =NORMSDIST(AT83) -> 0.32210882 | AV83: =AS83-AU83 -> 0 | AW83: =AV83 -> 0 | AX83: =1-AV83 -> 1 | AY83: =AX83 -> 1
A84: 11 | B84: =IF(Formato!$AL$76=$C$70,S101,S84) -> 0 | C84: =IF(OR($G$71="",$G$71="N.A."),"",IF(Formato!$AL$76=$C$70,T101,T84)) | D84: =IF(OR($G$71="",$G$71="N.A."),"",IF(Formato!$AL$76=$C$70,V101,V84)) | E84: =IF(Formato!$AL$76=$C$70,-S101,-S84) -> 0 | F84: =IF(Formato!$AL$76=$C$70,AG101,AG84) -> 1 | G84: ='Certificado de calibración'!S138 -> N.A. | H84: =IF(G84="Cumple",F84,"") | I84: =-Q84+P84 -> 9.2762967e-05 | J84: =Q84-P84 -> -9.2762967e-05 | K84: =O84>I84 -> FALSE | L84: =O84<J84 -> FALSE | N84: =Formato!X139 -> 40.00002 | O84: =Formato!AL139 -> 2.1773937e-05 | P84: =Formato!AK139 -> 9.2762967e-05 | Q84: =Formato!$G$21 -> 0 | R84: =N84+O84 -> 40.000042 | S84: =Q84 -> 0 | T84: =S84 -> 0 | U84: =N84+S84 -> 40.00002 | V84: =-S84 -> 0 | W84: =N84-S84 -> 40.00002 | X84: =R84 -> 40.000042 | Y84: =P84 -> 9.2762967e-05 | Z84: =Y84/AA84 -> 4.615073e-05 | AA84: ='Estimación de la Incertidumbre'!R39 -> 2.01 | AB84: =_xlfn.NORM.DIST(U84,X84,Z84,1) -> 0.3185346 | AC84: =_xlfn.NORM.DIST(W84,X84,Z84,1) -> 0.3185346 | AD84: =AB84-AC84 -> 0 | AE84: =AD84 -> 0 | AF84: =1-AD84 -> 1 | AG84: =AF84 -> 1 | AI84: =(U84-X84)/Z84 -> -0.47180048 | AJ84: =_xlfn.NORM.S.DIST(AI84,1) -> 0.3185346 | AK84: =(W84-X84)/Z84 -> -0.47180048 | AL84: =_xlfn.NORM.S.DIST(AK84,1) -> 0.3185346 | AM84: =AJ84-AL84 -> 0 | AN84: =AM84 -> 0 | AO84: =1-AM84 -> 1 | AP84: =AO84 -> 1 | AR84: =(U84-X84)/Z84 -> -0.47180048 | AS84: =NORMSDIST(AR84) -> 0.3185346 | AT84: =(W84-X84)/Z84 -> -0.47180048 | AU84: =NORMSDIST(AT84) -> 0.3185346 | AV84: =AS84-AU84 -> 0 | AW84: =AV84 -> 0 | AX84: =1-AV84 -> 1 | AY84: =AX84 -> 1
G85: Maxima Pc = | H85: =MAX(H74:H84) -> 0
O87: =O70 -> Equipo de Pesaje | P87: =P70 -> 0,01 a 40 g | Q87: =Q70 -> TM028-25A | R87: con w=U | U87: Se hace con Tu y TL siempre, de lo contario castigas el sistema
N88: Indicación | O88: Error | P88: U | Q88: EMP | R88: Regla Decisión Conservadora | T88: [EMP-U] | U88: V+[EMP-U] | V88: [-EMP+U] | W88: V-[EMP-U] | AM88: PC | AO88: PC | AV88: PC | AX88: PC
N89: =N72 -> g | O89: =O72 -> g | P89: =P72 -> g | Q89: =Q72 -> g | R89: Carga | S89: =S72 -> TL | T89: =T72 -> AL | U89: =U72 -> TL | V89: =V72 -> AL- | W89: =W72 -> TL- | X89: y | Y89: U | Z89: uc | AA89: k | AB89: Pcu | AC89: PcL | AD89: PC | AF89: PC | AI89: Ztu | AJ89: =CONCATENATE("ɸ(",ROUND(AI91,2)," ) ") -> ɸ(-0,03 ) | AK89: ZTL | AL89: =CONCATENATE("ɸ(",ROUND(AK91,2)," ) ") -> ɸ(-0,03 ) | AM89: =CONCATENATE("ɸ(",ROUND(AI91,2)," ) - ","ɸ(",ROUND(AK91,2)," ) ") -> ɸ(-0,03 ) - ɸ(-0,03 ) | AR89: Ztu | AS89: =CONCATENATE("ɸ(",ROUND(AR91,2)," ) ") -> ɸ(-0,03 ) | AT89: ZTL | AU89: =CONCATENATE("ɸ(",ROUND(AT91,2)," ) ") -> ɸ(-0,03 ) | AV89: =CONCATENATE("ɸ(",ROUND(AR91,2)," ) - ","ɸ(",ROUND(AT91,2)," ) ") -> ɸ(-0,03 ) - ɸ(-0,03 )
N90: =N73 -> 0 | O90: =O73 -> 0 | P90: =P73 -> 2.3459923e-05 | Q90: =Q73 -> 0 | R90: =N90+O90 -> 0 | S90: =Q90 -> 0 | T90: =S90-P90 -> -2.3459923e-05 | U90: =N90+S90-P90 -> -2.3459923e-05 | V90: =-S90+P90 -> 2.3459923e-05 | W90: =N90-S90-P90 -> -2.3459923e-05 | X90: =R90 -> 0 | Y90: =P90 -> 2.3459923e-05 | Z90: =Y90/AA90 -> 3.480779e-06 | AA90: =AA73 -> 6.7398486 | AB90: =_xlfn.NORM.DIST(U90+P90,X90,Z90,1) -> 0.5 | AC90: =_xlfn.NORM.DIST(W90+P90,X90,Z90,1) -> 0.5 | AD90: =AB90-AC90 -> 0 | AE90: =AD90 -> 0 | AF90: =1-AD90 -> 1 | AG90: =AF90 -> 1 | AI90: =(U90+P90-X90)/Z90 -> 0 | AJ90: =_xlfn.NORM.S.DIST(AI90,1) -> 0.5 | AK90: =(W90+P90-X90)/Z90 -> 0 | AL90: =_xlfn.NORM.S.DIST(AK90,1) -> 0.5 | AM90: =AJ90-AL90 -> 0 | AN90: =AM90 -> 0 | AO90: =1-AM90 -> 1 | AP90: =AO90 -> 1 | AR90: =(U90+P90-X90)/Z90 -> 0 | AS90: =NORMSDIST(AR90) -> 0.5 | AT90: =(W90+P90-X90)/Z90 -> 0 | AU90: =NORMSDIST(AT90) -> 0.5 | AV90: =AS90-AU90 -> 0 | AW90: =AV90 -> 0 | AX90: =1-AV90 -> 1 | AY90: =AX90 -> 1
N91: =N74 -> 0.01 | O91: =O74 -> 2.9894352e-07 | P91: =P74 -> 2.402859e-05 | Q91: =Q74 -> 0 | R91: =N91+O91 -> 0.010000299 | S91: =Q91 -> 0 | T91: =S91-P91 -> -2.402859e-05 | U91: =N91+S91-P91 -> 0.0099759714 | V91: =-S91+P91 -> 2.402859e-05 | W91: =N91-S91-P91 -> 0.0099759714 | X91: =R91 -> 0.010000299 | Y91: =P91 -> 2.402859e-05 | Z91: =Y91/AA91 -> 9.5351549e-06 | AA91: =AA74 -> 2.52 | AB91: =_xlfn.NORM.DIST(U91+P91,X91,Z91,1) -> 0.48749452 | AC91: =_xlfn.NORM.DIST(W91+P91,X91,Z91,1) -> 0.48749452 | AD91: =AB91-AC91 -> 0 | AE91: =AD91 -> 0 | AF91: =1-AD91 -> 1 | AG91: =AF91 -> 1 | AI91: =(U91+P91-X91)/Z91 -> -0.031351721 | AJ91: =_xlfn.NORM.S.DIST(AI91,1) -> 0.48749452 | AK91: =(W91+P91-X91)/Z91 -> -0.031351721 | AL91: =_xlfn.NORM.S.DIST(AK91,1) -> 0.48749452 | AM91: =AJ91-AL91 -> 0 | AN91: =AM91 -> 0 | AO91: =1-AM91 -> 1 | AP91: =AO91 -> 1 | AR91: =(U91+P91-X91)/Z91 -> -0.031351721 | AS91: =NORMSDIST(AR91) -> 0.48749452 | AT91: =(W91+P91-X91)/Z91 -> -0.031351721 | AU91: =NORMSDIST(AT91) -> 0.48749452 | AV91: =AS91-AU91 -> 0 | AW91: =AV91 -> 0 | AX91: =1-AV91 -> 1 | AY91: =AX91 -> 1
N92: =N75 -> 4 | O92: =O75 -> 5.5773944e-06 | P92: =P75 -> 4.4398152e-05 | Q92: =Q75 -> 0 | R92: =N92+O92 -> 4.0000056 | S92: =Q92 -> 0 | T92: =S92-P92 -> -4.4398152e-05 | U92: =N92+S92-P92 -> 3.9999556 | V92: =-S92+P92 -> 4.4398152e-05 | W92: =N92-S92-P92 -> 3.9999556 | X92: =R92 -> 4.0000056 | Y92: =P92 -> 4.4398152e-05 | Z92: =Y92/AA92 -> 2.1979283e-05 | AA92: =AA75 -> 2.02 | AB92: =_xlfn.NORM.DIST(U92+P92,X92,Z92,1) -> 0.39984169 | AC92: =_xlfn.NORM.DIST(W92+P92,X92,Z92,1) -> 0.39984169 | AD92: =AB92-AC92 -> 0 | AE92: =AD92 -> 0 | AF92: =1-AD92 -> 1 | AG92: =AF92 -> 1 | AI92: =(U92+P92-X92)/Z92 -> -0.25375688 | AJ92: =_xlfn.NORM.S.DIST(AI92,1) -> 0.39984169 | AK92: =(W92+P92-X92)/Z92 -> -0.25375688 | AL92: =_xlfn.NORM.S.DIST(AK92,1) -> 0.39984169 | AM92: =AJ92-AL92 -> 0 | AN92: =AM92 -> 0 | AO92: =1-AM92 -> 1 | AP92: =AO92 -> 1 | AR92: =(U92+P92-X92)/Z92 -> -0.25375688 | AS92: =NORMSDIST(AR92) -> 0.39984169 | AT92: =(W92+P92-X92)/Z92 -> -0.25375688 | AU92: =NORMSDIST(AT92) -> 0.39984169 | AV92: =AS92-AU92 -> 0 | AW92: =AV92 -> 0 | AX92: =1-AV92 -> 1 | AY92: =AX92 -> 1
N93: =N76 -> 8 | O93: =O76 -> 1.2154789e-05 | P93: =P76 -> 6.4456648e-05 | Q93: =Q76 -> 0 | R93: =N93+O93 -> 8.0000122 | S93: =Q93 -> 0 | T93: =S93-P93 -> -6.4456648e-05 | U93: =N93+S93-P93 -> 7.9999355 | V93: =-S93+P93 -> 6.4456648e-05 | W93: =N93-S93-P93 -> 7.9999355 | X93: =R93 -> 8.0000122 | Y93: =P93 -> 6.4456648e-05 | Z93: =Y93/AA93 -> 3.2067984e-05 | AA93: =AA76 -> 2.01 | AB93: =_xlfn.NORM.DIST(U93+P93,X93,Z93,1) -> 0.35233209 | AC93: =_xlfn.NORM.DIST(W93+P93,X93,Z93,1) -> 0.35233209 | AD93: =AB93-AC93 -> 0 | AE93: =AD93 -> 0 | AF93: =1-AD93 -> 1 | AG93: =AF93 -> 1 | AI93: =(U93+P93-X93)/Z93 -> -0.3790319 | AJ93: =_xlfn.NORM.S.DIST(AI93,1) -> 0.35233209 | AK93: =(W93+P93-X93)/Z93 -> -0.3790319 | AL93: =_xlfn.NORM.S.DIST(AK93,1) -> 0.35233209 | AM93: =AJ93-AL93 -> 0 | AN93: =AM93 -> 0 | AO93: =1-AM93 -> 1 | AP93: =AO93 -> 1 | AR93: =(U93+P93-X93)/Z93 -> -0.3790319 | AS93: =NORMSDIST(AR93) -> 0.35233209 | AT93: =(W93+P93-X93)/Z93 -> -0.3790319 | AU93: =NORMSDIST(AT93) -> 0.35233209 | AV93: =AS93-AU93 -> 0 | AW93: =AV93 -> 0 | AX93: =1-AV93 -> 1 | AY93: =AX93 -> 1
N94: =N77 -> 12 | O94: =O77 -> -1.2678196e-06 | P94: =P77 -> 5.5921729e-05 | Q94: =Q77 -> 0 | R94: =N94+O94 -> 11.999999 | S94: =Q94 -> 0 | T94: =S94-P94 -> -5.5921729e-05 | U94: =N94+S94-P94 -> 11.999944 | V94: =-S94+P94 -> 5.5921729e-05 | W94: =N94-S94-P94 -> 11.999944 | X94: =R94 -> 11.999999 | Y94: =P94 -> 5.5921729e-05 | Z94: =Y94/AA94 -> 2.7821756e-05 | AA94: =AA77 -> 2.01 | AB94: =_xlfn.NORM.DIST(U94+P94,X94,Z94,1) -> 0.51817325 | AC94: =_xlfn.NORM.DIST(W94+P94,X94,Z94,1) -> 0.51817325 | AD94: =AB94-AC94 -> 0 | AE94: =AD94 -> 0 | AF94: =1-AD94 -> 1 | AG94: =AF94 -> 1 | AI94: =(U94+P94-X94)/Z94 -> 0.045569361 | AJ94: =_xlfn.NORM.S.DIST(AI94,1) -> 0.51817325 | AK94: =(W94+P94-X94)/Z94 -> 0.045569361 | AL94: =_xlfn.NORM.S.DIST(AK94,1) -> 0.51817325 | AM94: =AJ94-AL94 -> 0 | AN94: =AM94 -> 0 | AO94: =1-AM94 -> 1 | AP94: =AO94 -> 1 | AR94: =(U94+P94-X94)/Z94 -> 0.045569361 | AS94: =NORMSDIST(AR94) -> 0.51817325 | AT94: =(W94+P94-X94)/Z94 -> 0.045569361 | AU94: =NORMSDIST(AT94) -> 0.51817325 | AV94: =AS94-AU94 -> 0 | AW94: =AV94 -> 0 | AX94: =1-AV94 -> 1 | AY94: =AX94 -> 1
N95: =N78 -> 15.00001 | O95: =O78 -> 1.0415226e-05 | P95: =P78 -> 6.1885758e-05 | Q95: =Q78 -> 0 | R95: =N95+O95 -> 15.00002 | S95: =Q95 -> 0 | T95: =S95-P95 -> -6.1885758e-05 | U95: =N95+S95-P95 -> 14.999948 | V95: =-S95+P95 -> 6.1885758e-05 | W95: =N95-S95-P95 -> 14.999948 | X95: =R95 -> 15.00002 | Y95: =P95 -> 6.1885758e-05 | Z95: =Y95/AA95 -> 3.0788934e-05 | AA95: =AA78 -> 2.01 | AB95: =_xlfn.NORM.DIST(U95+P95,X95,Z95,1) -> 0.36757677 | AC95: =_xlfn.NORM.DIST(W95+P95,X95,Z95,1) -> 0.36757677 | AD95: =AB95-AC95 -> 0 | AE95: =AD95 -> 0 | AF95: =1-AD95 -> 1 | AG95: =AF95 -> 1 | AI95: =(U95+P95-X95)/Z95 -> -0.33827822 | AJ95: =_xlfn.NORM.S.DIST(AI95,1) -> 0.36757677 | AK95: =(W95+P95-X95)/Z95 -> -0.33827822 | AL95: =_xlfn.NORM.S.DIST(AK95,1) -> 0.36757677 | AM95: =AJ95-AL95 -> 0 | AN95: =AM95 -> 0 | AO95: =1-AM95 -> 1 | AP95: =AO95 -> 1 | AR95: =(U95+P95-X95)/Z95 -> -0.33827822 | AS95: =NORMSDIST(AR95) -> 0.36757677 | AT95: =(W95+P95-X95)/Z95 -> -0.33827822 | AU95: =NORMSDIST(AT95) -> 0.36757677 | AV95: =AS95-AU95 -> 0 | AW95: =AV95 -> 0 | AX95: =1-AV95 -> 1 | AY95: =AX95 -> 1
N96: =N79 -> 20 | O96: =O79 -> 3.8869686e-06 | P96: =P79 -> 4.9375364e-05 | Q96: =Q79 -> 0 | R96: =N96+O96 -> 20.000004 | S96: =Q96 -> 0 | T96: =S96-P96 -> -4.9375364e-05 | U96: =N96+S96-P96 -> 19.999951 | V96: =-S96+P96 -> 4.9375364e-05 | W96: =N96-S96-P96 -> 19.999951 | X96: =R96 -> 20.000004 | Y96: =P96 -> 4.9375364e-05 | Z96: =Y96/AA96 -> 2.444325e-05 | AA96: =AA79 -> 2.02 | AB96: =_xlfn.NORM.DIST(U96+P96,X96,Z96,1) -> 0.43682651 | AC96: =_xlfn.NORM.DIST(W96+P96,X96,Z96,1) -> 0.43682651 | AD96: =AB96-AC96 -> 0 | AE96: =AD96 -> 0 | AF96: =1-AD96 -> 1 | AG96: =AF96 -> 1 | AI96: =(U96+P96-X96)/Z96 -> -0.15902013 | AJ96: =_xlfn.NORM.S.DIST(AI96,1) -> 0.43682651 | AK96: =(W96+P96-X96)/Z96 -> -0.15902013 | AL96: =_xlfn.NORM.S.DIST(AK96,1) -> 0.43682651 | AM96: =AJ96-AL96 -> 0 | AN96: =AM96 -> 0 | AO96: =1-AM96 -> 1 | AP96: =AO96 -> 1 | AR96: =(U96+P96-X96)/Z96 -> -0.15902013 | AS96: =NORMSDIST(AR96) -> 0.43682651 | AT96: =(W96+P96-X96)/Z96 -> -0.15902013 | AU96: =NORMSDIST(AT96) -> 0.43682651 | AV96: =AS96-AU96 -> 0 | AW96: =AV96 -> 0 | AX96: =1-AV96 -> 1 | AY96: =AX96 -> 1
N97: =N80 -> 25.00001 | O97: =O80 -> 2.5358712e-05 | P97: =P80 -> 7.3328671e-05 | Q97: =Q80 -> 0 | R97: =N97+O97 -> 25.000035 | S97: =Q97 -> 0 | T97: =S97-P97 -> -7.3328671e-05 | U97: =N97+S97-P97 -> 24.999937 | V97: =-S97+P97 -> 7.3328671e-05 | W97: =N97-S97-P97 -> 24.999937 | X97: =R97 -> 25.000035 | Y97: =P97 -> 7.3328671e-05 | Z97: =Y97/AA97 -> 3.6481926e-05 | AA97: =AA80 -> 2.01 | AB97: =_xlfn.NORM.DIST(U97+P97,X97,Z97,1) -> 0.24349524 | AC97: =_xlfn.NORM.DIST(W97+P97,X97,Z97,1) -> 0.24349524 | AD97: =AB97-AC97 -> 0 | AE97: =AD97 -> 0 | AF97: =1-AD97 -> 1 | AG97: =AF97 -> 1 | AI97: =(U97+P97-X97)/Z97 -> -0.69510344 | AJ97: =_xlfn.NORM.S.DIST(AI97,1) -> 0.24349524 | AK97: =(W97+P97-X97)/Z97 -> -0.69510344 | AL97: =_xlfn.NORM.S.DIST(AK97,1) -> 0.24349524 | AM97: =AJ97-AL97 -> 0 | AN97: =AM97 -> 0 | AO97: =1-AM97 -> 1 | AP97: =AO97 -> 1 | AR97: =(U97+P97-X97)/Z97 -> -0.69510344 | AS97: =NORMSDIST(AR97) -> 0.24349524 | AT97: =(W97+P97-X97)/Z97 -> -0.69510344 | AU97: =NORMSDIST(AT97) -> 0.24349524 | AV97: =AS97-AU97 -> 0 | AW97: =AV97 -> 0 | AX97: =1-AV97 -> 1 | AY97: =AX97 -> 1
N98: =N81 -> 27.00001 | O98: =O81 -> 3.514741e-05 | P98: =P81 -> 9.2338128e-05 | Q98: =Q81 -> 0 | R98: =N98+O98 -> 27.000045 | S98: =Q98 -> 0 | T98: =S98-P98 -> -9.2338128e-05 | U98: =N98+S98-P98 -> 26.999918 | V98: =-S98+P98 -> 9.2338128e-05 | W98: =N98-S98-P98 -> 26.999918 | X98: =R98 -> 27.000045 | Y98: =P98 -> 9.2338128e-05 | Z98: =Y98/AA98 -> 4.5939367e-05 | AA98: =AA81 -> 2.01 | AB98: =_xlfn.NORM.DIST(U98+P98,X98,Z98,1) -> 0.22211118 | AC98: =_xlfn.NORM.DIST(W98+P98,X98,Z98,1) -> 0.22211118 | AD98: =AB98-AC98 -> 0 | AE98: =AD98 -> 0 | AF98: =1-AD98 -> 1 | AG98: =AF98 -> 1 | AI98: =(U98+P98-X98)/Z98 -> -0.7650826 | AJ98: =_xlfn.NORM.S.DIST(AI98,1) -> 0.22211118 | AK98: =(W98+P98-X98)/Z98 -> -0.7650826 | AL98: =_xlfn.NORM.S.DIST(AK98,1) -> 0.22211118 | AM98: =AJ98-AL98 -> 0 | AN98: =AM98 -> 0 | AO98: =1-AM98 -> 1 | AP98: =AO98 -> 1 | AR98: =(U98+P98-X98)/Z98 -> -0.7650826 | AS98: =NORMSDIST(AR98) -> 0.22211118 | AT98: =(W98+P98-X98)/Z98 -> -0.7650826 | AU98: =NORMSDIST(AT98) -> 0.22211118 | AV98: =AS98-AU98 -> 0 | AW98: =AV98 -> 0 | AX98: =1-AV98 -> 1 | AY98: =AX98 -> 1
N99: =N82 -> 30.00001 | O99: =O82 -> 2.8304511e-06 | P99: =P82 -> 8.1052708e-05 | Q99: =Q82 -> 0 | R99: =N99+O99 -> 30.000013 | S99: =Q99 -> 0 | T99: =S99-P99 -> -8.1052708e-05 | U99: =N99+S99-P99 -> 29.999929 | V99: =-S99+P99 -> 8.1052708e-05 | W99: =N99-S99-P99 -> 29.999929 | X99: =R99 -> 30.000013 | Y99: =P99 -> 8.1052708e-05 | Z99: =Y99/AA99 -> 4.032473e-05 | AA99: =AA82 -> 2.01 | AB99: =_xlfn.NORM.DIST(U99+P99,X99,Z99,1) -> 0.47202064 | AC99: =_xlfn.NORM.DIST(W99+P99,X99,Z99,1) -> 0.47202064 | AD99: =AB99-AC99 -> 0 | AE99: =AD99 -> 0 | AF99: =1-AD99 -> 1 | AG99: =AF99 -> 1 | AI99: =(U99+P99-X99)/Z99 -> -0.070191445 | AJ99: =_xlfn.NORM.S.DIST(AI99,1) -> 0.47202064 | AK99: =(W99+P99-X99)/Z99 -> -0.070191445 | AL99: =_xlfn.NORM.S.DIST(AK99,1) -> 0.47202064 | AM99: =AJ99-AL99 -> 0 | AN99: =AM99 -> 0 | AO99: =1-AM99 -> 1 | AP99: =AO99 -> 1 | AR99: =(U99+P99-X99)/Z99 -> -0.070191445 | AS99: =NORMSDIST(AR99) -> 0.47202064 | AT99: =(W99+P99-X99)/Z99 -> -0.070191445 | AU99: =NORMSDIST(AT99) -> 0.47202064 | AV99: =AS99-AU99 -> 0 | AW99: =AV99 -> 0 | AX99: =1-AV99 -> 1 | AY99: =AX99 -> 1
N100: =N83 -> 35.00002 | O100: =O83 -> 2.4302195e-05 | P100: =P83 -> 0.00010577384 | Q100: =Q83 -> 0 | R100: =N100+O100 -> 35.000044 | S100: =Q100 -> 0 | T100: =S100-P100 -> -0.00010577384 | U100: =N100+S100-P100 -> 34.999914 | V100: =-S100+P100 -> 0.00010577384 | W100: =N100-S100-P100 -> 34.999914 | X100: =R100 -> 35.000044 | Y100: =P100 -> 0.00010577384 | Z100: =Y100/AA100 -> 5.2623803e-05 | AA100: =AA83 -> 2.01 | AB100: =_xlfn.NORM.DIST(U100+P100,X100,Z100,1) -> 0.32210882 | AC100: =_xlfn.NORM.DIST(W100+P100,X100,Z100,1) -> 0.32210882 | AD100: =AB100-AC100 -> 0 | AE100: =AD100 -> 0 | AF100: =1-AD100 -> 1 | AG100: =AF100 -> 1 | AI100: =(U100+P100-X100)/Z100 -> -0.46180993 | AJ100: =_xlfn.NORM.S.DIST(AI100,1) -> 0.32210882 | AK100: =(W100+P100-X100)/Z100 -> -0.46180993 | AL100: =_xlfn.NORM.S.DIST(AK100,1) -> 0.32210882 | AM100: =AJ100-AL100 -> 0 | AN100: =AM100 -> 0 | AO100: =1-AM100 -> 1 | AP100: =AO100 -> 1 | AR100: =(U100+P100-X100)/Z100 -> -0.46180993 | AS100: =NORMSDIST(AR100) -> 0.32210882 | AT100: =(W100+P100-X100)/Z100 -> -0.46180993 | AU100: =NORMSDIST(AT100) -> 0.32210882 | AV100: =AS100-AU100 -> 0 | AW100: =AV100 -> 0 | AX100: =1-AV100 -> 1 | AY100: =AX100 -> 1
N101: =N84 -> 40.00002 | O101: =O84 -> 2.1773937e-05 | P101: =P84 -> 9.2762967e-05 | Q101: =Q84 -> 0 | R101: =N101+O101 -> 40.000042 | S101: =Q101 -> 0 | T101: =S101-P101 -> -9.2762967e-05 | U101: =N101+S101-P101 -> 39.999927 | V101: =-S101+P101 -> 9.2762967e-05 | W101: =N101-S101-P101 -> 39.999927 | X101: =R101 -> 40.000042 | Y101: =P101 -> 9.2762967e-05 | Z101: =Y101/AA101 -> 4.615073e-05 | AA101: =AA84 -> 2.01 | AB101: =_xlfn.NORM.DIST(U101+P101,X101,Z101,1) -> 0.3185346 | AC101: =_xlfn.NORM.DIST(W101+P101,X101,Z101,1) -> 0.3185346 | AD101: =AB101-AC101 -> 0 | AE101: =AD101 -> 0 | AF101: =1-AD101 -> 1 | AG101: =AF101 -> 1 | AI101: =(U101+P101-X101)/Z101 -> -0.47180048 | AJ101: =_xlfn.NORM.S.DIST(AI101,1) -> 0.3185346 | AK101: =(W101+P101-X101)/Z101 -> -0.47180048 | AL101: =_xlfn.NORM.S.DIST(AK101,1) -> 0.3185346 | AM101: =AJ101-AL101 -> 0 | AN101: =AM101 -> 0 | AO101: =1-AM101 -> 1 | AP101: =AO101 -> 1 | AR101: =(U101+P101-X101)/Z101 -> -0.47180048 | AS101: =NORMSDIST(AR101) -> 0.3185346 | AT101: =(W101+P101-X101)/Z101 -> -0.47180048 | AU101: =NORMSDIST(AT101) -> 0.3185346 | AV101: =AS101-AU101 -> 0 | AW101: =AV101 -> 0 | AX101: =1-AV101 -> 1 | AY101: =AX101 -> 1
U102: Cuando se hace con los limites solo se considera que los valores medicos esten dentro de dichos límites, pero el % de aceptación o de falsa aceptacion se calcula siempre con Tu y TL (EMP)
U103: LES | V103: =Q93 -> 0 | W103: LEI | X103: =-Q93 -> 0 | Z103: Error | AA103: =O93 -> 1.2154789e-05 | AB103: u | AC103: =P93/AA93 -> 3.2067984e-05 | AD103: PC | AE103: =_xlfn.NORM.DIST(V103,AA103,AC103,1)-_xlfn.NORM.DIST(X103,AA103,AC103,1) -> 0 | AF103: PFA | AG103: =1-AE103 -> 1
D109: E | E109: emp | G109: AL+ | H109: AL- | J109: U
C110: =N74 -> 0.01 | D110: =O74+J110 -> 2.4327534e-05 | E110: =Q74 -> 0 | F110: =IF(D110<E110,"Cumple","No Cumple") -> No Cumple | G110: =C74 | H110: =D74 | I110: =IF(AND(D110<G110,D110>H110),"Cumple","No Cumple") -> No Cumple | J110: =P74 -> 2.402859e-05
C111: =N75 -> 4 | D111: =O75+J111 -> 4.9975547e-05 | E111: =Q75 -> 0 | F111: =IF(D111<E111,"Cumple","No Cumple") -> No Cumple | G111: =C75 | H111: =D75 | I111: =IF(AND(D111<G111,D111>H111),"Cumple","No Cumple") -> No Cumple | J111: =P75 -> 4.4398152e-05
C112: =N76 -> 8 | D112: =O76+J112 -> 7.6611437e-05 | E112: =Q76 -> 0 | F112: =IF(D112<E112,"Cumple","No Cumple") -> No Cumple | G112: =C76 | H112: =D76 | I112: =IF(AND(D112<G112,D112>H112),"Cumple","No Cumple") -> No Cumple | J112: =P76 -> 6.4456648e-05
C113: =N77 -> 12 | D113: =O77+J113 -> 5.4653909e-05 | E113: =Q77 -> 0 | F113: =IF(D113<E113,"Cumple","No Cumple") -> No Cumple | G113: =C77 | H113: =D77 | I113: =IF(AND(D113<G113,D113>H113),"Cumple","No Cumple") -> No Cumple | J113: =P77 -> 5.5921729e-05
C114: =N78 -> 15.00001 | D114: =O78+J114 -> 7.2300984e-05 | E114: =Q78 -> 0 | F114: =IF(D114<E114,"Cumple","No Cumple") -> No Cumple | G114: =C78 | H114: =D78 | I114: =IF(AND(D114<G114,D114>H114),"Cumple","No Cumple") -> No Cumple | J114: =P78 -> 6.1885758e-05
C115: =N79 -> 20 | D115: =O79+J115 -> 5.3262333e-05 | E115: =Q79 -> 0 | F115: =IF(D115<E115,"Cumple","No Cumple") -> No Cumple | G115: =C79 | H115: =D79 | I115: =IF(AND(D115<G115,D115>H115),"Cumple","No Cumple") -> No Cumple | J115: =P79 -> 4.9375364e-05
C116: =N80 -> 25.00001 | D116: =O80+J116 -> 9.8687384e-05 | E116: =Q80 -> 0 | F116: =IF(D116<E116,"Cumple","No Cumple") -> No Cumple | G116: =C80 | H116: =D80 | I116: =IF(AND(D116<G116,D116>H116),"Cumple","No Cumple") -> No Cumple | J116: =P80 -> 7.3328671e-05
C117: =N81 -> 27.00001 | D117: =O81+J117 -> 0.00012748554 | E117: =Q81 -> 0 | F117: =IF(D117<E117,"Cumple","No Cumple") -> No Cumple | G117: =C81 | H117: =D81 | I117: =IF(AND(D117<G117,D117>H117),"Cumple","No Cumple") -> No Cumple | J117: =P81 -> 9.2338128e-05
C118: =N82 -> 30.00001 | D118: =O82+J118 -> 8.3883159e-05 | E118: =Q82 -> 0 | F118: =IF(D118<E118,"Cumple","No Cumple") -> No Cumple | G118: =C82 | H118: =D82 | I118: =IF(AND(D118<G118,D118>H118),"Cumple","No Cumple") -> No Cumple | J118: =P82 -> 8.1052708e-05
C119: =N83 -> 35.00002 | D119: =O83+J119 -> 0.00013007604 | E119: =Q83 -> 0 | F119: =IF(D119<E119,"Cumple","No Cumple") -> No Cumple | G119: =C83 | H119: =D83 | I119: =IF(AND(D119<G119,D119>H119),"Cumple","No Cumple") -> No Cumple | J119: =P83 -> 0.00010577384 | L119: =D119-J119 -> 2.4302195e-05 | N119: =E119+L119 -> 2.4302195e-05
C120: =N84 -> 40.00002 | D120: =O84+J120 -> 0.0001145369 | E120: =Q84 -> 0 | F120: =IF(D120<E120,"Cumple","No Cumple") -> No Cumple | G120: =C84 | H120: =D84 | I120: =IF(AND(D120<G120,D120>H120),"Cumple","No Cumple") -> No Cumple | J120: =P84 -> 9.2762967e-05

Sheet Formato
S1: CALIBRACIÓN INSTRUMENTOS DE PESAJE DE FUNCIONAMIENTO NO AUTOMATICO, LC-FR-20 V12
S2: CD-372-24
A4: Revisado Director Técnico, 2024-12-17 - Aprobado Gerente General, 2024-12-18
AX5: SI | AZ5: Analógico
AX6: NO | AZ6: Digital
A7: Certificado de calibración No: | I7: TM028-25A | S7: Fecha de calibración: | Y7: 45678 | AX7: N/A
A8: Hora inicio climatización pesas: | I8: 0.58333333 | S8: Hora final climatización pesas: | Y8: =IF(ISBLANK(T52),"",T52) -> 0.60555556
A9: Hora inicio de la calibración: | I9: 0.60763889 | S9: Hora final de la calibración: | Y9: =IF(ISBLANK(AD152),"",AD152) -> 0.62986111 | AX9: Kg/dm3
AX10: g/cm3
A11: Información del cliente
A12: Cliente: | D12: TECSERVICE S.A.S. | M12: Dirección: | P12: Avenida 4 A Norte No. 45 - 56 B / La Flora | X12: Ciudad : | AA12: Cali
A13: Contacto | D13: Jhon Jairo Carabali | M13: Telefono | P13: 315 866 50 13 | X13: Pais: | AA13: Colombia
A14: Información del instrumento
A15: Instrumento: | D15: Equipo de Pesaje | N15: Fabricante: | Q15: Mettler | X15: Modelo: | Z15: AE240
A16: Número de serie: | E16: J75412 | N16: Código interno: | Q16: TEC-MTT-BA-03 | X16: Ubicación: | Z16: Mantenimiento
A17: Tipo indicación: | E17: Digital
BA18: Numero decimales
A19: Características metrológicas del instrumento de pesaje | AX19: =+IF(MID(AE20,5,1)="","--",1) -> 1 | AY19: =+IF(MID(AE20,6,1)="","--",1) -> 1 | AZ19: =+IF(MID(AE20,7,1)="","--",1) -> 1 | BA19: =+COUNT(AH20:AL20) -> 2
A20: Intervalo del Equipo: | E20: 0 | I20: g | J20: Hasta | L20: 200 | N20: =IF(ISBLANK(I20),"",I20) -> g | O20: Intervalos a calibrar: | S20: 0.01 | V20: =IF(ISBLANK(I20),"",I20) -> g | Y20: 40 | AA20: =IF(ISBLANK(I20),"",I20) -> g | AB20: Resolución: | AE20: 1e-05 | AF20: =IF(ISBLANK(I20),"",I20) -> g | AH20: =+IF(MID(AE20,3,1)="","--",1) -> 1 | AI20: =+IF(MID(AE20,4,1)="","--",1) -> 1
A21: Error Maximo Permitido Lineal: | N21: Error Maximo Permitido Repetibilidad: | AA21: Div. de escala: | AF21: =IF(AE21="N.A.","N.A.",AF20) -> g
AF22: =IF(AE20>=1,0,ABS(LEN(AE20)-2)) -> 5
A23: Evaluación visual de las características de funcionamiento y ubicación del instrumento de pesaje
A24: Características a evaluar: | X24: Cumple | Z24: Observaciones
X25: Si | Y25: No
A26: El instrumento esta claramente identificado ? | X26: X
A27: El instrumento esta libre de polvo, sustancias o agentes que alteren el resultado de la medición? | X27: X
A28: La indicación del instrumento es legible? | X28: X
A29: Las condiciones normales de uso (flujo de aire, vibraciones, estabilidad del lugar de pesada, etc.) son apropiados para el instrumento para pesar que se calibrará.? | X29: X
A30: Si aplica, el instrumento esta nivelado ? | X30: X
A31: El cliente ajusta regularmente el instrumento? | X31: X
A32: El instrumento se enciende un período antes de la calibración, p. e., un tiempo apropiado para que el instrumento se caliente, ó el adoptado por el cliente ? | X32: X
I34: Trazabilidad Masas Patron
I35: Código | O35: Descripción | AA35: Fecha Proxima Calibración
H36: =MID(I36,12,2) -> 04 | I36: TEC-LAB-MP-04 | O36: =IF(I36="","",VLOOKUP(I36,AG190:AI202,2,FALSE)) -> KIT DE MASAS PATRON E2 | AA36: =IF(I36="","",VLOOKUP(I36,'Errores Patrones'!AB4:AG25,5,FALSE)) -> 45696 | AE36: =IF(AA36<TODAY(),"Ojo EQ Vencido","") | AX36: =+TODAY() -> 45681
H37: =MID(I37,12,2) | O37: =IF(I37="","",VLOOKUP(I37,AG190:AI202,2,FALSE)) | AA37: =IF(I37="","",VLOOKUP(I37,'Errores Patrones'!AB4:AG25,5,FALSE)) | AE37: =IF(AA37<TODAY(),"Ojo EQ Vencido","") | AL37: =IF(AND(AF20="g",AE20<=0.00001),1,IF(AND(AF20="mg",AE20<=0.01),1,2)) -> 1
H38: =MID(I38,12,2) | O38: =IF(I38="","",VLOOKUP(I38,AG190:AI202,2,FALSE)) | AA38: =IF(I38="","",VLOOKUP(I38,'Errores Patrones'!AB4:AG25,5,FALSE)) | AE38: =IF(AA38<TODAY(),"Ojo EQ Vencido","")
H39: =MID(I39,12,2) | O39: =IF(I39="","",VLOOKUP(I39,AG190:AI202,2,FALSE)) | AA39: =IF(I39="","",VLOOKUP(I39,'Errores Patrones'!AB4:AG25,5,FALSE)) | AE39: =IF(AA39<TODAY(),"Ojo EQ Vencido","")
H40: =MID(I40,12,2) | O40: =IF(I40="","",VLOOKUP(I40,AG190:AI202,2,FALSE)) | AA40: =IF(I40="","",VLOOKUP(I40,'Errores Patrones'!AB4:AG25,5,FALSE)) | AE40: =IF(AA40<TODAY(),"Ojo EQ Vencido","")
H42: Medición de las condiciones ambientales | Y42: CASO PRESENTADO PARA LA CORRECCIÓN POR EFECTO DE EMPUJE: | AE42: B. Instrumento fue ajustado independientemente de la calibración.
H43: Mediciones | L43: Temperatura [°C] | P43: Humedad relativa [% HR] | U43: Presion Atmosferica [hPa] | Y43: Limites Condiciones Ambientales
H44: Minimas | L44: 24 | P44: 54 | U44: 902 | Y44: T | AA44: Hr | AC44: P Atm
H45: Maximas: | L45: 24.4 | P45: 56 | U45: 902 | Y45: 2 | AA45: 10 | AC45: 5
H46: Nota: se debe aplicar la corrección a cada valor medido de acuerdo al certificado de calibración del Medidior de condiciones ambientales.
H47: Se realiza el ajuste Inicial con una masa diferente a las masas utilizadas en la calibración | W47: N/A
H48: Densidad pesa utilizada en el ajuste | W48: g/cm3
L49: =(MAX(L44:O45)-MIN(L44:O45)) -> 0.4 | P49: =(MAX(O44:R45)-MIN(O44:R45)) -> 2 | U49: =(MAX(T44:W45)-MIN(T44:W45)) -> 0
K50: Temperatura de las pesas (Climatización de las pesas justo antes de iniciar la Calibración) | Z50: Precarga del instrumento
K51: =+CONCATENATE("Carga aplicada ","(",I20,")") -> Carga aplicada (g) | O51: Temperatura Final [°C] | T51: Hora final climatización pesas: | Z51: Carga No. | AB51: =CONCATENATE("Indicación del instrumento"," ","( ",$I$20, " )" ) -> Indicación del instrumento ( g )
K52: 20 | O52: 24.2 | T52: 0.60555556 | Z52: 1 | AB52: 40.00003
K53: Nota: Se debe medir la temperatura a la pesa mas grade que se utilizará en la calibración. | Z53: 2 | AB53: 40.00004
Z54: 3 | AB54: 40.00003
A62: Inicio de las pruebas de calibración
D64: 1. Prueba de excentricidad de carga | T64: Seleccionar el tipo de receptor de carga que posee el instrumento para pesar.
D65: Carga de prueba: | K65: 20 | M65: =IF(ISBLANK(I20),"",I20) -> g
D67: Posición No. | H67: =CONCATENATE("Indicación del instrumento"," ","(",$I$20,") ") -> Indicación del instrumento (g) | M67: =CONCATENATE("Retorno a Cero "," ","(",$I$20," )") -> Retorno a Cero (g )
D69: 1 | H69: 20 | M69: 0
D70: 2 | H70: 20.00001 | M70: 0
D71: 3 | H71: 20.00002 | M71: 0
D72: 4 | H72: 20.00002 | M72: 0 | Z72: X | AF72: No aplica (Marcar con "X" solo cuando no aplique la prueba de Excentricidad de Carga)
D73: 5 | H73: 20.00001 | M73: 0
D74: 1 | H74: 20 | M74: 0 | T74: Nota: El error se calcula tomando como referencia el punto número 1 ,con respecto a los demás puntos.
D75: =CONCATENATE("Dif. Máxima "," ",I20) -> Dif. Máxima g | H75: =+IF((MAX(H69:L74)-H69)>ABS(MIN(H69:L74)-H69),(MAX(H69:L74)-H69),ABS(MIN(H69:L74)-H69)) -> 2e-05
AJ76: Regla de decisión
AJ77: =IF(OR(AL76=A197,AL76=A198),"Especificacion:(Norma, SOP. Manual fab. etc) ↓","")
AJ78: NTC 2031
A79: Cargas de interes: consignar datos tomados en prueba error de indicacion y repetibilidad simultanea | Q79: 3. Prueba para los errores de las indicaciones | AJ79: =IF($AL$76="Simple","Aceptación simple (ILAC G8), evaluando los errores de linealidad y repetibilidad, con ",IF($AL$76="Conservadora","Declaración Binaria con zona de seguridad (ILAC G8), evaluando los errores de linealidad y repetibilidad, con zona de seguridad igual a la incertidumbre expandida, ","N.A. No fue requeridad declaracion de conformidad.")) -> N.A. No fue requeridad declaracion de conformidad.
A80: 2. Prueba de repetibilidad | AF80: Valor de la Carga Aproximado | AI80: Id Cargas en Alcance | AJ80: =IF($AL$76="Simple","probabilidad de no conformidad menor al 50 %.",IF($AL$76="Conservadora","probabilidad de no conformidad menor al 2,3 %.","")) | AU80: ∆max V. Objectivo | AV80: ∆ min entre cargas
A81: No. | B81: =CONCATENATE("Cargas de interes aplicadas"," ","(",$I$20, ")") -> Cargas de interes aplicadas (g) | Q81: Carga No. | S81: MARCA | T81: =CONCATENATE("Valor nominal "," ","( ",$I$20," )") -> Valor nominal ( g ) | W81: Valor masas | X81: =CONCATENATE("Indicacion del Instrumento "," ","( ",$I$20," )") -> Indicacion del Instrumento ( g ) | AB81: =CONCATENATE("Retorno a Cero "," ","( ",$I$20," )") -> Retorno a Cero ( g ) | AE81: Cantidad | AF81: =AQ85 -> Lmin | AG81: =CONCATENATE(AS85,"",AS86) -> punto medioCarga Obj | AH81: =AR85 -> Lmax | AI81: **_*** | AJ81: Masa convencional | AK81: Incertidumbre | AL81: Error | AM81: Conformidad
B82: 20 | H82: 30 | Q82: 0 | S82: N/A | T82: 0 | V82: ce | W82: N/A | X82: 0 | AB82: 0 | AE82: N/A | AF82: N/A | AG82: N/A | AH82: N/A | AI82: =IF(AND(T82>0,T82<1500000000.1,$I$20="mg")," ",IF(AND(T82>0,T82<1500000.1,$I$20="g"),"",IF(AND(T82>0,T82<1500.1,$I$20="Kg"),"","**"))) -> ** | AJ82: =T82 -> 0 | AK82: ='Estimación de la Incertidumbre'!S40 -> 2.3459923e-05 | AL82: =X82-AJ82 -> 0 | AM82: =IF(ISBLANK(X82),"",IF($AL$76="simple",IF(AND(ABS(X82-AJ82)<=$G$21,$H$95<=$T$21),"Cumple","No Cumple"),IF($AL$76="Conservadora",IF(AND(ABS(X82-AJ82)+AK82<=$G$21-AK82,$H$95<=$T$21),"Cumple","No Cumple"),"N.A."))) -> N.A. | AO82: kL= 5 | AP82: cargas para prueba de error de indicacion a 5 puntos | AU82: 0.1 | AV82: =Y20*0.2 -> 8
B83: =CONCATENATE("Indicación promedio"," ","(",$I$20,")") -> Indicación promedio (g) | F83: =CONCATENATE("Retorno a Cero "," ","(",$I$20," )") -> Retorno a Cero (g ) | H83: =CONCATENATE("Indicación promedio"," ","(",$I$20,")") -> Indicación promedio (g) | L83: =CONCATENATE("Retorno a Cero "," ","(",$I$20," )") -> Retorno a Cero (g ) | P83: =IF(OR($H$36=V83,$H$37=V83,$H$38=V83,$H$39=V83,$H$40=V83),"ok","Revisar") -> ok | Q83: 1 | S83: N/A | T83: 0.01 | V83: 04 | W83: =IF(ISBLANK(AE83),0,Calculos!E19) -> 0.0099997 | AE83: 1 | AO83: kL=11 | AP83: cargas para prueba de error de indicacion a 11 puntos | AU83: 0.05 | AV83: =+Y20*0.08 -> 3.2
A84: 1 | B84: 20 | F84: 0 | H84: 30.00001 | L84: 0 | N84: =IF(ISBLANK($B$82),"",IF(ABS($B$82-B84)<(3*AE$20),"","Revisar")) | O84: =IF(ISBLANK($H$82),"",IF(ABS($H$82-H84)<=(3*$AE$20),"","Revisar")) | P84: =IF(OR($H$36=V84,$H$37=V84,$H$38=V84,$H$39=V84,$H$40=V84),"ok","Revisar") -> ok | W84: =IF(ISBLANK(AE84),0,Calculos!E20) -> 0 | AO84: # datos-1 | AP84: 10 | AS84: p medio | AT84: ∆ Entre Cargas | AU84: % de carga
A85: 2 | B85: 20.00001 | F85: 0 | H85: 30 | L85: 0 | N85: =IF(ISBLANK($B$82),"",IF(ABS($B$82-B85)<(3*AE$20),"","Revisar")) | O85: =IF(ISBLANK($H$82),"",IF(ABS($H$82-H85)<=(3*$AE$20),"","Revisar")) | P85: =IF(OR($H$36=V85,$H$37=V85,$H$38=V85,$H$39=V85,$H$40=V85),"ok","Revisar") -> ok | W85: =IF(ISBLANK(AE85),0,Calculos!E21) -> 0 | AO85: Lobj | AP85: 0.05 | AQ85: Lmin | AR85: Lmax | AS85: punto medio
A86: 3 | B86: 20 | F86: 0 | H86: 29.99999 | L86: 0 | N86: =IF(ISBLANK($B$82),"",IF(ABS($B$82-B86)<(3*AE$20),"","Revisar")) | O86: =IF(ISBLANK($H$82),"",IF(ABS($H$82-H86)<=(3*$AE$20),"","Revisar")) | P86: =IF(OR($H$36=V86,$H$37=V86,$H$38=V86,$H$39=V86,$H$40=V86),"ok","Revisar") -> ok | W86: =IF(ISBLANK(AE86),0,Calculos!E22) -> 0 | AO86: =I20 -> g | AP86: =AO86 -> g | AQ86: =AO86 -> g | AR86: =AO86 -> g | AS86: Carga Obj
A87: 4 | B87: 20.00001 | F87: 0 | H87: 30.00001 | L87: 0 | N87: =IF(ISBLANK($B$82),"",IF(ABS($B$82-B87)<(3*AE$20),"","Revisar")) | O87: =IF(ISBLANK($H$82),"",IF(ABS($H$82-H87)<=(3*$AE$20),"","Revisar")) | S87: SUMA | T87: =IF(COUNT(T83:U86)=0,"",T83*AE83+T84*AE84+T85*AE85+T86*AE86) -> 0.01 | W87: =IF(COUNT(W83:W86)=0,"",W83+W84+W85+W86) -> 0.0099997 | X87: 0.01 | AB87: 0 | AF87: =AQ87 -> 0.0095 | AG87: =AS87 -> 0.01 | AH87: =AR87 -> 0.0105 | AI87: =IF(AND(T87>0,T87<1500000000.1,$I$20="mg")," ",IF(AND(T87>0,T87<1500000.1,$I$20="g"),"",IF(AND(T87>0,T87<1500.1,$I$20="Kg"),"","***"))) | AJ87: =Calculos!H23 -> 0.0099997011 | AK87: ='Estimación de la Incertidumbre'!H40 -> 2.402859e-05 | AL87: =X87-AJ87 -> 2.9894352e-07 | AM87: =IF(ISBLANK(X87),"",IF($AL$76="simple",IF(AND(ABS(X87-AJ87)<=$G$21,$H$95<=$T$21),"Cumple","No Cumple"),IF($AL$76="Conservadora",IF(AND(ABS(X87-AJ87)+AK87<=$G$21-AK87,$H$95<=$T$21),"Cumple","No Cumple"),"N.A."))) -> N.A. | AN87: 1 | AO87: =S20 -> 0.01 | AP87: =(AO87*$AP$85) -> 0.0005 | AQ87: =AO87-(AO87*$AP$85) -> 0.0095 | AR87: =AO87+(AO87*$AP$85) -> 0.0105 | AS87: =AQ87+((AR87-AQ87)/2) -> 0.01 | AT87: =+AT88 -> 3.999 | AU87: =(AO87/$Y$20)*100 -> 0.025
A88: 5 | B88: 20 | F88: 0 | H88: 30 | L88: 0 | N88: =IF(ISBLANK($B$82),"",IF(ABS($B$82-B88)<(3*AE$20),"","Revisar")) | O88: =IF(ISBLANK($H$82),"",IF(ABS($H$82-H88)<=(3*$AE$20),"","Revisar")) | P88: =IF(OR($H$36=V88,$H$37=V88,$H$38=V88,$H$39=V88,$H$40=V88),"ok","Revisar") -> ok | Q88: 2 | S88: SI | T88: 2 | V88: 04 | W88: =IF(ISBLANK(AE88),0,Calculos!E24) -> 1.99999 | AE88: 1 | AJ88: Pc : | AK88: =(_xlfn.NORM.DIST($G$21,AL87,AK87/'Certificado de calibración'!R128,1)-_xlfn.NORM.DIST(-$G$21,AL87,AK87/'Certificado de calibración'!R128,1)) -> 0 | AL88: PNC : | AM88: =1-(_xlfn.NORM.DIST($G$21,AL87,AK87/'Certificado de calibración'!R128,1)-_xlfn.NORM.DIST(-$G$21,AL87,AK87/'Certificado de calibración'!R128,1)) -> 1 | AN88: 2 | AO88: =AO87+($Y$20-$S$20)/$AP$84 -> 4.009 | AP88: =(AO88*$AP$85) -> 0.20045 | AQ88: =AO88-(AO88*$AP$85) -> 3.80855 | AR88: =AO88+(AO88*$AP$85) -> 4.20945 | AS88: =AQ88+((AR88-AQ88)/2) -> 4.009 | AT88: =+AS88-AS87 -> 3.999 | AU88: =(AO88/$Y$20)*100 -> 10.0225 | AV88: =IF(AND(AU88-AU87>8,AT88>=$AV$83),"OK","Revisar") -> OK
A89: 6 | N89: =IF(ISBLANK($B$82),"",IF(ABS($B$82-B89)<(3*AE$20),"","Revisar")) -> Revisar | P89: =IF(OR($H$36=V89,$H$37=V89,$H$38=V89,$H$39=V89,$H$40=V89),"ok","Revisar") -> ok | S89: NO | T89: 2 | V89: 04 | W89: =IF(ISBLANK(AE89),0,Calculos!E25) -> 2.000004 | AE89: 1 | AN89: 3 | AO89: =AO88+($Y$20-$S$20)/$AP$84 -> 8.008 | AP89: =(AO89*$AP$85) -> 0.4004 | AQ89: =AO89-(AO89*$AP$85) -> 7.6076 | AR89: =AO89+(AO89*$AP$85) -> 8.4084 | AS89: =AQ89+((AR89-AQ89)/2) -> 8.008 | AT89: =+AS89-AS88 -> 3.999 | AU89: =(AO89/$Y$20)*100 -> 20.02 | AV89: =IF(AND(AU89-AU88>8,AT89>=$AV$83),"OK","Revisar") -> OK
A90: 7 | N90: =IF(ISBLANK($B$82),"",IF(ABS($B$82-B90)<(3*AE$20),"","Revisar")) -> Revisar | P90: =IF(OR($H$36=V90,$H$37=V90,$H$38=V90,$H$39=V90,$H$40=V90),"ok","Revisar") -> ok | W90: =IF(ISBLANK(AE90),0,Calculos!E26) -> 0 | AN90: 4 | AO90: =AO89+($Y$20-$S$20)/$AP$84 -> 12.007 | AP90: =(AO90*$AP$85) -> 0.60035 | AQ90: =AO90-(AO90*$AP$85) -> 11.40665 | AR90: =AO90+(AO90*$AP$85) -> 12.60735 | AS90: =AQ90+((AR90-AQ90)/2) -> 12.007 | AT90: =+AS90-AS89 -> 3.999 | AU90: =(AO90/$Y$20)*100 -> 30.0175 | AV90: =IF(AND(AU90-AU89>8,AT90>=$AV$83),"OK","Revisar") -> OK
A91: 8 | N91: =IF(ISBLANK($B$82),"",IF(ABS($B$82-B91)<(3*AE$20),"","Revisar")) -> Revisar | P91: =IF(OR($H$36=V91,$H$37=V91,$H$38=V91,$H$39=V91,$H$40=V91),"ok","Revisar") -> ok | W91: =IF(ISBLANK(AE91),0,Calculos!E27) -> 0 | AN91: 5 | AO91: =AO90+($Y$20-$S$20)/$AP$84 -> 16.006 | AP91: =(AO91*$AP$85) -> 0.8003 | AQ91: =AO91-(AO91*$AP$85) -> 15.2057 | AR91: =AO91+(AO91*$AP$85) -> 16.8063 | AS91: =AQ91+((AR91-AQ91)/2) -> 16.006 | AT91: =+AS91-AS90 -> 3.999 | AU91: =(AO91/$Y$20)*100 -> 40.015 | AV91: =IF(AND(AU91-AU90>8,AT91>=$AV$83),"OK","Revisar") -> OK
A92: 9 | N92: =IF(ISBLANK($B$82),"",IF(ABS($B$82-B92)<(3*AE$20),"","Revisar")) -> Revisar | S92: SUMA | T92: =IF(COUNT(T88:U91)=0,"",T88*AE88+T89*AE89+T90*AE90+T91*AE91) -> 4 | W92: =IF(COUNT(W88:W91)=0,"",W88+W89+W90+W91) -> 3.999994 | X92: 4 | AB92: 0 | AF92: =AQ88 -> 3.80855 | AG92: =AS88 -> 4.009 | AH92: =AR88 -> 4.20945 | AI92: =IF(AND(T92>0,T92<1500000000.1,$I$20="mg")," ",IF(AND(T92>0,T92<1500000.1,$I$20="g"),"",IF(AND(T92>0,T92<1500.1,$I$20="Kg"),"","***"))) | AJ92: =Calculos!H28 -> 3.9999944 | AK92: ='Estimación de la Incertidumbre'!I40 -> 4.4398152e-05 | AL92: =X92-AJ92 -> 5.5773944e-06 | AM92: =IF(ISBLANK(X92),"",IF($AL$76="simple",IF(AND(ABS(X92-AJ92)<=$G$21,$H$95<=$T$21),"Cumple","No Cumple"),IF($AL$76="Conservadora",IF(AND(ABS(X92-AJ92)+AK92<=$G$21-AK92,$H$95<=$T$21),"Cumple","No Cumple"),"N.A."))) -> N.A. | AN92: 6 | AO92: =AO91+($Y$20-$S$20)/$AP$84 -> 20.005 | AP92: =(AO92*$AP$85) -> 1.00025 | AQ92: =AO92-(AO92*$AP$85) -> 19.00475 | AR92: =AO92+(AO92*$AP$85) -> 21.00525 | AS92: =AQ92+((AR92-AQ92)/2) -> 20.005 | AT92: =+AS92-AS91 -> 3.999 | AU92: =(AO92/$Y$20)*100 -> 50.0125 | AV92: =IF(AND(AU92-AU91>8,AT92>=$AV$83),"OK","Revisar") -> OK
A93: 10 | N93: =IF(ISBLANK($B$82),"",IF(ABS($B$82-B93)<(3*AE$20),"","Revisar")) -> Revisar | P93: =IF(OR($H$36=V93,$H$37=V93,$H$38=V93,$H$39=V93,$H$40=V93),"ok","Revisar") -> ok | Q93: 3 | S93: N/A | T93: 5 | V93: 04 | W93: =IF(ISBLANK(AE93),0,Calculos!E29) -> 4.999988 | AE93: 1 | AJ93: Pc : | AK93: =(_xlfn.NORM.DIST($G$21,AL92,AK92/'Certificado de calibración'!R129,1)-_xlfn.NORM.DIST(-$G$21,AL92,AK92/'Certificado de calibración'!R129,1)) -> 0 | AL93: PNC : | AM93: =1-(_xlfn.NORM.DIST($G$21,AL92,AK92/'Certificado de calibración'!R129,1)-_xlfn.NORM.DIST(-$G$21,AL92,AK92/'Certificado de calibración'!R129,1)) -> 1 | AN93: 7 | AO93: =AO92+($Y$20-$S$20)/$AP$84 -> 24.004 | AP93: =(AO93*$AP$85) -> 1.2002 | AQ93: =AO93-(AO93*$AP$85) -> 22.8038 | AR93: =AO93+(AO93*$AP$85) -> 25.2042 | AS93: =AQ93+((AR93-AQ93)/2) -> 24.004 | AT93: =+AS93-AS92 -> 3.999 | AU93: =(AO93/$Y$20)*100 -> 60.01 | AV93: =IF(AND(AU93-AU92>8,AT93>=$AV$83),"OK","Revisar") -> OK
A94: D.ESTS | B94: =IF(B82="","",STDEVA(B84:E93)) -> 5.4772256e-06 | F94: D.ESTR | H94: =IF(H82="","",STDEVA(H84:K93)) -> 8.3666003e-06 | P94: =IF(OR($H$36=V94,$H$37=V94,$H$38=V94,$H$39=V94,$H$40=V94),"ok","Revisar") -> ok | S94: SI | T94: 2 | V94: 04 | W94: =IF(ISBLANK(AE94),0,Calculos!E30) -> 1.99999 | AE94: 1 | AN94: 8 | AO94: =AO93+($Y$20-$S$20)/$AP$84 -> 28.003 | AP94: =(AO94*$AP$85) -> 1.40015 | AQ94: =AO94-(AO94*$AP$85) -> 26.60285 | AR94: =AO94+(AO94*$AP$85) -> 29.40315 | AS94: =AQ94+((AR94-AQ94)/2) -> 28.003 | AT94: =+AS94-AS93 -> 3.999 | AU94: =(AO94/$Y$20)*100 -> 70.0075 | AV94: =IF(AND(AU94-AU93>8,AT94>=$AV$83),"OK","Revisar") -> OK
A95: D.ESTS maxima | H95: =MAX(B94,H94) -> 8.3666003e-06 | P95: =IF(OR($H$36=V95,$H$37=V95,$H$38=V95,$H$39=V95,$H$40=V95),"ok","Revisar") -> ok | S95: N/A | T95: 1 | V95: 04 | W95: =IF(ISBLANK(AE95),0,Calculos!E31) -> 1.000009 | AE95: 1 | AN95: 9 | AO95: =AO94+($Y$20-$S$20)/$AP$84 -> 32.002 | AP95: =(AO95*$AP$85) -> 1.6001 | AQ95: =AO95-(AO95*$AP$85) -> 30.4019 | AR95: =AO95+(AO95*$AP$85) -> 33.6021 | AS95: =AQ95+((AR95-AQ95)/2) -> 32.002 | AT95: =+AS95-AS94 -> 3.999 | AU95: =(AO95/$Y$20)*100 -> 80.005 | AV95: =IF(AND(AU95-AU94>8,AT95>=$AV$83),"OK","Revisar") -> OK
A96: Diferencia Max. | H96: =MAX(ABS(B82-MIN(B84:E88)),ABS(B82-MAX(B84:E88)),ABS(H82-MIN(H84:K88)),ABS(H82-MAX(H84:K88))) -> 1e-05 | L96: =ABS(B82-MIN(B84:E88)) -> 0 | M96: =ABS(B82-MAX(B84:E88)) -> 1e-05 | N96: =ABS(H82-MIN(H84:K88)) -> 1e-05 | O96: =ABS(H82-MAX(H84:K88)) -> 1e-05 | P96: =IF(OR($H$36=V96,$H$37=V96,$H$38=V96,$H$39=V96,$H$40=V96),"ok","Revisar") -> ok | W96: =IF(ISBLANK(AE96),0,Calculos!E32) -> 0 | AN96: 10 | AO96: =AO95+($Y$20-$S$20)/$AP$84 -> 36.001 | AP96: =(AO96*$AP$85) -> 1.80005 | AQ96: =AO96-(AO96*$AP$85) -> 34.20095 | AR96: =AO96+(AO96*$AP$85) -> 37.80105 | AS96: =AQ96+((AR96-AQ96)/2) -> 36.001 | AT96: =+AS96-AS95 -> 3.999 | AU96: =(AO96/$Y$20)*100 -> 90.0025 | AV96: =IF(AND(AU96-AU95>8,AT96>=$AV$83),"OK","Revisar") -> OK
A97: Conformidad | H97: =IF(OR(ISBLANK(AL76),ISBLANK(B82)),"",IF(OR(ABS(H95)<T21,ABS(H95)=T21),"Cumple","No cumple")) | S97: SUMA | T97: =IF(COUNT(T93:U96)=0,"",T93*AE93+T94*AE94+T95*AE95+T96*AE96) -> 8 | W97: =IF(COUNT(W93:W96)=0,"",W93+W94+W95+W96) -> 7.999987 | X97: 8 | AB97: 0 | AF97: =AQ89 -> 7.6076 | AG97: =AS89 -> 8.008 | AH97: =AR89 -> 8.4084 | AI97: =IF(AND(T97>0,T97<1500000000.1,$I$20="mg")," ",IF(AND(T97>0,T97<1500000.1,$I$20="g"),"",IF(AND(T97>0,T97<1500.1,$I$20="Kg"),"","***"))) | AJ97: =Calculos!H33 -> 7.9999878 | AK97: ='Estimación de la Incertidumbre'!J40 -> 6.4456648e-05 | AL97: =X97-AJ97 -> 1.2154789e-05 | AM97: =IF(ISBLANK(X97),"",IF($AL$76="simple",IF(AND(ABS(X97-AJ97)<=$G$21,$H$95<=$T$21),"Cumple","No Cumple"),IF($AL$76="Conservadora",IF(AND(ABS(X97-AJ97)+AK97<=$G$21-AK97,$H$95<=$T$21),"Cumple","No Cumple"),"N.A."))) -> N.A. | AN97: 11 | AO97: =AO96+($Y$20-$S$20)/$AP$84 -> 40 | AP97: =(AO97*$AP$85) -> 2 | AQ97: =AO97-(AO97*$AP$85) -> 38 | AR97: =AO97+(AO97*$AP$85) -> 42 | AS97: =AO97 -> 40 | AT97: =+AS97-AS96 -> 3.999 | AU97: =(AO97/$Y$20)*100 -> 100 | AV97: =IF(AND(AU97-AU96>8,AT97>=$AV$83),"OK","Revisar") -> OK
P98: =IF(OR($H$36=V98,$H$37=V98,$H$38=V98,$H$39=V98,$H$40=V98),"ok","Revisar") -> ok | Q98: 4 | S98: N/A | T98: 10 | V98: 04 | W98: =IF(ISBLANK(AE98),0,Calculos!E34) -> 10.00002 | AE98: 1 | AJ98: Pc : | AK98: =(_xlfn.NORM.DIST($G$21,AL97,AK97/'Certificado de calibración'!R130,1)-_xlfn.NORM.DIST(-$G$21,AL97,AK97/'Certificado de calibración'!R130,1)) -> 0 | AL98: PNC : | AM98: =1-(_xlfn.NORM.DIST($G$21,AL97,AK97/'Certificado de calibración'!R130,1)-_xlfn.NORM.DIST(-$G$21,AL97,AK97/'Certificado de calibración'!R130,1)) -> 1
P99: =IF(OR($H$36=V99,$H$37=V99,$H$38=V99,$H$39=V99,$H$40=V99),"ok","Revisar") -> ok | S99: SI | T99: 2 | V99: 04 | W99: =IF(ISBLANK(AE99),0,Calculos!E35) -> 1.99999 | AE99: 1
P100: =IF(OR($H$36=V100,$H$37=V100,$H$38=V100,$H$39=V100,$H$40=V100),"ok","Revisar") -> ok | W100: =IF(ISBLANK(AE100),0,Calculos!E36) -> 0
P101: =IF(OR($H$36=V101,$H$37=V101,$H$38=V101,$H$39=V101,$H$40=V101),"ok","Revisar") -> ok | W101: =IF(ISBLANK(AE101),0,Calculos!E37) -> 0
S102: SUMA | T102: =IF(COUNT(T98:U101)=0,"",T98*AE98+T99*AE99+T100*AE100+T101*AE101) -> 12 | W102: =IF(COUNT(W98:W101)=0,"",W98+W99+W100+W101) -> 12.00001 | X102: 12 | AB102: 0 | AF102: =AQ90 -> 11.40665 | AG102: =AS90 -> 12.007 | AH102: =AR90 -> 12.60735 | AI102: =IF(AND(T102>0,T102<1500000000.1,$I$20="mg")," ",IF(AND(T102>0,T102<1500000.1,$I$20="g"),"",IF(AND(T102>0,T102<1500.1,$I$20="Kg"),"","***"))) | AJ102: =Calculos!H38 -> 12.000001 | AK102: ='Estimación de la Incertidumbre'!K40 -> 5.5921729e-05 | AL102: =X102-AJ102 -> -1.2678196e-06 | AM102: =IF(ISBLANK(X102),"",IF($AL$76="simple",IF(AND(ABS(X102-AJ102)<=$G$21,$H$95<=$T$21),"Cumple","No Cumple"),IF($AL$76="Conservadora",IF(AND(ABS(X102-AJ102)+AK102<=$G$21-AK102,$H$95<=$T$21),"Cumple","No Cumple"),"N.A."))) -> N.A.
P103: =IF(OR($H$36=V103,$H$37=V103,$H$38=V103,$H$39=V103,$H$40=V103),"ok","Revisar") -> ok | Q103: 5 | S103: N/A | T103: 10 | V103: 04 | W103: =IF(ISBLANK(AE103),0,Calculos!E39) -> 10.00002 | AE103: 1 | AJ103: Pc : | AK103: =(_xlfn.NORM.DIST($G$21,AL102,AK102/'Certificado de calibración'!R131,1)-_xlfn.NORM.DIST(-$G$21,AL102,AK102/'Certificado de calibración'!R131,1)) -> 0 | AL103: PNC : | AM103: =1-(_xlfn.NORM.DIST($G$21,AL102,AK102/'Certificado de calibración'!R131,1)-_xlfn.NORM.DIST(-$G$21,AL102,AK102/'Certificado de calibración'!R131,1)) -> 1
P104: =IF(OR($H$36=V104,$H$37=V104,$H$38=V104,$H$39=V104,$H$40=V104),"ok","Revisar") -> ok | S104: N/A | T104: 5 | V104: 04 | W104: =IF(ISBLANK(AE104),0,Calculos!E40) -> 4.999988 | AE104: 1
P105: =IF(OR($H$36=V105,$H$37=V105,$H$38=V105,$H$39=V105,$H$40=V105),"ok","Revisar") -> ok | W105: =IF(ISBLANK(AE105),0,Calculos!E41) -> 0
P106: =IF(OR($H$36=V106,$H$37=V106,$H$38=V106,$H$39=V106,$H$40=V106),"ok","Revisar") -> ok | W106: =IF(ISBLANK(AE106),0,Calculos!E42) -> 0
S107: SUMA | T107: =IF(COUNT(T103:U106)=0,"",T103*AE103+T104*AE104+T105*AE105+T106*AE106) -> 15 | W107: =IF(COUNT(W103:W106)=0,"",W103+W104+W105+W106) -> 15.000008 | X107: 15.00001 | AB107: 0 | AF107: =AQ91 -> 15.2057 | AG107: =AS91 -> 16.006 | AH107: =AR91 -> 16.8063 | AI107: =IF(AND(T107>0,T107<1500000000.1,$I$20="mg")," ",IF(AND(T107>0,T107<1500000.1,$I$20="g"),"",IF(AND(T107>0,T107<1500.1,$I$20="Kg"),"","***"))) | AJ107: =Calculos!H43 -> 15 | AK107: ='Estimación de la Incertidumbre'!L40 -> 6.1885758e-05 | AL107: =X107-AJ107 -> 1.0415226e-05 | AM107: =IF(ISBLANK(X107),"",IF($AL$76="simple",IF(AND(ABS(X107-AJ107)<=$G$21,$H$95<=$T$21),"Cumple","No Cumple"),IF($AL$76="Conservadora",IF(AND(ABS(X107-AJ107)+AK107<=$G$21-AK107,$H$95<=$T$21),"Cumple","No Cumple"),"N.A."))) -> N.A.
P108: =IF(OR($H$36=V108,$H$37=V108,$H$38=V108,$H$39=V108,$H$40=V108),"ok","Revisar") -> ok | Q108: 6 | S108: SI | T108: 20 | V108: 04 | W108: =IF(ISBLANK(AE108),0,Calculos!E44) -> 20.000004 | AE108: 1 | AJ108: Pc : | AK108: =(_xlfn.NORM.DIST($G$21,AL107,AK107/'Certificado de calibración'!R132,1)-_xlfn.NORM.DIST(-$G$21,AL107,AK107/'Certificado de calibración'!R132,1)) -> 0 | AL108: PNC : | AM108: =1-(_xlfn.NORM.DIST($G$21,AL107,AK107/'Certificado de calibración'!R132,1)-_xlfn.NORM.DIST(-$G$21,AL107,AK107/'Certificado de calibración'!R132,1)) -> 1
P109: =IF(OR($H$36=V109,$H$37=V109,$H$38=V109,$H$39=V109,$H$40=V109),"ok","Revisar") -> ok | W109: =IF(ISBLANK(AE109),0,Calculos!E45) -> 0
P110: =IF(OR($H$36=V110,$H$37=V110,$H$38=V110,$H$39=V110,$H$40=V110),"ok","Revisar") -> ok | W110: =IF(ISBLANK(AE110),0,Calculos!E46) -> 0
P111: =IF(OR($H$36=V111,$H$37=V111,$H$38=V111,$H$39=V111,$H$40=V111),"ok","Revisar") -> ok | W111: =IF(ISBLANK(AE111),0,Calculos!E47) -> 0
S112: SUMA | T112: =IF(COUNT(T108:U111)=0,"",T108*AE108+T109*AE109+T110*AE110+T111*AE111) -> 20 | W112: =IF(COUNT(W108:W111)=0,"",W108+W109+W110+W111) -> 20.000004 | X112: 20 | AB112: 0 | AF112: =AQ92 -> 19.00475 | AG112: =AS92 -> 20.005 | AH112: =AR92 -> 21.00525 | AI112: =IF(AND(T112>0,T112<1500000000.1,$I$20="mg")," ",IF(AND(T112>0,T112<1500000.1,$I$20="g"),"",IF(AND(T112>0,T112<1500.1,$I$20="Kg"),"","***"))) | AJ112: =Calculos!H48 -> 19.999996 | AK112: ='Estimación de la Incertidumbre'!M40 -> 4.9375364e-05 | AL112: =X112-AJ112 -> 3.8869686e-06 | AM112: =IF(ISBLANK(X112),"",IF($AL$76="simple",IF(AND(ABS(X112-AJ112)<=$G$21,$H$95<=$T$21),"Cumple","No Cumple"),IF($AL$76="Conservadora",IF(AND(ABS(X112-AJ112)+AK112<=$G$21,$H$95<=$T$21),"Cumple","No Cumple"),"N.A."))) -> N.A.
P113: =IF(OR($H$36=V113,$H$37=V113,$H$38=V113,$H$39=V113,$H$40=V113),"ok","Revisar") -> ok | Q113: 7 | S113: SI | T113: 20 | V113: 04 | W113: =IF(ISBLANK(AE113),0,Calculos!E49) -> 20.000004 | AE113: 1 | AJ113: Pc : | AK113: =(_xlfn.NORM.DIST($G$21,AL112,AK112/'Certificado de calibración'!R133,1)-_xlfn.NORM.DIST(-$G$21,AL112,AK112/'Certificado de calibración'!R133,1)) -> 0 | AL113: PNC : | AM113: =1-(_xlfn.NORM.DIST($G$21,AL112,AK112/'Certificado de calibración'!R133,1)-_xlfn.NORM.DIST(-$G$21,AL112,AK112/'Certificado de calibración'!R133,1)) -> 1
...

Sheet Certificado de calibración
H1: =Formato!S1 -> CALIBRACIÓN INSTRUMENTOS DE PESAJE DE FUNCIONAMIENTO NO AUTOMATICO, LC-FR-20 V12
W2: =Formato!S2 -> CD-372-24
A4: =Formato!A4 -> Revisado Director Técnico, 2024-12-17 - Aprobado Gerente General, 2024-12-18
A7: CERTIFICADO DE CALIBRACIÓN
A8: Certifícate of calibration
S11: CERTIFICADO No: | U11: =IF(ISBLANK(Formato!I7),"",Formato!I7) -> TM028-25A
S12: Certifícate number
A13: Magnitud: | D13: Masa
A15: Datos Del Cliente:
A16: Solicitante: | D16: =IF(ISBLANK(Formato!D12),"",CONCATENATE(Formato!D12," ",Formato!A13,": "," ",Formato!D13, ", ",Formato!M13,": ",Formato!P13)) -> TECSERVICE S.A.S. Contacto: Jhon Jairo Carabali, Telefono: 315 866 50 13
A17: Dirección:* | D17: =CONCATENATE(Formato!$P$12,","," ",Formato!$AA$12," ",Formato!AA13) -> Avenida 4 A Norte No. 45 - 56 B / La Flora, Cali Colombia
A18: Datos del Instrumento:
A19: Instrumento: | E19: =IF(ISBLANK(Formato!$D$15),"","Equipo de Pesaje") -> Equipo de Pesaje
A20: Fabricante:* | E20: =IF(ISBLANK(Formato!Q15),"",Formato!Q15) -> Mettler | N20: Identificación:* | Q20: =IF(ISBLANK(Formato!Q16),"",Formato!Q16) -> TEC-MTT-BA-03 | AA20: =PROPER(H23)
A21: Modelo:* | E21: =IF(ISBLANK(Formato!$Z$15),"",Formato!$Z$15) -> AE240 | N21: Fecha de recepción: | Q21: =IF(ISBLANK(Formato!$Y$7),"",Formato!$Y$7) -> 45678
A22: Número de serie:* | E22: =IF(ISBLANK(Formato!$E$16),"",Formato!$E$16) -> J75412 | N22: Fecha de calibración: | Q22: =IF(ISBLANK(Formato!$Y$7),"",Formato!$Y$7) -> 45678
A23: Ubicación:* | E23: =IF(ISBLANK(Formato!Z16),"",CONCATENATE(PROPER(Formato!Z16)," ",)) -> Mantenimiento
A26: Características Metrológicas del instrumento de medida
A28: Intervalo de Medición: | E28: =IF(ISBLANK(Formato!E20),"",Formato!E20) -> 0 | G28: =IF(ISBLANK(Formato!I20),"",Formato!I20) -> g | H28: Hasta | I28: =IF(ISBLANK(Formato!L20),"",Formato!L20) -> 200 | K28: =G28 -> g | N28: Intervalo de Calibración: | Q28: =IF(OR(Formato!S20>0,Formato!S20=0,),FIXED(Formato!S20,Formato!$AF$22,TRUE)) -> 0,01000 | R28: =IF(ISBLANK(Formato!V20),"OJO",Formato!V20) -> g | S28: Hasta | T28: =IF(OR(Formato!Y20>0,Formato!Y20=0,),FIXED(Formato!Y20,Formato!$AF$22,TRUE)) -> 40,00000 | U28: =R28 -> g
A29: División de escala: | E29: =IF(ISBLANK(Formato!AE21),"",IF(Formato!AE21>0,FIXED(Formato!AE21,Formato!$AF$22,TRUE))) | G29: =IF(ISBLANK(Formato!AE21),"N.A.",Formato!AF21) -> N.A. | N29: Error Máximo permitido lineal: | T29: =IF(ISBLANK(Formato!G21),"N.I.",Formato!G21) -> N.I. | U29: =IF(ISBLANK(Formato!G21),"",Formato!I20)
A30: Resolución (d): | E30: =IF(ISBLANK(Formato!AE20),"",IF(Formato!AE20>0,FIXED(Formato!AE20,Formato!$AF$22,TRUE))) -> 0,00001 | G30: =G28 -> g | N30: Error Máximo permitido Repetibilidad : | T30: =IF(ISBLANK(Formato!T21),"N.I.",Formato!T21) -> N.I. | U30: =IF(ISBLANK(Formato!T21),"",Formato!I20)
A34: Este certificado expresa fielmente el resultado de las mediciones realizadas única y exclusivamente al instrumento bajo calibración, aquí relacionado. No podrá ser reproducido parcialmente sin la debida autorización del emisor, excepto cuando se reproduce en su totalidad.
A39: Este certificado es emitido de acuerdo con los requerimientos de la norma ISO/IEC 17025:2017 (Requisitos generales para la competencia de los laboratorios de ensayo y calibración). El usuario es responsable de la calibración de sus instrumentos a intervalos apropiados.
A41: Resultado evaluación física
A42: El instrumento a calibrar fue inspeccionado detalladamente para determinar su estado y condición física determinando que puede ser calibrado.
A45: Método de calibración utilizado: Comparación directa con pesas patrón.
A47: Procedimiento de calibración
A48: El método de calibración corresponde a lo recomendado en la Guía para calibración de los instrumentos para pesar de funcionamiento no automático SIM MWG7/cg-01/v.00:2009.
A50: El proceso inicia asegurando que el instrumento de pesaje este en cero, como paso seguido se ubican las pesas sobre el receptor de carga y se registra el resultado de la medición; La calibración incluye las siguientes pruebas: Repetibilidad (5.1), Errores de indicación (5.2) y Excentricidad de carga (5.3). En el caso de instrumentos de pesaje con una división de escala ≤ 1 mg, se realiza la prueba de efecto de interacción magnética (5.4).
A51: Lugar de calibración
A52: =CONCATENATE("Instalaciones de"," ",Formato!D12," ",Formato!Z16) -> Instalaciones de TECSERVICE S.A.S. Mantenimiento
A53: Descripción de la trazabilidad Metrológica
A54: Esta calibración es trazable al Sistema Internacional de Unidades (SI), a través de una cadena ininterrumpida de comparaciones, cada eslabón de la cadena esta documentado y la incertidumbre de medición ha sido estimada en cada paso.
A56: Código | D56: Descripción | J56: Clase | M56: Calibrado por | Q56: Certificado No. | T56: Vigencia de calibración
A57: =IF(ISBLANK(Formato!I36),"",Formato!I36) -> TEC-LAB-MP-04 | D57: =IF(ISBLANK(Formato!O36),"",Formato!O36) -> KIT DE MASAS PATRON E2 | J57: =VLOOKUP(A57,'Errores Patrones'!$AB$4:$AH$25,7,0) -> E2 | M57: =+IF(ISERROR(VLOOKUP(A57,'Errores Patrones'!$AB$4:$AF$25,2,0)),"",VLOOKUP(A57,'Errores Patrones'!$AB$4:$AF$25,2,0)) -> Detecto | Q57: =+IF(ISERROR(VLOOKUP(A57,'Errores Patrones'!$AB$4:$AF$25,3,0)),"",VLOOKUP(A57,'Errores Patrones'!$AB$4:$AF$25,3,0)) -> 58446 C | T57: =IF(ISERROR(VLOOKUP(A57,'Errores Patrones'!$AB$4:$AF$25,5,0)),"",VLOOKUP(A57,'Errores Patrones'!$AB$4:$AF$25,5,0)) -> 45696
A58: =IF(ISBLANK(Formato!I37),"",Formato!I37) | D58: =IF(ISBLANK(Formato!O37),"",Formato!O37) | J58: =VLOOKUP(A58,'Errores Patrones'!$AB$4:$AH$25,7,0) -> #N/A | M58: =+IF(ISERROR(VLOOKUP(A58,'Errores Patrones'!$AB$4:$AF$25,2,0)),"",VLOOKUP(A58,'Errores Patrones'!$AB$4:$AF$25,2,0)) | Q58: =+IF(ISERROR(VLOOKUP(A58,'Errores Patrones'!$AB$4:$AF$25,3,0)),"",VLOOKUP(A58,'Errores Patrones'!$AB$4:$AF$25,3,0)) | T58: =IF(ISERROR(VLOOKUP(A58,'Errores Patrones'!$AB$4:$AF$25,5,0)),"",VLOOKUP(A58,'Errores Patrones'!$AB$4:$AF$25,5,0))
A59: =IF(ISBLANK(Formato!I38),"",Formato!I38) | D59: =IF(ISBLANK(Formato!O38),"",Formato!O38) | J59: =VLOOKUP(A59,'Errores Patrones'!$AB$4:$AH$25,7,0) -> #N/A | M59: =+IF(ISERROR(VLOOKUP(A59,'Errores Patrones'!$AB$4:$AF$25,2,0)),"",VLOOKUP(A59,'Errores Patrones'!$AB$4:$AF$25,2,0)) | Q59: =+IF(ISERROR(VLOOKUP(A59,'Errores Patrones'!$AB$4:$AF$25,3,0)),"",VLOOKUP(A59,'Errores Patrones'!$AB$4:$AF$25,3,0)) | T59: =IF(ISERROR(VLOOKUP(A59,'Errores Patrones'!$AB$4:$AF$25,5,0)),"",VLOOKUP(A59,'Errores Patrones'!$AB$4:$AF$25,5,0)) | AE59: =IF(AND(Formato!L49>Formato!Y45,Formato!P49>Formato!AA45,Formato!U49>Formato!AC45,Formato!F148=1,Formato!R148=1),"No Se Puede Emitir Certificado. ¡ SE DEBE REVISAR LOS DATOS ! ","")
A60: =IF(ISBLANK(Formato!I39),"",Formato!I39) | D60: =IF(ISBLANK(Formato!O39),"",Formato!O39) | J60: =VLOOKUP(A60,'Errores Patrones'!$AB$4:$AH$25,7,0) -> #N/A | M60: =+IF(ISERROR(VLOOKUP(A60,'Errores Patrones'!$AB$4:$AF$25,2,0)),"",VLOOKUP(A60,'Errores Patrones'!$AB$4:$AF$25,2,0)) | Q60: =+IF(ISERROR(VLOOKUP(A60,'Errores Patrones'!$AB$4:$AF$25,3,0)),"",VLOOKUP(A60,'Errores Patrones'!$AB$4:$AF$25,3,0)) | T60: =IF(ISERROR(VLOOKUP(A60,'Errores Patrones'!$AB$4:$AF$25,5,0)),"",VLOOKUP(A60,'Errores Patrones'!$AB$4:$AF$25,5,0)) | AE60: =IF(AND(Formato!F148=1,Formato!R148=1),"No Se Puede Emitir Certificado. ¡ SE DEBE REVISAR LOS DATOS ! ","")
A61: =IF(ISBLANK(Formato!I40),"",Formato!I40) | D61: =IF(ISBLANK(Formato!O40),"",Formato!O40) | J61: =VLOOKUP(A61,'Errores Patrones'!$AB$4:$AH$25,7,0) -> #N/A | M61: =+IF(ISERROR(VLOOKUP(A61,'Errores Patrones'!$AB$4:$AF$25,2,0)),"",VLOOKUP(A61,'Errores Patrones'!$AB$4:$AF$25,2,0)) | Q61: =+IF(ISERROR(VLOOKUP(A61,'Errores Patrones'!$AB$4:$AF$25,3,0)),"",VLOOKUP(A61,'Errores Patrones'!$AB$4:$AF$25,3,0)) | T61: =IF(ISERROR(VLOOKUP(A61,'Errores Patrones'!$AB$4:$AF$25,5,0)),"",VLOOKUP(A61,'Errores Patrones'!$AB$4:$AF$25,5,0))
A63: FIRMAS AUTORIZADAS | J63: =IF(OR(Formato!AE36="Ojo EQ Vencido",Formato!AE37="Ojo EQ Vencido",Formato!AE38="Ojo EQ Vencido",Formato!AE39="Ojo EQ Vencido",Formato!AE40="Ojo EQ Vencido"),"No Se Puede Emitir Certificado. ¡ SE VERIFIQUE VIGENCIA DEL EQUIPO PATRON !","")
A64: Autorized Signatures
A67: =IF(OR(Formato!L49>Formato!Y45,Formato!P49>Formato!AA45,Formato!U49>Formato!AC45,Formato!F148=1,Formato!R148=1,Formato!S169="",Formato!I7="",Formato!I8="",Formato!I9="",Formato!Y7="",Formato!Y8="",Formato!Y9="",Formato!C169=""),"No Se Puede Emitir Certificado. ¡ SE DEBE REVISAR LOS DATOS ! ","")
A68: =IF(ISBLANK(Formato!C169),"",Formato!C169) -> Diego Vera | O68: =IF(OR(O69<Formato!Y7, O69>Formato!Y7+30,O69=""),"OJO REVISAR FECHA","")
A69: Firmado digitalmente | O69: 45681
A70: =IF(ISBLANK(Formato!C170),"",Formato!C170) -> Director Técnico | O70: Fecha de emisión
A71: Aprobado por | O71: Issue Date | V71: Página 1 de 3
A72: Approved by | O72: =CONCATENATE("Calibrado por: ",Formato!S169) -> Calibrado por: Julian Andres Valencia | W72: =MID(H1,69,75) -> LC-FR-20 V12
A75: CERTIFICADO DE CALIBRACIÓN
A76: Certifícate of calibración
R78: CERTIFICADO No: | U78: =IF(ISBLANK(U11),"",U11) -> TM028-25A
R79: Certifícate number
A81: Condiciones ambientales medidas durante la calibración
A83: Temperatura del aire: | F83: Mínimo | H83: =Formato!L44 -> 24 | I83: ° C | J83: Máximo | L83: =Formato!L45 -> 24.4 | M83: °C
A84: Humedad Relativa: | F84: Mínimo | H84: =Formato!P44 -> 54 | I84: % HR | J84: Máximo | L84: =Formato!P45 -> 56 | M84: % HR
A87: Prueba de excentricidad de la carga
A88: =IF(AND(Formato!AE72="x",P92="----"),"Ver Observacion # 7",CONCATENATE("La prueba se realizó con una carga de"," ",Formato!K65," ",Formato!M65," ","de conformidad con la Guía SIM MWG7/"," ","cg-01/v.00:2009, numeral 5.3")) -> La prueba se realizó con una carga de 20 g de conformidad con la Guía SIM MWG7/ cg-01/v.00:2009, numeral 5.3
L90: Posición No. | P90: =IF(ISBLANK(Formato!H67),"",Formato!H67) -> Indicación del instrumento (g)
P91: =CONCATENATE("(",Formato!$I$20, ")") -> (g)
L92: 1 | P92: =IF(ISBLANK(Formato!H69),"----",IF(Formato!H69>0,FIXED(Formato!H69,Formato!$AF$22,TRUE))) -> 20,00000
L93: 2 | P93: =IF(ISBLANK(Formato!H70),"----",IF(Formato!H70>0,FIXED(Formato!H70,Formato!$AF$22,TRUE))) -> 20,00001
L94: 3 | P94: =+IF(ISBLANK(Formato!H71),"----",IF(Formato!H71>0,FIXED(Formato!H71,Formato!$AF$22,TRUE))) -> 20,00002
L95: 4 | P95: =+IF(ISBLANK(Formato!H72),"----",IF(Formato!H72>0,FIXED(Formato!H72,Formato!$AF$22,TRUE))) -> 20,00002
D96: =+IF(Formato!V72="","",Formato!V72) | E96: =IF(Formato!AE72="x","No Aplica",IF(OR(AND(D96="",H96=""),AND(D96="X",H96="X")),"Error","")) | H96: =+IF(Formato!Z72="","",Formato!Z72) -> X | L96: 5 | P96: =+IF(ISBLANK(Formato!H73),"----",IF(Formato!H73>0,FIXED(Formato!H73,Formato!$AF$22,TRUE))) -> 20,00001
L97: 1 | P97: =+IF(ISBLANK(Formato!H74),"----",IF(Formato!H74>0,FIXED(Formato!H74,Formato!$AF$22,TRUE))) -> 20,00000
L98: =CONCATENATE("Dif. Máxima "," ","(",Formato!$I$20, ")") -> Dif. Máxima (g) | P98: =IF(ISBLANK(Formato!H75),"----",IF(P92="----","---",IF(Formato!H75>=0,FIXED(Formato!H75,Formato!$AF$22,TRUE)))) -> 0,00002
A100: Prueba de repetibilidad
A102: La prueba se realizó conforme el numeral 5.1 de la Guía SIM MWG7/cg-01/v.00:2009, las desviaciones estándar fueron
A103: determinadas a partir | E103: =CONCATENATE("de "," ",IF(ISBLANK(Formato!$B$87),3,5)," ","mediciones. ") -> de 5 mediciones.
H105: Repetición No. | L105: =CONCATENATE("Cargas aplicadas"," (",Formato!$I$20, ")") -> Cargas aplicadas (g) | S105: Conformidad
L106: =IF(ISBLANK(Formato!$B$82),"",Formato!$B$82) -> 20 | P106: =IF(ISBLANK(Formato!H82),"",Formato!H82) -> 30 | S106: =IF(OR(Formato!AL76="N.A.",Formato!AL76=""),"N.A.",Formato!H97) -> N.A.
L107: =IF(ISBLANK(Formato!H67),"",Formato!H67) -> Indicación del instrumento (g)
H108: 1 | L108: =IF(ISBLANK(Formato!B84),"N/A",IF(Formato!B84>0,FIXED(Formato!B84,Formato!$AF$22,TRUE))) -> 20,00000 | P108: =IF(ISBLANK(Formato!H84),"N/A",IF(Formato!H84>0,FIXED(Formato!H84,Formato!$AF$22,TRUE))) -> 30,00001
H109: 2 | L109: =IF(ISBLANK(Formato!B85),"N/A",IF(Formato!B85>0,FIXED(Formato!B85,Formato!$AF$22,TRUE))) -> 20,00001 | P109: =IF(ISBLANK(Formato!H85),"N/A",IF(Formato!H85>0,FIXED(Formato!H85,Formato!$AF$22,TRUE))) -> 30,00000
H110: 3 | L110: =IF(ISBLANK(Formato!B86),"N/A",IF(Formato!B86>0,FIXED(Formato!B86,Formato!$AF$22,TRUE))) -> 20,00000 | P110: =IF(ISBLANK(Formato!H86),"N/A",IF(Formato!H86>0,FIXED(Formato!H86,Formato!$AF$22,TRUE))) -> 29,99999
H111: 4 | L111: =IF(ISBLANK(Formato!B87),"N/A",IF(Formato!B87>0,FIXED(Formato!B87,Formato!$AF$22,TRUE))) -> 20,00001 | P111: =IF(ISBLANK(Formato!H87),"N/A",IF(Formato!H87>0,FIXED(Formato!H87,Formato!$AF$22,TRUE))) -> 30,00001
H112: 5 | L112: =IF(ISBLANK(Formato!B88),"N/A",IF(Formato!B88>0,FIXED(Formato!B88,Formato!$AF$22,TRUE))) -> 20,00000 | P112: =IF(ISBLANK(Formato!H88),"N/A",IF(Formato!H88>0,FIXED(Formato!H88,Formato!$AF$22,TRUE))) -> 30,00000
H113: 6 | L113: =IF(ISBLANK(Formato!B89),"N/A",IF(Formato!B89>0,FIXED(Formato!B89,Formato!$AF$22,TRUE))) -> N/A | P113: =IF(ISBLANK(Formato!H89),"N/A",IF(Formato!H89>0,FIXED(Formato!H89,Formato!$AF$22,TRUE))) -> N/A
H114: 7 | L114: =IF(ISBLANK(Formato!B90),"N/A",IF(Formato!B90>0,FIXED(Formato!B90,Formato!$AF$22,TRUE))) -> N/A | P114: =IF(ISBLANK(Formato!H90),"N/A",IF(Formato!H90>0,FIXED(Formato!H90,Formato!$AF$22,TRUE))) -> N/A
H115: 8 | L115: =IF(ISBLANK(Formato!B91),"N/A",IF(Formato!B91>0,FIXED(Formato!B91,Formato!$AF$22,TRUE))) -> N/A | P115: =IF(ISBLANK(Formato!H91),"N/A",IF(Formato!H91>0,FIXED(Formato!H91,Formato!$AF$22,TRUE))) -> N/A
H116: 9 | L116: =IF(ISBLANK(Formato!B92),"N/A",IF(Formato!B92>0,FIXED(Formato!B92,Formato!$AF$22,TRUE))) -> N/A | P116: =IF(ISBLANK(Formato!H92),"N/A",IF(Formato!H92>0,FIXED(Formato!H92,Formato!$AF$22,TRUE))) -> N/A
H117: 10 | L117: =IF(ISBLANK(Formato!B93),"N/A",IF(Formato!B93>0,FIXED(Formato!B93,Formato!$AF$22,TRUE))) -> N/A | P117: =IF(ISBLANK(Formato!H93),"N/A",IF(Formato!H93>0,FIXED(Formato!H84,Formato!$AF$22,TRUE))) -> N/A
H118: =CONCATENATE("Desviación Est."," ","(",Formato!$I$20,") ") -> Desviación Est. (g) | L118: =IF(ISBLANK(Formato!B94),"-----",IF(Formato!B94>=0,FIXED(Formato!B94,Formato!$AF$22+2,TRUE))) -> 0,0000055 | P118: =IF(ISBLANK(Formato!H94),"---",IF(Formato!H94>=0,FIXED(Formato!H94,Formato!$AF$22+2,TRUE))) -> 0,0000084
A120: Prueba para los errores de las indicaciones | AB120: Para CMC:
A122: La prueba se realizó conforme el numeral 5.2 de la Guía SIM MWG7/cg-01/v.00:2009 los datos obtenidos en esta prueba se pueden observar en la siguiente tabla, con su respectiva gráfica. | AB122: Urel (min) | AC122: =IF(AB128=0,MIN(AC129:AC138),MIN(AC128:AC138)) -> 2.3190742e-06
AB123: Urel (max) | AC123: =IF(AB128=0,MAX(AC129:AC138),MAX(AC128:AC138)) -> 0.0024
E125: =IF(OR(E19="Balanza analítica",E19="Balanza semianalítica",E19="Balanza"),CONCATENATE("Valor convencional"," ","(",Formato!I20,")"),CONCATENATE("Carga "," ","( ",Formato!I20," )",)) -> Carga ( g ) | H125: ="Valor de la " &+Formato!X81 -> Valor de la Indicacion del Instrumento ( g ) | L125: ="Error ( "&Formato!I20&" )" -> Error ( g ) | P125: =CONCATENATE(" Incertidumbre expandida"," ","( ",Formato!$I$20," )") -> Incertidumbre expandida ( g ) | R125: Factor de cobertura [ k ] | S125: Conformidad | W125: -EMP Lineal
W126: EMP Lineal | X126: EMP Lineal | Z126: cifras significativas | AA126: Decimales | AB126: Carga | AC126: IR | AE126: Comparación con d | AI126: Diferencia | AJ126: Ajustar ? | AK126: V Ajuste | AL126: V Adj | AM126: Confirmación ajuste | AN126: Uc Sin Ajt | AO126: Uc Con Ajt | AP126: Decimal | AQ126: Redondeo
A127: =W127-U127 -> -2.3459923e-05 | B127: =X127+U127 -> 2.3459923e-05 | C127: =Calculos!H22 -> 0 | D127: =Formato!AI82 -> ** | E127: =IF(Formato!T82="","",FIXED(Formato!T82,Z127,TRUE)) -> 0,000000 | H127: =IF(ISBLANK(Formato!X82),"",IF(Formato!X82>=0,FIXED(Formato!X82,Formato!$AF$22,TRUE))) -> 0,00000 | L127: =FIXED(V127,Z127) -> 0,000000 | P127: =FIXED(IF(ISERROR(U127),"",('Estimación de la Incertidumbre'!S40)),Z127) -> 0,000023 | R127: ='Estimación de la Incertidumbre'!S$39 -> 2.52 | S127: =Formato!AM82 -> N.A. | U127: ='Estimación de la Incertidumbre'!S40 -> 2.3459923e-05 | V127: =IF(E127="","",IF(E127>0,H127-Calculos!H22,Z127)) -> 0 | W127: =Formato!$G$21 -> 0 | X127: =-W127 -> 0 | Z127: 6 | AA127: 0
A128: =W128-U128 -> -2.402859e-05 | B128: =X128+U128 -> 2.402859e-05 | C128: =Calculos!H23 -> 0.0099997011 | D128: =Formato!AI87 | E128: =IF(Formato!T87="","",FIXED(Calculos!H23,Z128,TRUE)) -> 0,010000 | H128: =IF(ISBLANK(Formato!X87),"",IF(Formato!X87>=0,FIXED(Formato!X87,Formato!$AF$22,TRUE))) -> 0,01000 | L128: =FIXED(V128,Z128) -> 0,000000 | P128: =FIXED(IF(ISERROR(U128),"",('Estimación de la Incertidumbre'!H40)),Z128) -> 0,000024 | R128: ='Estimación de la Incertidumbre'!H$39 -> 2.52 | S128: =Formato!AM87 -> N.A. | U128: ='Estimación de la Incertidumbre'!H40 -> 2.402859e-05 | V128: =IF(E128="","",IF(E128>0,H128-Calculos!H23,Z128)) -> 2.9894352e-07 | W128: =Formato!$G$21 -> 0 | X128: =-W128 -> 0 | Z128: 6 | AA128: 0 | AB128: =Formato!T83*Formato!AE83+Formato!T84*Formato!AE84+Formato!T85*Formato!AE85+Formato!T86*Formato!AE86 -> 0.01 | AC128: =P128/AB128 -> 0.0024 | AE128: =" Uexp Es "&P128/Formato!$AE$20&" veces d" -> Uexp Es 2,4 veces d | AH128: =IF('Estimación de la Incertidumbre'!H40/AB128<$AE$143,"Revisar","OK") -> OK | AI128: =$AE$143-AC128 -> -0.0023987 | AK128: =IF(AH128="OK","",AB128*AI128) | AL128: =(AB128*$AE$143)-'Estimación de la Incertidumbre'!H40 -> -2.401559e-05 | AM128: =(P128)/AB128 -> 0.0024 | AN128: ='Estimación de la Incertidumbre'!H40 -> 2.402859e-05 | AO128: ='Estimación de la Incertidumbre'!H40+AK128 -> #VALUE! | AP128: =FIXED(P128,Z128) -> 0,000024 | AQ128: =ROUND(P128,Z128) -> 2.4e-05 | AS128: =ISNUMBER(AP128) -> FALSE | AT128: =ISNUMBER(AQ128) -> TRUE
A129: =W129-U129 -> -4.4398152e-05 | B129: =X129+U129 -> 4.4398152e-05 | C129: =Calculos!H28 -> 3.9999944 | D129: =Formato!AI92 | E129: =IF(Formato!T92="","",FIXED(Calculos!H28,Z129,TRUE)) -> 3,999994 | H129: =IF(ISBLANK(Formato!X92),"",IF(Formato!X92>0,FIXED(Formato!X92,Formato!$AF$22,TRUE))) -> 4,00000 | L129: =FIXED(V129,Z129) -> 0,000006 | P129: =FIXED(IF(ISERROR(U129),"",IF(AJ129="Si",'Estimación de la Incertidumbre'!I40+AK129,'Estimación de la Incertidumbre'!I40)),Z129) -> 0,000044 | R129: ='Estimación de la Incertidumbre'!I39 -> 2.02 | S129: =Formato!AM92 -> N.A. | U129: ='Estimación de la Incertidumbre'!I40 -> 4.4398152e-05 | V129: =IF(E129="","",IF(E129>0,H129-Calculos!H28)) -> 5.5773944e-06 | W129: =Formato!$G$21 -> 0 | X129: =-W129 -> 0 | Z129: 6 | AA129: 0 | AB129: =Formato!T88*Formato!AE88+Formato!T89*Formato!AE89+Formato!T90*Formato!AE90+Formato!T91*Formato!AE91 -> 4 | AC129: ='Estimación de la Incertidumbre'!I40/AB129 -> 1.1099538e-05 | AE129: =" Uexp Es "&P129/Formato!$AE$20&" veces d" -> Uexp Es 4,4 veces d | AH129: =IF('Estimación de la Incertidumbre'!I40/AB129<$AE$143,"Revisar","OK") -> OK | AI129: =$AE$143-AC129 -> -9.7995381e-06 | AK129: =IF(AH129="OK","",AB129*AI129) | AL129: =(AB129*$AE$143)-'Estimación de la Incertidumbre'!I40 -> -3.9198152e-05 | AM129: =(P129)/AB129 -> 1.1e-05 | AN129: ='Estimación de la Incertidumbre'!I40 -> 4.4398152e-05 | AO129: ='Estimación de la Incertidumbre'!I40+AK129 -> #VALUE! | AP129: =FIXED(P129,Z129) -> 0,000044 | AQ129: =ROUND(P129,Z129) -> 4.4e-05
A130: =W130-U130 -> -6.4456648e-05 | B130: =X130+U130 -> 6.4456648e-05 | C130: =Calculos!H33 -> 7.9999878 | D130: =Formato!AI97 | E130: =IF(Formato!T97="","",FIXED(Calculos!H33,Z130,TRUE)) -> 7,999988 | H130: =IF(ISBLANK(Formato!X97),"",IF(Formato!X97>0,FIXED(Formato!X97,Formato!$AF$22,TRUE))) -> 8,00000 | L130: =FIXED(V130,Z130) -> 0,000012 | P130: =FIXED(IF(ISERROR(U130),"",IF(AJ130="Si",'Estimación de la Incertidumbre'!J40+AK130,'Estimación de la Incertidumbre'!J40)),Z130) -> 0,000064 | R130: ='Estimación de la Incertidumbre'!J39 -> 2.01 | S130: =Formato!AM97 -> N.A. | U130: ='Estimación de la Incertidumbre'!J40 -> 6.4456648e-05 | V130: =IF(E130="","",IF(E130>0,H130-Calculos!H33)) -> 1.2154789e-05 | W130: =Formato!$G$21 -> 0 | X130: =-W130 -> 0 | Z130: 6 | AA130: 0 | AB130: =Formato!T93*Formato!AE93+Formato!T94*Formato!AE94+Formato!T95*Formato!AE95+Formato!T96*Formato!AE96 -> 8 | AC130: ='Estimación de la Incertidumbre'!J40/AB130 -> 8.057081e-06 | AE130: =" Uexp Es "&P130/Formato!$AE$20&" veces d" -> Uexp Es 6,4 veces d | AH130: =IF('Estimación de la Incertidumbre'!J40/AB130<$AE$143,"Revisar","OK") -> OK | AI130: =$AE$143-AC130 -> -6.757081e-06 | AK130: =IF(AH130="OK","",AB130*AI130) | AL130: =(AB130*$AE$143)-'Estimación de la Incertidumbre'!J40 -> -5.4056648e-05 | AM130: =(P130)/AB130 -> 8e-06 | AN130: ='Estimación de la Incertidumbre'!J40 -> 6.4456648e-05 | AO130: ='Estimación de la Incertidumbre'!J40+AK130 -> #VALUE! | AP130: =FIXED(P130,Z130) -> 0,000064 | AQ130: =ROUND(P130,Z130) -> 6.4e-05
A131: =W131-U131 -> -5.5921729e-05 | B131: =X131+U131 -> 5.5921729e-05 | C131: =Calculos!H38 -> 12.000001 | D131: =Formato!AI102 | E131: =IF(Formato!T102="","",FIXED(Calculos!H38,Z131,TRUE)) -> 12,000001 | H131: =IF(ISBLANK(Formato!X102),"",IF(Formato!X102>0,FIXED(Formato!X102,Formato!$AF$22,TRUE))) -> 12,00000 | L131: =FIXED(V131,Z131) -> -0,000001 | P131: =FIXED(IF(ISERROR(U131),"",IF(AJ131="Si",'Estimación de la Incertidumbre'!K40+AK131,'Estimación de la Incertidumbre'!K40)),Z131) -> 0,000056 | R131: ='Estimación de la Incertidumbre'!K39 -> 2.01 | S131: =Formato!AM102 -> N.A. | U131: ='Estimación de la Incertidumbre'!K40 -> 5.5921729e-05 | V131: =IF(E131="","",IF(E131>0,H131-Calculos!H38)) -> -1.2678196e-06 | W131: =Formato!$G$21 -> 0 | X131: =-W131 -> 0 | Z131: 6 | AA131: 0 | AB131: =Formato!T98*Formato!AE98+Formato!T99*Formato!AE99+Formato!T100*Formato!AE100+Formato!T101*Formato!AE101 -> 12 | AC131: ='Estimación de la Incertidumbre'!K40/AB131 -> 4.6601441e-06 | AE131: =" Uexp Es "&P131/Formato!$AE$20&" veces d" -> Uexp Es 5,6 veces d | AH131: =IF('Estimación de la Incertidumbre'!K40/AB131<$AE$143,"Revisar","OK") -> OK | AI131: =$AE$143-AC131 -> -3.3601441e-06 | AK131: =IF(AH131="OK","",AB131*AI131) | AL131: =(AB131*$AE$143)-'Estimación de la Incertidumbre'!K40 -> -4.0321729e-05 | AM131: =(P131)/AB131 -> 4.6666667e-06 | AN131: ='Estimación de la Incertidumbre'!K40 -> 5.5921729e-05 | AO131: ='Estimación de la Incertidumbre'!K40+AK131 -> #VALUE! | AP131: =FIXED(P131,Z131) -> 0,000056 | AQ131: =ROUND(P131,Z131) -> 5.6e-05
A132: =W132-U132 -> -6.1885758e-05 | B132: =X132+U132 -> 6.1885758e-05 | C132: =Calculos!H43 -> 15 | D132: =Formato!AI107 | E132: =IF(Formato!T107="","",FIXED(Calculos!H43,Z132,TRUE)) -> 15,000000 | H132: =IF(ISBLANK(Formato!X107),"",IF(Formato!X107>0,FIXED(Formato!X107,Formato!$AF$22,TRUE))) -> 15,00001 | L132: =FIXED(V132,Z132) -> 0,000010 | P132: =FIXED(IF(ISERROR(U132),"",IF(AJ132="Si",'Estimación de la Incertidumbre'!L40+AK132,'Estimación de la Incertidumbre'!L40)),Z132) -> 0,000062 | R132: ='Estimación de la Incertidumbre'!L39 -> 2.01 | S132: =Formato!AM107 -> N.A. | U132: ='Estimación de la Incertidumbre'!L40 -> 6.1885758e-05 | V132: =IF(E132="","",IF(E132>0,H132-Calculos!H43)) -> 1.0415226e-05 | W132: =Formato!$G$21 -> 0 | X132: =-W132 -> 0 | Z132: 6 | AA132: 0 | AB132: =Formato!T103*Formato!AE103+Formato!T104*Formato!AE104+Formato!T105*Formato!AE105+Formato!T106*Formato!AE106 -> 15 | AC132: ='Estimación de la Incertidumbre'!L40/AB132 -> 4.1257172e-06 | AE132: =" Uexp Es "&P132/Formato!$AE$20&" veces d" -> Uexp Es 6,2 veces d | AH132: =IF('Estimación de la Incertidumbre'!L40/AB132<$AE$143,"Revisar","OK") -> OK | AI132: =$AE$143-AC132 -> -2.8257172e-06 | AK132: =IF(AH132="OK","",AB132*AI132) | AL132: =(AB132*$AE$143)-'Estimación de la Incertidumbre'!L40 -> -4.2385758e-05 | AM132: =(P132)/AB132 -> 4.1333333e-06 | AN132: ='Estimación de la Incertidumbre'!L40 -> 6.1885758e-05 | AO132: ='Estimación de la Incertidumbre'!L40+AK132 -> #VALUE! | AP132: =FIXED(P132,Z132) -> 0,000062 | AQ132: =ROUND(P132,Z132) -> 6.2e-05
A133: =W133-U133 -> -4.9375364e-05 | B133: =X133+U133 -> 4.9375364e-05 | C133: =Calculos!H48 -> 19.999996 | D133: =Formato!AI112 | E133: =IF(Formato!T112="","",FIXED(Calculos!H48,Z133,TRUE)) -> 19,999996 | H133: =IF(ISBLANK(Formato!X112),"",IF(Formato!X112>0,FIXED(Formato!X112,Formato!$AF$22,TRUE))) -> 20,00000 | L133: =FIXED(V133,Z133) -> 0,000004 | P133: =FIXED(IF(ISERROR(U133),"",IF(AJ133="Si",'Estimación de la Incertidumbre'!M40+AK133,'Estimación de la Incertidumbre'!M40)),Z133) -> 0,000049 | R133: ='Estimación de la Incertidumbre'!M39 -> 2.02 | S133: =Formato!AM112 -> N.A. | U133: ='Estimación de la Incertidumbre'!M40 -> 4.9375364e-05 | V133: =IF(E133="","",IF(E133>0,H133-Calculos!H48)) -> 3.8869686e-06 | W133: =Formato!$G$21 -> 0 | X133: =-W133 -> 0 | Z133: 6 | AA133: 0 | AB133: =Formato!T108*Formato!AE108+Formato!T109*Formato!AE109+Formato!T110*Formato!AE110+Formato!T111*Formato!AE111 -> 20 | AC133: ='Estimación de la Incertidumbre'!M40/AB133 -> 2.4687682e-06 | AE133: =" Uexp Es "&P133/Formato!$AE$20&" veces d" -> Uexp Es 4,9 veces d | AH133: =IF('Estimación de la Incertidumbre'!M40/AB133<$AE$143,"Revisar","OK") -> OK | AI133: =$AE$143-AC133 -> -1.1687682e-06 | AK133: =IF(AH133="OK","",AB133*AI133) | AL133: =(AB133*$AE$143)-'Estimación de la Incertidumbre'!M40 -> -2.3375364e-05 | AM133: =(P133)/AB133 -> 2.45e-06 | AN133: ='Estimación de la Incertidumbre'!M40 -> 4.9375364e-05 | AO133: ='Estimación de la Incertidumbre'!M40+AK133 -> #VALUE! | AP133: =FIXED(P133,Z133) -> 0,000049 | AQ133: =ROUND(P133,Z133) -> 4.9e-05
A134: =W134-U134 -> -7.3328671e-05 | B134: =X134+U134 -> 7.3328671e-05 | C134: =Calculos!H53 -> 24.999985 | D134: =Formato!AI117 | E134: =IF(Formato!T117="","",FIXED(Calculos!H53,Z134,TRUE)) -> 24,999985 | H134: =IF(ISBLANK(Formato!X117),"",IF(Formato!X117>0,FIXED(Formato!X117,Formato!$AF$22,TRUE))) -> 25,00001 | L134: =FIXED(V134,Z134) -> 0,000025 | P134: =FIXED(IF(ISERROR(U134)," ",IF(AJ134="Si",'Estimación de la Incertidumbre'!N40+AK134,'Estimación de la Incertidumbre'!N40)),Z134) -> 0,000073 | R134: ='Estimación de la Incertidumbre'!N39 -> 2.01 | S134: =Formato!AM117 -> N.A. | U134: ='Estimación de la Incertidumbre'!N40 -> 7.3328671e-05 | V134: =IF(E134="","",IF(E134>0,H134-Calculos!H53)) -> 2.5358712e-05 | W134: =Formato!$G$21 -> 0 | X134: =-W134 -> 0 | Z134: 6 | AA134: 0 | AB134: =Formato!T113*Formato!AE113+Formato!T114*Formato!AE114+Formato!T115*Formato!AE115+Formato!T116*Formato!AE116 -> 25 | AC134: ='Estimación de la Incertidumbre'!N40/AB134 -> 2.9331469e-06 | AE134: =" Uexp Es "&P134/Formato!$AE$20&" veces d" -> Uexp Es 7,3 veces d | AH134: =IF('Estimación de la Incertidumbre'!N40/AB134<$AE$143,"Revisar","OK") -> OK | AI134: =$AE$143-AC134 -> -1.6331469e-06 | AK134: =IF(AH134="OK","",AB134*AI134) | AL134: =(AB134*$AE$143)-'Estimación de la Incertidumbre'!N40 -> -4.0828671e-05 | AM134: =(P134)/AB134 -> 2.92e-06 | AN134: ='Estimación de la Incertidumbre'!N40 -> 7.3328671e-05 | AO134: ='Estimación de la Incertidumbre'!N40+AK134 -> #VALUE! | AP134: =FIXED(P134,Z134) -> 0,000073 | AQ134: =ROUND(P134,Z134) -> 7.3e-05
A135: =W135-U135 -> -9.2338128e-05 | B135: =X135+U135 -> 9.2338128e-05 | C135: =Calculos!H58 -> 26.999975 | D135: =Formato!AI122 | E135: =IF(Formato!T122="","",FIXED(Calculos!H58,Z135,TRUE)) -> 26,999975 | H135: =IF(ISBLANK(Formato!X122),"",IF(Formato!X122>0,FIXED(Formato!X122,Formato!$AF$22,TRUE))) -> 27,00001 | L135: =FIXED(V135,Z135) -> 0,000035 | P135: =FIXED(IF(ISERROR(U135),"",IF(AJ135="Si",'Estimación de la Incertidumbre'!O40+AK135,'Estimación de la Incertidumbre'!O40)),Z135) -> 0,000092 | R135: ='Estimación de la Incertidumbre'!O39 -> 2.01 | S135: =Formato!AM122 -> N.A. | U135: ='Estimación de la Incertidumbre'!O40 -> 9.2338128e-05 | V135: =IF(E135="","",IF(E135>0,H135-Calculos!H58)) -> 3.514741e-05 | W135: =Formato!$G$21 -> 0 | X135: =-W135 -> 0 | Z135: 6 | AA135: 0 | AB135: =Formato!T118*Formato!AE118+Formato!T119*Formato!AE119+Formato!T120*Formato!AE120+Formato!T121*Formato!AE121 -> 27 | AC135: ='Estimación de la Incertidumbre'!O40/AB135 -> 3.4199307e-06 | AE135: =" Uexp Es "&P135/Formato!$AE$20&" veces d" -> Uexp Es 9,2 veces d | AH135: =IF('Estimación de la Incertidumbre'!O40/AB135<$AE$143,"Revisar","OK") -> OK | AI135: =$AE$143-AC135 -> -2.1199307e-06 | AK135: =IF(AH135="OK","",AB135*AI135) | AL135: =(AB135*$AE$143)-'Estimación de la Incertidumbre'!O40 -> -5.7238128e-05 | AM135: =(P135)/AB135 -> 3.4074074e-06 | AN135: ='Estimación de la Incertidumbre'!O40 -> 9.2338128e-05 | AO135: ='Estimación de la Incertidumbre'!O40+AK135 -> #VALUE! | AP135: =FIXED(P135,Z135) -> 0,000092 | AQ135: =ROUND(P135,Z135) -> 9.2e-05
A136: =W136-U136 -> -8.1052708e-05 | B136: =X136+U136 -> 8.1052708e-05 | C136: =Calculos!H63 -> 30.000007 | D136: =Formato!AI127 | E136: =IF(Formato!T127="","",FIXED(Calculos!H63,Z136,TRUE)) -> 30,000007 | H136: =IF(ISBLANK(Formato!X127),"",IF(Formato!X127>0,FIXED(Formato!X127,Formato!$AF$22,TRUE))) -> 30,00001 | L136: =FIXED(V136,Z136) -> 0,000003 | P136: =FIXED(IF(ISERROR(U136),"",IF(AJ136="Si",'Estimación de la Incertidumbre'!P40+AK136,'Estimación de la Incertidumbre'!P40)),Z136) -> 0,000081 | R136: ='Estimación de la Incertidumbre'!P39 -> 2.01 | S136: =Formato!AM127 -> N.A. | U136: ='Estimación de la Incertidumbre'!P40 -> 8.1052708e-05 | V136: =IF(E136="","",IF(E136>0,(H136-Calculos!H63))) -> 2.8304511e-06 | W136: =Formato!$G$21 -> 0 | X136: =-W136 -> 0 | Z136: 6 | AA136: 0 | AB136: =Formato!T123*Formato!AE123+Formato!T124*Formato!AE124+Formato!T125*Formato!AE125+Formato!T126*Formato!AE126 -> 30 | AC136: ='Estimación de la Incertidumbre'!P40/AB136 -> 2.7017569e-06 | AE136: =" Uexp Es "&P136/Formato!$AE$20&" veces d" -> Uexp Es 8,1 veces d | AH136: =IF('Estimación de la Incertidumbre'!P40/AB136<$AE$143,"Revisar","OK") -> OK | AI136: =$AE$143-AC136 -> -1.4017569e-06 | AK136: =IF(AH136="OK","",AB136*AI136) | AL136: =(AB136*$AE$143)-'Estimación de la Incertidumbre'!P40 -> -4.2052708e-05 | AM136: =(P136)/AB136 -> 2.7e-06 | AN136: ='Estimación de la Incertidumbre'!P40 -> 8.1052708e-05 | AO136: ='Estimación de la Incertidumbre'!P40+AK136 -> #VALUE! | AP136: =FIXED(P136,Z136) -> 0,000081 | AQ136: =ROUND(P136,Z136) -> 8.1e-05 | AT136: =IF(COUNT(AJ128:AJ138)=0,1,2) -> 1
A137: =W137-U137 -> -0.00010577384 | B137: =X137+U137 -> 0.00010577384 | C137: =Calculos!H69 -> 34.999996 | D137: =Formato!AI133 | E137: =IF(Formato!T133="","",FIXED(Calculos!H69,Z137,TRUE)) -> 35,00000 | H137: =IF(ISBLANK(Formato!X133),"",IF(Formato!X133>0,FIXED(Formato!X133,Formato!$AF$22,TRUE))) -> 35,00002 | L137: =FIXED(V137,Z137) -> 0,00002 | P137: =FIXED(IF(ISERROR(U137),"",IF(AJ137="Si",'Estimación de la Incertidumbre'!Q40+AK137,'Estimación de la Incertidumbre'!Q40)),Z137) -> 0,00011 | R137: ='Estimación de la Incertidumbre'!Q39 -> 2.01 | S137: =Formato!AM133 -> N.A. | U137: ='Estimación de la Incertidumbre'!Q40 -> 0.00010577384 | V137: =IF(E137="","",IF(E137>0,H137-Calculos!H69)) -> 2.4302195e-05 | W137: =Formato!$G$21 -> 0 | X137: =-W137 -> 0 | Z137: 5 | AA137: 0 | AB137: =Formato!T128*Formato!AE128+Formato!T129*Formato!AE129+Formato!T130*Formato!AE130+Formato!T131*Formato!AE131+Formato!T132*Formato!AE132 -> 35 | AC137: ='Estimación de la Incertidumbre'!Q40/AB137 -> 3.0221098e-06 | AE137: =" Uexp Es "&P137/Formato!$AE$20&" veces d" -> Uexp Es 11 veces d | AH137: =IF('Estimación de la Incertidumbre'!Q40/AB137<$AE$143,"Revisar","OK") -> OK | AI137: =$AE$143-AC137 -> -1.7221098e-06 | AK137: =IF(AH137="OK","",AB137*AI137) | AL137: =(AB137*$AE$143)-'Estimación de la Incertidumbre'!Q40 -> -6.0273844e-05 | AM137: =(P137)/AB137 -> 3.1428571e-06 | AN137: ='Estimación de la Incertidumbre'!Q40 -> 0.00010577384 | AO137: ='Estimación de la Incertidumbre'!Q40+AK137 -> #VALUE! | AP137: =FIXED(P137,Z137) -> 0,00011 | AQ137: =ROUND(P137,Z137) -> 0.00011
A138: =W138-U138 -> -9.2762967e-05 | B138: =X138+U138 -> 9.2762967e-05 | C138: =Calculos!H75 -> 39.999998 | D138: =Formato!AI139 | E138: =IF(Formato!T139="","",FIXED(Calculos!H75,Z138,TRUE)) -> 39,999998 | H138: =IF(ISBLANK(Formato!X139),"",IF(Formato!X139>0,FIXED(Formato!X139,Formato!$AF$22,TRUE))) -> 40,00002 | L138: =FIXED(V138,Z138) -> 0,000022 | P138: =FIXED(IF(ISERROR(U138),"",IF(AJ138="Si",'Estimación de la Incertidumbre'!R40+AK138,'Estimación de la Incertidumbre'!R40)),Z138) -> 0,000093 | R138: ='Estimación de la Incertidumbre'!R39 -> 2.01 | S138: =Formato!AM139 -> N.A. | U138: ='Estimación de la Incertidumbre'!R40 -> 9.2762967e-05 | V138: =IF(E138="","",IF(E138>0,H138-Calculos!H75)) -> 2.1773937e-05 | W138: =Formato!$G$21 -> 0 | X138: =-W138 -> 0 | Z138: 6 | AA138: 0 | AB138: =Formato!T134*Formato!AE134+Formato!T135*Formato!AE135+Formato!T136*Formato!AE136+Formato!T137*Formato!AE137+Formato!T138*Formato!AE138 -> 40 | AC138: ='Estimación de la Incertidumbre'!R40/AB138 -> 2.3190742e-06 | AE138: =" Uexp Es "&P138/Formato!$AE$20&" veces d" -> Uexp Es 9,3 veces d | AH138: =IF('Estimación de la Incertidumbre'!R40/AB138<$AE$143,"Revisar","OK") -> OK | AI138: =$AE$143-AC138 -> -1.0190742e-06 | AK138: =IF(AH138="OK","",AB138*AI138) | AL138: =(AB138*$AE$143)-'Estimación de la Incertidumbre'!R40 -> -4.0762967e-05 | AM138: =(P138)/AB138 -> 2.325e-06 | AN138: ='Estimación de la Incertidumbre'!R40 -> 9.2762967e-05 | AO138: ='Estimación de la Incertidumbre'!R40+AK138 -> #VALUE! | AP138: =FIXED(P138,Z138) -> 0,000093 | AQ138: =ROUND(P138,Z138) -> 9.3e-05
V139: Página 2 de 3
...

Sheet Estimación de la Incertidumbre
A1: Plantilla Incertidumbre
A2: CODIGO: | F2: LC-FR-08 | H2: VERSION: | J2: 03 | BS2: =((0.34848*AVERAGE(Formato!U44:U45)+-0.009*AVERAGE(Formato!P44:P45)*EXP(0.061*AVERAGE(Formato!L44:L45)))/(273.15+AVERAGE(Formato!L44:L45)))/1000 -> 0.0010498157 | BZ2: ρkg/m3 | CA2: uρ g/cm3 | CB2: ρ kg/m3 | CC2: uρ g/cm3
A3: Revisó: | F3: ='Certificado de calibración'!D3 -> 0 | H3: Aprobó: | J3: Gerente General | BQ3: ρa | BR3: ƍacal= ( Densidad Aire en Sitio) | BS3: =((0.34848*AVERAGE(Formato!U45)+-0.009*AVERAGE(Formato!P45)*EXP(0.061*AVERAGE(Formato!L45)))/(273.15+AVERAGE(Formato!L45)))/1000 -> 0.0010488867 | BT3: g/cm3 | BU3: Uex | BV3: 2.4e-07 | BW3: =+BT3 -> g/cm3 | BX3: Plata | BZ3: 8600 | CA3: =BZ3/1000 -> 8.6 | CB3: 85 | CC3: =CB3/1000 -> 0.085
A4: Fecha: | F4: 45481 | H4: Fecha: | J4: 45502 | BQ4: ρ0 | BR4: ƍo= ( Densidad Aire Condiciones Ideales) | BS4: =1.2/1000 -> 0.0012 | BT4: =+BT3 -> g/cm3 | BU4: Uex | BV4: =+BV3 -> 2.4e-07 | BW4: =+BT4 -> g/cm3 | BX4: Laton | BZ4: 8400 | CA4: =BZ4/1000 -> 8.4 | CB4: 85 | CC4: =CB4/1000 -> 0.085
BQ5: ρ | BR5: ƍcal= ( Densidad Pesas Utilizadas) | BS5: =+VLOOKUP(Formato!I36,'Errores Patrones'!AB4:AG25,6,0) -> 7.95 | BT5: =+BT4 -> g/cm3 | BU5: Uex | BV5: =VLOOKUP(BS5,CA3:CC8,3,FALSE) -> 0.07 | BW5: =+BW4 -> g/cm3 | BX5: SS | BZ5: 7950 | CA5: =BZ5/1000 -> 7.95 | CB5: 70 | CC5: =CB5/1000 -> 0.07
A6: =CONCATENATE("PRESUPUESTO PARA ",'Certificado de calibración'!A1," ",'Certificado de calibración'!D2," v",'Certificado de calibración'!K2) -> PRESUPUESTO PARA v | AO6: 1 | AP6: 2 | AQ6: 3 | AR6: 4 | AS6: 5 | AT6: 6 | AU6: 7 | AV6: 8 | AW6: 9 | AX6: 10 | AY6: 11 | AZ6: 12 | BC6: 1 | BD6: 2 | BE6: 3 | BF6: 4 | BG6: 5 | BH6: 6 | BI6: 7 | BJ6: 8 | BK6: 9 | BL6: 10 | BM6: 11 | BN6: 12 | BQ6: ρc | BR6: ƍC= ( Densidad Estandar Pesas ) | BS6: 8 | BT6: =+BT5 -> g/cm3 | BU6: Uex | BV6: =70/1000 -> 0.07 | BW6: =+BW5 -> g/cm3 | BX6: Hierro F Blanco | BZ6: 7700 | CA6: =BZ6/1000 -> 7.7 | CB6: 200 | CC6: =CB6/1000 -> 0.2
BX7: Hierro F Gris | BZ7: 7100 | CA7: =BZ7/1000 -> 7.1 | CB7: 300 | CC7: =CB7/1000 -> 0.3
AO8: Carga | BX8: Aluminio | BZ8: 2700 | CA8: =BZ8/1000 -> 2.7 | CB8: 65 | CC8: =CB8/1000 -> 0.065
A9: Fuentes de incertidumbre | H9: =CONCATENATE("Cargas aplicadas"," ","(",Formato!$I$20,")") -> Cargas aplicadas (g) | AO9: =H10 -> 0.01 | AP9: =I10 -> 4 | AQ9: =J10 -> 8 | AR9: =K10 -> 12 | AS9: =L10 -> 15 | AT9: =M10 -> 20 | AU9: =N10 -> 25 | AV9: =O10 -> 27 | ... AY9: =R10 -> 40 | AZ9: 0 | BA9: =Formato!I20 -> g
H10: =IF(ISBLANK(Formato!T87),"",Formato!T87) -> 0.01 | I10: =IF(ISBLANK(Formato!T92),"",Formato!T92) -> 4 | J10: =IF(ISBLANK(Formato!T97),"",Formato!T97) -> 8 | K10: =IF(ISBLANK(Formato!T102),"",Formato!T102) -> 12 | L10: =IF(ISBLANK(Formato!T107),"",Formato!T107) -> 15 | M10: =IF(ISBLANK(Formato!T112),"",Formato!T112) -> 20 | N10: =IF(ISBLANK(Formato!T117),"",Formato!T117) -> 25 | O10: =IF(ISBLANK(Formato!T122),"",Formato!T122) -> 27 | P10: =IF(ISBLANK(Formato!T127),"",Formato!T127) -> 30 | Q10: =IF(ISBLANK(Formato!T133),"",Formato!T133) -> 35 | R10: =IF(ISBLANK(Formato!T139),"",Formato!T139) -> 40 | S10: =IF(ISBLANK(Formato!T82),"",Formato!T82) -> 0 | AO10: =IF(Formato!$I$20="g",AO9,IF(Formato!$I$20="mg",AO9/1000,IF(Formato!$I$20="kg",AO9*1000,))) -> 0.01 | AP10: =IF(Formato!$I$20="g",AP9,IF(Formato!$I$20="mg",AP9/1000,IF(Formato!$I$20="kg",AP9*1000,))) -> 4 | AQ10: =IF(Formato!$I$20="g",AQ9,IF(Formato!$I$20="mg",AQ9/1000,IF(Formato!$I$20="kg",AQ9*1000,))) -> 8 | AR10: =IF(Formato!$I$20="g",AR9,IF(Formato!$I$20="mg",AR9/1000,IF(Formato!$I$20="kg",AR9*1000,))) -> 12 | AS10: =IF(Formato!$I$20="g",AS9,IF(Formato!$I$20="mg",AS9/1000,IF(Formato!$I$20="kg",AS9*1000,))) -> 15 | AT10: =IF(Formato!$I$20="g",AT9,IF(Formato!$I$20="mg",AT9/1000,IF(Formato!$I$20="kg",AT9*1000,))) -> 20 | AU10: =IF(Formato!$I$20="g",AU9,IF(Formato!$I$20="mg",AU9/1000,IF(Formato!$I$20="kg",AU9*1000,))) -> 25 | AV10: =IF(Formato!$I$20="g",AV9,IF(Formato!$I$20="mg",AV9/1000,IF(Formato!$I$20="kg",AV9*1000,))) -> 27 | ... AZ10: =IF(Formato!$I$20="g",AZ9,IF(Formato!$I$20="mg",AZ9/1000,IF(Formato!$I$20="kg",AZ9*1000,))) -> 0 | BA10: g | BY10: 7.95 | BZ10: =VLOOKUP(BY10,CA3:CC8,3,FALSE) -> 0.07
A11: Error de redondeo de la indicación sin carga y con carga | G11: U Exp | H11: =IF(ISBLANK(Formato!AE20),"",Formato!$AE$20) -> 1e-05 | I11: =+H11 -> 1e-05 | J11: =+I11 -> 1e-05 | K11: =+J11 -> 1e-05 | L11: =+K11 -> 1e-05 | M11: =+L11 -> 1e-05 | N11: =+M11 -> 1e-05 | O11: =+N11 -> 1e-05 | P11: =+O11 -> 1e-05 | ... R11: =+Q11 -> 1e-05 | S11: =R11 -> 1e-05 | AI11: (7.1.1) | AJ11: Incertidumbre estándar de la indicación | AM11: Aportante | AN11: Distribucion
G12: K | H12: =IF(Formato!$E$17=Formato!$AZ$6,SQRT(12),SQRT(24)) -> 3.4641016 | I12: =IF(Formato!$E$17=Formato!$AZ$6,SQRT(12),SQRT(24)) -> 3.4641016 | J12: =IF(Formato!$E$17=Formato!$AZ$6,SQRT(12),SQRT(24)) -> 3.4641016 | K12: =IF(Formato!$E$17=Formato!$AZ$6,SQRT(12),SQRT(24)) -> 3.4641016 | L12: =IF(Formato!$E$17=Formato!$AZ$6,SQRT(12),SQRT(24)) -> 3.4641016 | M12: =IF(Formato!$E$17=Formato!$AZ$6,SQRT(12),SQRT(24)) -> 3.4641016 | N12: =IF(Formato!$E$17=Formato!$AZ$6,SQRT(12),SQRT(24)) -> 3.4641016 | O12: =IF(Formato!$E$17=Formato!$AZ$6,SQRT(12),SQRT(24)) -> 3.4641016 | ... S12: =IF(Formato!$E$17=Formato!$AZ$6,SQRT(12),SQRT(24)) -> 3.4641016 | AM12: Resolucion | AO12: =H11 -> 1e-05 | AP12: =I11 -> 1e-05 | AQ12: =J11 -> 1e-05 | AR12: =K11 -> 1e-05 | AS12: =L11 -> 1e-05 | AT12: =M11 -> 1e-05 | AU12: =N11 -> 1e-05 | AV12: =O11 -> 1e-05 | ... AZ12: =S11 -> 1e-05
G13: U estandar | H13: =H11/H12 -> 2.8867513e-06 | I13: =I11/I12 -> 2.8867513e-06 | J13: =J11/J12 -> 2.8867513e-06 | K13: =K11/K12 -> 2.8867513e-06 | L13: =L11/L12 -> 2.8867513e-06 | M13: =M11/M12 -> 2.8867513e-06 | N13: =N11/N12 -> 2.8867513e-06 | O13: =O11/O12 -> 2.8867513e-06 | ... S13: =S11/S12 -> 2.8867513e-06 | T13: =POWER(H13,4)/100 -> 6.9444444e-25 | U13: =POWER(I13,4)/100 -> 6.9444444e-25 | V13: =POWER(J13,4)/100 -> 6.9444444e-25 | W13: =POWER(K13,4)/100 -> 6.9444444e-25 | X13: =POWER(L13,4)/100 -> 6.9444444e-25 | Y13: =POWER(M13,4)/100 -> 6.9444444e-25 | Z13: =POWER(N13,4)/100 -> 6.9444444e-25 | AA13: =POWER(O13,4)/100 -> 6.9444444e-25 | ... AD13: =POWER(R13,4)/100 -> 6.9444444e-25 | AI13: (7.1-2a) | AK13: Redondeo ind con carga | AN13: Retangular | AO13: =AO12/SQRT(12) -> 2.8867513e-06
A14: Error de redondeo de la indicación sin carga y con carga | G14: U Exp | H14: =+H11 -> 1e-05 | I14: =+I11 -> 1e-05 | J14: =+J11 -> 1e-05 | K14: =+K11 -> 1e-05 | L14: =+L11 -> 1e-05 | M14: =+M11 -> 1e-05 | N14: =+N11 -> 1e-05 | O14: =+O11 -> 1e-05 | ... S14: =+S11 -> 1e-05 | AI14: (7.1-2a) | AK14: Redondeo ind sin carga | AN14: Retangular | AO14: =AO12/SQRT(12) -> 2.8867513e-06
G15: K | H15: =+H12 -> 3.4641016 | I15: =+I12 -> 3.4641016 | J15: =+J12 -> 3.4641016 | K15: =+K12 -> 3.4641016 | L15: =+L12 -> 3.4641016 | M15: =+M12 -> 3.4641016 | N15: =+N12 -> 3.4641016 | O15: =+O12 -> 3.4641016 | ... S15: =+S12 -> 3.4641016 | AK15: imperfecta repetibilidad | AM15: desvestd | AO15: =H17 -> 8.3666003e-06
G16: U estandar | H16: =+H13 -> 2.8867513e-06 | I16: =+I13 -> 2.8867513e-06 | J16: =+J13 -> 2.8867513e-06 | K16: =+K13 -> 2.8867513e-06 | L16: =+L13 -> 2.8867513e-06 | M16: =+M13 -> 2.8867513e-06 | N16: =+N13 -> 2.8867513e-06 | O16: =+O13 -> 2.8867513e-06 | ... S16: =+S13 -> 2.8867513e-06 | T16: =POWER(H16,4)/100 -> 6.9444444e-25 | U16: =POWER(I16,4)/100 -> 6.9444444e-25 | V16: =POWER(J16,4)/100 -> 6.9444444e-25 | W16: =POWER(K16,4)/100 -> 6.9444444e-25 | X16: =POWER(L16,4)/100 -> 6.9444444e-25 | Y16: =POWER(M16,4)/100 -> 6.9444444e-25 | Z16: =POWER(N16,4)/100 -> 6.9444444e-25 | AA16: =POWER(O16,4)/100 -> 6.9444444e-25 | ... AD16: =POWER(R16,4)/100 -> 6.9444444e-25 | AI16: (7.1.1-5) | AN16: Normal | AO16: =AO15 -> 8.3666003e-06
A17: Error debido a la imperfecta repetibilidad. | H17: =Formato!$H$95 -> 8.3666003e-06 | I17: =Formato!$H$95 -> 8.3666003e-06 | J17: =Formato!$H$95 -> 8.3666003e-06 | K17: =Formato!$H$95 -> 8.3666003e-06 | L17: =Formato!$H$95 -> 8.3666003e-06 | M17: =Formato!$H$95 -> 8.3666003e-06 | N17: =Formato!$H$95 -> 8.3666003e-06 | O17: =Formato!$H$95 -> 8.3666003e-06 | ... S17: =Formato!$H$95 -> 8.3666003e-06 | AK17: colocación del centro de gravedad de la carga | AM17: ∆i | AO17: =H20 -> 2e-07 | BR17: CASOS A PRESENTARSE GENERALES:
H18: =SQRT(COUNT(Formato!B84:E93)) -> 2.236068 | I18: =SQRT(COUNT(Formato!B84:E93)) -> 2.236068 | J18: =SQRT(COUNT(Formato!B84:E93)) -> 2.236068 | K18: =SQRT(COUNT(Formato!B84:E93)) -> 2.236068 | L18: =SQRT(COUNT(Formato!B84:E93)) -> 2.236068 | M18: =SQRT(COUNT(Formato!B84:E93)) -> 2.236068 | N18: =SQRT(COUNT(Formato!B84:E93)) -> 2.236068 | O18: =SQRT(COUNT(Formato!B84:E93)) -> 2.236068 | P18: =SQRT(COUNT(Formato!B84:E93)) -> 2.236068 | Q18: =SQRT(COUNT(Formato!B84:E93)) -> 2.236068 | R18: =SQRT(COUNT(Formato!B84:E93)) -> 2.236068 | S18: =SQRT(COUNT(Formato!M84:P93)) -> 0 | AM18: Lecc | AO18: =Formato!$K$65 -> 20 | BR18: A. Instrumento fue ajustado inmediatamente antes de la calibración.
G19: U estandar | H19: =H17 -> 8.3666003e-06 | I19: =I17 -> 8.3666003e-06 | J19: =J17 -> 8.3666003e-06 | K19: =K17 -> 8.3666003e-06 | L19: =L17 -> 8.3666003e-06 | M19: =M17 -> 8.3666003e-06 | N19: =N17 -> 8.3666003e-06 | O19: =O17 -> 8.3666003e-06 | ... S19: =S17 -> 8.3666003e-06 | T19: =POWER(H19,4)/4 -> 1.225e-21 | U19: =POWER(I19,4)/4 -> 1.225e-21 | V19: =POWER(J19,4)/4 -> 1.225e-21 | W19: =POWER(K19,4)/4 -> 1.225e-21 | X19: =POWER(L19,4)/4 -> 1.225e-21 | Y19: =POWER(M19,4)/4 -> 1.225e-21 | Z19: =POWER(N19,4)/4 -> 1.225e-21 | AA19: =POWER(O19,4)/4 -> 1.225e-21 | ... AD19: =POWER(R19,4)/4 -> 1.225e-21 | AI19: (7.1.1-10) | AN19: Retangular | AO19: =AO17/(2*AO18)/SQRT(3) -> 2.8867513e-09
A20: Error debido a la colocación del centro de gravedad de la carga de prueba fuera de la posición central del receptor de carga del instrumento. | G20: U Exp | H20: =+IF(H10="","",H10*Formato!$H$75) -> 2e-07 | I20: =+IF(I10="","",I10*Formato!$H$75) -> 8e-05 | J20: =+IF(J10="","",J10*Formato!$H$75) -> 0.00016 | K20: =+IF(K10="","",K10*Formato!$H$75) -> 0.00024 | L20: =+IF(L10="","",L10*Formato!$H$75) -> 0.0003 | M20: =+IF(M10="","",M10*Formato!$H$75) -> 0.0004 | N20: =+IF(N10="","",N10*Formato!$H$75) -> 0.0005 | O20: =+IF(O10="","",O10*Formato!$H$75) -> 0.00054 | ... S20: =+IF(S10="","",S10*Formato!$H$75) -> 0 | AI20: 7.1.2 | AJ20: Incertidumbre estándar de la masa de referencia | AK20: Masa de referencia | AM20: U masa | AO20: =H23 -> 2.7e-06
G21: K | H21: =(2*Formato!$K$65*SQRT(3)) -> 69.282032 | I21: =(2*Formato!$K$65*SQRT(3)) -> 69.282032 | J21: =(2*Formato!$K$65*SQRT(3)) -> 69.282032 | K21: =(2*Formato!$K$65*SQRT(3)) -> 69.282032 | L21: =(2*Formato!$K$65*SQRT(3)) -> 69.282032 | M21: =(2*Formato!$K$65*SQRT(3)) -> 69.282032 | N21: =(2*Formato!$K$65*SQRT(3)) -> 69.282032 | O21: =(2*Formato!$K$65*SQRT(3)) -> 69.282032 | ... S21: =(2*Formato!$K$65*SQRT(3)) -> 69.282032 | AI21: (7.1.2-2) | AN21: Normal | AO21: =AO20/2 -> 1.35e-06 | BR21: B. Instrumento fue ajustado independientemente de la calibración.
G22: U estandar | H22: =H20/H21 -> 2.8867513e-09 | I22: =I20/I21 -> 1.1547005e-06 | J22: =J20/J21 -> 2.3094011e-06 | K22: =K20/K21 -> 3.4641016e-06 | L22: =L20/L21 -> 4.330127e-06 | M22: =M20/M21 -> 5.7735027e-06 | N22: =N20/N21 -> 7.2168784e-06 | O22: =O20/O21 -> 7.7942286e-06 | ... S22: =S20/S21 -> 0 | T22: =POWER(H22,4)/100 -> 6.9444444e-37 | U22: =POWER(I22,4)/100 -> 1.7777778e-26 | V22: =POWER(J22,4)/100 -> 2.8444444e-25 | W22: =POWER(K22,4)/100 -> 1.44e-24 | X22: =POWER(L22,4)/100 -> 3.515625e-24 | Y22: =POWER(M22,4)/100 -> 1.1111111e-23 | Z22: =POWER(N22,4)/100 -> 2.7126736e-23 | AA22: =POWER(O22,4)/100 -> 3.6905625e-23 | ... AD22: =POWER(R22,4)/100 -> 1.7777778e-22 | AK22: Deriva. | AM22: U masa | AO22: =H26 -> 2.7e-06
A23: Incertidumbre por pesas patrón. | F23: mc | G23: U Exp | H23: =+IF(Calculos!I23="","",Calculos!I23) -> 2.7e-06 | I23: =+IF(Calculos!I28="","",Calculos!I28) -> 2.6e-05 | J23: =+IF(Calculos!I33="","",Calculos!I33) -> 4e-05 | K23: =+IF(Calculos!I38="","",Calculos!I38) -> 3.3e-05 | L23: =+IF(Calculos!I43="","",Calculos!I43) -> 3.7e-05 | M23: =+IF(Calculos!I48="","",Calculos!I48) -> 2.7e-05 | N23: =+IF(Calculos!I53="","",Calculos!I53) -> 4.4e-05 | O23: =+IF(Calculos!I58="","",Calculos!I58) -> 5.7e-05 | P23: =+IF(Calculos!I63="","",Calculos!I63) -> 4.7e-05 | Q23: =+IF(Calculos!I69="","",Calculos!I69) -> 6.4e-05 | R23: =+IF(Calculos!I75="","",Calculos!I75) -> 5.4e-05 | S23: 0 | AI23: (7.1.2-10) | AN23: Retangular | AO23: =AO22/SQRT(3) -> 1.5588457e-06
G24: K | H24: =+IF(Calculos!J23="","",Calculos!J23) -> 2 | I24: =+IF(Calculos!J28="","",Calculos!J28) -> 2 | J24: =+IF(Calculos!J33="","",Calculos!J33) -> 2 | K24: =+IF(Calculos!J38="","",Calculos!J38) -> 2 | L24: =+IF(Calculos!J43="","",Calculos!J43) -> 2 | M24: =+IF(Calculos!J48="","",Calculos!J48) -> 2 | N24: =+IF(Calculos!J53="","",Calculos!J53) -> 2 | O24: =+IF(Calculos!J58="","",Calculos!J58) -> 2 | P24: =+IF(Calculos!J63="","",Calculos!J63) -> 2 | Q24: =+IF(Calculos!J69="","",Calculos!J69) -> 2 | R24: =+IF(Calculos!J75="","",Calculos!J75) -> 2 | S24: 2 | AK24: Reproducibilidad | AM24: SR | AO24: =H29 -> 0 | BR24: MASA NOMINAL | BS24: =CONCATENATE("Cargas aplicadas"," ","(",Formato!$I$20,")") -> Cargas aplicadas (g)
G25: U estandar | H25: =IF(H23="N.A", "N.A",H23/H24) -> 1.35e-06 | I25: =IF(I23="N.A", "N.A",I23/I24) -> 1.3e-05 | J25: =IF(J23="N.A", "N.A",J23/J24) -> 2e-05 | K25: =IF(K23="N.A", "N.A",K23/K24) -> 1.65e-05 | L25: =IF(L23="N.A", "N.A",L23/L24) -> 1.85e-05 | M25: =IF(M23="N.A", "N.A",M23/M24) -> 1.35e-05 | N25: =IF(N23="N.A", "N.A",N23/N24) -> 2.2e-05 | O25: =IF(O23="N.A", "N.A",O23/O24) -> 2.85e-05 | ... S25: =IF(S23="N.A", "N.A",S23/S24) -> 0 | T25: =POWER(H25,4)/100 -> 3.3215062e-26 | U25: =POWER(I25,4)/100 -> 2.8561e-22 | V25: =POWER(J25,4)/100 -> 1.6e-21 | W25: =POWER(K25,4)/100 -> 7.4120063e-22 | X25: =POWER(L25,4)/100 -> 1.1713506e-21 | Y25: =POWER(M25,4)/100 -> 3.3215062e-22 | Z25: =POWER(N25,4)/100 -> 2.34256e-21 | AA25: =POWER(O25,4)/100 -> 6.5975006e-21 | ... AD25: =POWER(R25,4)/100 -> 5.31441e-21 | AN25: Normal | AO25: =AO24/1 -> 0 | BS25: ='Estimación de la Incertidumbre'!BX8 -> Aluminio | BT25: ='Estimación de la Incertidumbre'!BY8 -> 0 | BU25: ='Estimación de la Incertidumbre'!BZ8 -> 2700 | BV25: ='Estimación de la Incertidumbre'!CA8 -> 2.7 | BW25: ='Estimación de la Incertidumbre'!CB8 -> 65 | BX25: ='Estimación de la Incertidumbre'!CC8 -> 0.065 | BY25: ='Estimación de la Incertidumbre'!CD8 -> 0 | BZ25: ='Estimación de la Incertidumbre'!CE8 -> 0 | ... CC25: ='Estimación de la Incertidumbre'!CH8 -> 0
A26: Incertidumbre por deriva. | F26: mc | G26: Deriva | H26: =+IF(Calculos!K23="","",Calculos!K23) -> 2.7e-06 | I26: =+IF(Calculos!K28="","",Calculos!K28) -> 2.6e-05 | J26: =+IF(Calculos!K33="","",Calculos!K33) -> 4e-05 | K26: =+IF(Calculos!K38="","",Calculos!K38) -> 3.3e-05 | L26: =+IF(Calculos!K43="","",Calculos!K43) -> 3.7e-05 | M26: =+IF(Calculos!K48="","",Calculos!K48) -> 2.7e-05 | N26: =+IF(Calculos!K53="","",Calculos!K53) -> 4.4e-05 | O26: =+IF(Calculos!K58="","",Calculos!K58) -> 5.7e-05 | P26: =+IF(Calculos!K63="","",Calculos!K63) -> 4.7e-05 | Q26: =+IF(Calculos!K69="","",Calculos!K69) -> 6.4e-05 | R26: =+IF(Calculos!K75="","",Calculos!K75) -> 5.4e-05 | S26: 0 | AI26: (7.1.2-9) | AK26: Empuje | BR26: INDICACIÓN DE LECTURA | BS26: Indicación de Lectura de cada Carga (g)
G27: √3 | H27: =IF(ISBLANK($H$10),"",SQRT(3)) -> 1.7320508 | I27: =IF(ISBLANK($H$10),"",SQRT(3)) -> 1.7320508 | J27: =IF(ISBLANK($H$10),"",SQRT(3)) -> 1.7320508 | K27: =IF(ISBLANK($H$10),"",SQRT(3)) -> 1.7320508 | L27: =IF(ISBLANK($H$10),"",SQRT(3)) -> 1.7320508 | M27: =IF(ISBLANK($H$10),"",SQRT(3)) -> 1.7320508 | N27: =IF(ISBLANK($H$10),"",SQRT(3)) -> 1.7320508 | O27: =IF(ISBLANK($H$10),"",SQRT(3)) -> 1.7320508 | ... S27: =IF(ISBLANK($H$10),"",SQRT(3)) -> 1.7320508 | BS27: =IF(Formato!$I$20="g",Formato!CN85,IF(Formato!$I$20="mg",Formato!CN85/1000,IF(Formato!$I$20="kg",Formato!CN85*1000,))) -> 0 | BT27: =IF(Formato!$I$20="g",Formato!CN90,IF(Formato!$I$20="mg",Formato!CN90/1000,IF(Formato!$I$20="kg",Formato!CN90*1000,))) -> 0 | BU27: =IF(Formato!$I$20="g",Formato!CN95,IF(Formato!$I$20="mg",Formato!CN95/1000,IF(Formato!$I$20="kg",Formato!CN95*1000,))) -> 0 | BV27: =IF(Formato!$I$20="g",Formato!CN100,IF(Formato!$I$20="mg",Formato!CN100/1000,IF(Formato!$I$20="kg",Formato!CN100*1000,))) -> 0 | BW27: =IF(Formato!$I$20="g",Formato!CN105,IF(Formato!$I$20="mg",Formato!CN105/1000,IF(Formato!$I$20="kg",Formato!CN105*1000,))) -> 0 | BX27: =IF(Formato!$I$20="g",Formato!CN110,IF(Formato!$I$20="mg",Formato!CN110/1000,IF(Formato!$I$20="kg",Formato!CN110*1000,))) -> 0 | BY27: =IF(Formato!$I$20="g",Formato!CN115,IF(Formato!$I$20="mg",Formato!CN115/1000,IF(Formato!$I$20="kg",Formato!CN115*1000,))) -> 0 | BZ27: =IF(Formato!$I$20="g",Formato!CN120,IF(Formato!$I$20="mg",Formato!CN120/1000,IF(Formato!$I$20="kg",Formato!CN120*1000,))) -> 0 | CA27: =IF(Formato!$I$20="g",Formato!CN125,IF(Formato!$I$20="mg",Formato!CN125/1000,IF(Formato!$I$20="kg",Formato!CN125*1000,))) -> 0 | CB27: =IF(Formato!$I$20="g",Formato!CN131,IF(Formato!$I$20="mg",Formato!CN131/1000,IF(Formato!$I$20="kg",Formato!CN131*1000,))) -> 0 | CC27: =IF(Formato!$I$20="g",Formato!CN137,IF(Formato!$I$20="mg",Formato!CN137/1000,IF(Formato!$I$20="kg",Formato!CN137*1000,))) -> 0
H28: =+H26/H27 -> 1.5588457e-06 | I28: =+I26/I27 -> 1.5011107e-05 | J28: =+J26/J27 -> 2.3094011e-05 | K28: =+K26/K27 -> 1.9052559e-05 | L28: =+L26/L27 -> 2.136196e-05 | M28: =+M26/M27 -> 1.5588457e-05 | N28: =+N26/N27 -> 2.5403412e-05 | O28: =+O26/O27 -> 3.2908965e-05 | ... S28: =+S26/S27 -> 0 | T28: =POWER(H28,4)/100 -> 5.9049e-26 | U28: =POWER(I28,4)/100 -> 5.0775111e-22 | V28: =POWER(J28,4)/100 -> 2.8444444e-21 | W28: =POWER(K28,4)/100 -> 1.31769e-21 | X28: =POWER(L28,4)/100 -> 2.0824011e-21 | Y28: =POWER(M28,4)/100 -> 5.9049e-22 | Z28: =POWER(N28,4)/100 -> 4.1645511e-21 | AA28: =POWER(O28,4)/100 -> 1.172889e-20 | ... AD28: =POWER(R28,4)/100 -> 9.44784e-21 | BR28: MEP | BS28: 0 | BT28: =IF(Formato!BY18=0,"",Calculos!CB26) | BU28: =IF(Formato!BY18=0,"",Calculos!CB31) | BV28: =IF(Formato!BY18=0,"",Calculos!CB36) | BW28: =IF(Formato!BY18=0,"",Calculos!CB41) | BX28: =IF(Formato!BY18=0,"",Calculos!CB46) | BY28: =IF(Formato!BY18=0,"",Calculos!CB51) | BZ28: =IF(Formato!BY18=0,"",Calculos!CB56) | CA28: =IF(Formato!BY18=0,"",Calculos!CB61) | CB28: =IF(Formato!BY18=0,"",Calculos!CB67) | CC28: =IF(Formato!BY18=0,"",Calculos!CB73)
A29: Incertidumbre por Reproducibilidad | G29: SR | H29: 0 | I29: 0 | J29: 0 | K29: 0 | L29: 0 | M29: 0 | N29: 0 | O29: 0 | P29: 0 | Q29: 0 | R29: 0 | S29: 0 | BR29: DENSIDAD DEL AIRE (ƍo) | BS29: =$C$6 -> 0 | BT29: =$C$6 -> 0 | BU29: =$C$6 -> 0 | BV29: =$C$6 -> 0 | BW29: =$C$6 -> 0 | BX29: =$C$6 -> 0 | BY29: =$C$6 -> 0 | BZ29: =$C$6 -> 0 | ... CC29: =$C$6 -> 0
G30: √n | H30: 1 | I30: 1 | J30: 1 | K30: 1 | L30: 1 | M30: 1 | N30: 1 | O30: 1 | P30: 1 | Q30: 1 | R30: 1 | S30: 1 | BR30: DENSIDAD PESAS (ƍc) | BS30: =$C$8 -> 0 | BT30: =$C$8 -> 0 | BU30: =$C$8 -> 0 | BV30: =$C$8 -> 0 | BW30: =$C$8 -> 0 | BX30: =$C$8 -> 0 | BY30: =$C$8 -> 0 | BZ30: =$C$8 -> 0 | ... CC30: =$C$8 -> 0
G31: U estandar | H31: =H29/H30 -> 0 | I31: =I29/I30 -> 0 | J31: =J29/J30 -> 0 | K31: =K29/K30 -> 0 | L31: =L29/L30 -> 0 | M31: =M29/M30 -> 0 | N31: =N29/N30 -> 0 | O31: =O29/O30 -> 0 | ... S31: =S29/S30 -> 0 | T31: =POWER(H31,4)/100 -> 0 | U31: =POWER(I31,4)/100 -> 0 | V31: =POWER(J31,4)/100 -> 0 | W31: =POWER(K31,4)/100 -> 0 | X31: =POWER(L31,4)/100 -> 0 | Y31: =POWER(M31,4)/100 -> 0 | Z31: =POWER(N31,4)/100 -> 0 | AA31: =POWER(O31,4)/100 -> 0 | ... AD31: =POWER(R31,4)/100 -> 0 | BR31: CASO GENERAL CASO A | BS31: =SQRT(((($BV$3^2)*((1/$BS$5)-(1/8))^2))+(($BS$3-0.0012)^2*($BV$5^2/$BS$5^4)))*AO10 -> 1.6736581e-09 | BT31: =SQRT(((($BV$3^2)*((1/$BS$5)-(1/8))^2))+(($BS$3-0.0012)^2*($BV$5^2/$BS$5^4)))*AP10 -> 6.6946323e-07 | BU31: =SQRT(((($BV$3^2)*((1/$BS$5)-(1/8))^2))+(($BS$3-0.0012)^2*($BV$5^2/$BS$5^4)))*AQ10 -> 1.3389265e-06 | BV31: =SQRT(((($BV$3^2)*((1/$BS$5)-(1/8))^2))+(($BS$3-0.0012)^2*($BV$5^2/$BS$5^4)))*AR10 -> 2.0083897e-06 | BW31: =SQRT(((($BV$3^2)*((1/$BS$5)-(1/8))^2))+(($BS$3-0.0012)^2*($BV$5^2/$BS$5^4)))*AS10 -> 2.5104871e-06 | BX31: =SQRT(((($BV$3^2)*((1/$BS$5)-(1/8))^2))+(($BS$3-0.0012)^2*($BV$5^2/$BS$5^4)))*AT10 -> 3.3473161e-06 | BY31: =SQRT(((($BV$3^2)*((1/$BS$5)-(1/8))^2))+(($BS$3-0.0012)^2*($BV$5^2/$BS$5^4)))*AU10 -> 4.1841452e-06 | BZ31: =SQRT(((($BV$3^2)*((1/$BS$5)-(1/8))^2))+(($BS$3-0.0012)^2*($BV$5^2/$BS$5^4)))*AV10 -> 4.5188768e-06 | ... CC31: =SQRT(((($BV$3^2)*((1/$BS$5)-(1/8))^2))+(($BS$3-0.0012)^2*($BV$5^2/$BS$5^4)))*AY10 -> 6.6946323e-06
A32: Incertidumbre por empuje. | F32: mc | H32: =IF(Formato!$AE$42="A. Instrumento fue ajustado inmediatamente antes de la calibración.",'Incertidumbre Empuje'!C33,'Incertidumbre Empuje'!C34) -> 2.1730804e-09 | I32: =IF(Formato!$AE$42="A. Instrumento fue ajustado inmediatamente antes de la calibración.",'Incertidumbre Empuje'!D33,'Incertidumbre Empuje'!D34) -> 8.6923216e-07 | J32: =IF(Formato!$AE$42="A. Instrumento fue ajustado inmediatamente antes de la calibración.",'Incertidumbre Empuje'!E33,'Incertidumbre Empuje'!E34) -> 1.7384643e-06 | K32: =IF(Formato!$AE$42="A. Instrumento fue ajustado inmediatamente antes de la calibración.",'Incertidumbre Empuje'!F33,'Incertidumbre Empuje'!F34) -> 2.6076965e-06 | L32: =IF(Formato!$AE$42="A. Instrumento fue ajustado inmediatamente antes de la calibración.",'Incertidumbre Empuje'!G33,'Incertidumbre Empuje'!G34) -> 3.2596228e-06 | M32: =IF(Formato!$AE$42="A. Instrumento fue ajustado inmediatamente antes de la calibración.",'Incertidumbre Empuje'!H33,'Incertidumbre Empuje'!H34) -> 4.3461608e-06 | N32: =IF(Formato!$AE$42="A. Instrumento fue ajustado inmediatamente antes de la calibración.",'Incertidumbre Empuje'!I33,'Incertidumbre Empuje'!I34) -> 5.4327032e-06 | O32: =IF(Formato!$AE$42="A. Instrumento fue ajustado inmediatamente antes de la calibración.",'Incertidumbre Empuje'!J33,'Incertidumbre Empuje'!J34) -> 5.8673192e-06 | P32: =IF(Formato!$AE$42="A. Instrumento fue ajustado inmediatamente antes de la calibración.",'Incertidumbre Empuje'!K33,'Incertidumbre Empuje'!K34) -> 6.5192434e-06 | Q32: =IF(Formato!$AE$42="A. Instrumento fue ajustado inmediatamente antes de la calibración.",'Incertidumbre Empuje'!M33,'Incertidumbre Empuje'!L34) -> 7.6057857e-06 | R32: =IF(Formato!$AE$42="A. Instrumento fue ajustado inmediatamente antes de la calibración.",'Incertidumbre Empuje'!N33,'Incertidumbre Empuje'!M34) -> 8.6923259e-06 | S32: 0 | BR32: CASO GENERAL CASO B | BS32: =SQRT((($BV$3^2/$BS$5^2)+(($BS$3-0.0012)^2)*($BV$5^2/$BS$5^4)))*AO10 -> 1.7006656e-09 | BT32: =SQRT((($BV$3^2/$BS$5^2)+(($BS$3-0.0012)^2)*($BV$5^2/$BS$5^4)))*AP10 -> 6.8026623e-07 | BU32: =SQRT((($BV$3^2/$BS$5^2)+(($BS$3-0.0012)^2)*($BV$5^2/$BS$5^4)))*AQ10 -> 1.3605325e-06 | BV32: =SQRT((($BV$3^2/$BS$5^2)+(($BS$3-0.0012)^2)*($BV$5^2/$BS$5^4)))*AR10 -> 2.0407987e-06 | BW32: =SQRT((($BV$3^2/$BS$5^2)+(($BS$3-0.0012)^2)*($BV$5^2/$BS$5^4)))*AS10 -> 2.5509984e-06 | BX32: =SQRT((($BV$3^2/$BS$5^2)+(($BS$3-0.0012)^2)*($BV$5^2/$BS$5^4)))*AT10 -> 3.4013311e-06 | BY32: =SQRT((($BV$3^2/$BS$5^2)+(($BS$3-0.0012)^2)*($BV$5^2/$BS$5^4)))*AU10 -> 4.2516639e-06 | BZ32: =SQRT((($BV$3^2/$BS$5^2)+(($BS$3-0.0012)^2)*($BV$5^2/$BS$5^4)))*AV10 -> 4.591797e-06 | ... CC32: =SQRT((($BV$3^2/$BS$5^2)+(($BS$3-0.0012)^2)*($BV$5^2/$BS$5^4)))*AY10 -> 6.8026623e-06
G33: U estandar | H33: =H32 -> 2.1730804e-09 | I33: =I32 -> 8.6923216e-07 | J33: =J32 -> 1.7384643e-06 | K33: =K32 -> 2.6076965e-06 | L33: =L32 -> 3.2596228e-06 | M33: =M32 -> 4.3461608e-06 | N33: =N32 -> 5.4327032e-06 | O33: =O32 -> 5.8673192e-06 | ... S33: =S32 -> 0 | T33: =POWER(H33,4)/100 -> 2.2299913e-37 | U33: =POWER(I33,4)/100 -> 5.7087778e-27 | V33: =POWER(J33,4)/100 -> 9.1340446e-26 | W33: =POWER(K33,4)/100 -> 4.6241101e-25 | X33: =POWER(L33,4)/100 -> 1.1289361e-24 | Y33: =POWER(M33,4)/100 -> 3.5679862e-24 | Z33: =POWER(N33,4)/100 -> 8.7109176e-24 | AA33: =POWER(O33,4)/100 -> 1.1851106e-23 | ... AD33: =POWER(R33,4)/100 -> 5.7087893e-23
A34: Incertidumbre por convección | F34: No existe distinción. | G34: U Exp | H34: =+IF(Calculos!G23="","",Calculos!G23) -> 0 | I34: =+IF(Calculos!G28="","",Calculos!G28) -> 0 | J34: =+IF(Calculos!G33="","",Calculos!G33) -> 0 | K34: =+IF(Calculos!G38="","",Calculos!G38) -> -1e-05 | L34: =+IF(Calculos!G43="","",Calculos!G43) -> -1e-05 | M34: =+IF(Calculos!G48="","",Calculos!G48) -> -1e-05 | N34: =+IF(Calculos!G53="","",Calculos!G53) -> -1e-05 | O34: =+IF(Calculos!G58="","",Calculos!G58) -> -1e-05 | P34: =+IF(Calculos!G63="","",Calculos!G63) -> -2e-05 | Q34: =+IF(Calculos!G69="","",Calculos!G69) -> -2e-05 | R34: =+IF(Calculos!G75="","",Calculos!G75) -> -2e-05 | S34: 0
G35: K | H35: =SQRT(3) -> 1.7320508 | I35: =SQRT(3) -> 1.7320508 | J35: =SQRT(3) -> 1.7320508 | K35: =SQRT(3) -> 1.7320508 | L35: =SQRT(3) -> 1.7320508 | M35: =SQRT(3) -> 1.7320508 | N35: =SQRT(3) -> 1.7320508 | O35: =SQRT(3) -> 1.7320508 | ... S35: =SQRT(3) -> 1.7320508
G36: U estandar | H36: =H34/H35 -> 0 | I36: =I34/I35 -> 0 | J36: =J34/J35 -> 0 | K36: =K34/K35 -> -5.7735027e-06 | L36: =L34/L35 -> -5.7735027e-06 | M36: =M34/M35 -> -5.7735027e-06 | N36: =N34/N35 -> -5.7735027e-06 | O36: =O34/O35 -> -5.7735027e-06 | ... S36: =S34/S35 -> 0 | T36: =POWER(H36,4)/100 -> 0 | U36: =POWER(I36,4)/100 -> 0 | V36: =POWER(J36,4)/100 -> 0 | W36: =POWER(K36,4)/100 -> 1.1111111e-23 | X36: =POWER(L36,4)/100 -> 1.1111111e-23 | Y36: =POWER(M36,4)/100 -> 1.1111111e-23 | Z36: =POWER(N36,4)/100 -> 1.1111111e-23 | AA36: =POWER(O36,4)/100 -> 1.1111111e-23 | ... AD36: =POWER(R36,4)/100 -> 1.7777778e-22
A37: u(E) | F37: mc | H37: =SQRT(SUMSQ(H13,H16,H19,H22,H25,H28,H31,H33,H36)) -> 9.5351549e-06 | I37: =SQRT(SUMSQ(I13,I16,I19,I22,I25,I28,I31,I33,I36)) -> 2.1979283e-05 | J37: =SQRT(SUMSQ(J13,J16,J19,J22,J25,J28,J31,J33,J36)) -> 3.2067984e-05 | K37: =SQRT(SUMSQ(K13,K16,K19,K22,K25,K28,K31,K33,K36)) -> 2.7821756e-05 | L37: =SQRT(SUMSQ(L13,L16,L19,L22,L25,L28,L31,L33,L36)) -> 3.0788934e-05 | M37: =SQRT(SUMSQ(M13,M16,M19,M22,M25,M28,M31,M33,M36)) -> 2.444325e-05 | N37: =SQRT(SUMSQ(N13,N16,N19,N22,N25,N28,N31,N33,N36)) -> 3.6481926e-05 | O37: =SQRT(SUMSQ(O13,O16,O19,O22,O25,O28,O31,O33,O36)) -> 4.5939367e-05 | ... S37: =SQRT(SUMSQ(S13,S16,S19,S22,S25,S28,S31,S33,S36)) -> 9.3094934e-06
A38: υeff | F38: mc | H38: =+POWER(H37,4)/(POWER(H13,4)/100+POWER(H16,4)/100+POWER(H19,4)/(COUNT(Formato!$B$84:$E$93)-1)+POWER(H22,4)/100+POWER(H25,4)/100+POWER(H28,4)/100+POWER(H31,4)/100+POWER(H33,4)/100+POWER(H36,4)/100) -> 6.7398486 | I38: =+POWER(I37,4)/(POWER(I13,4)/100+POWER(I16,4)/100+POWER(I19,4)/(COUNT(Formato!$B$84:$E$93)-1)+POWER(I22,4)/100+POWER(I25,4)/100+POWER(I28,4)/100+POWER(I31,4)/100+POWER(I33,4)/100+POWER(I36,4)/100) -> 115.54508 | J38: =+POWER(J37,4)/(POWER(J13,4)/100+POWER(J16,4)/100+POWER(J19,4)/(COUNT(Formato!$B$84:$E$93)-1)+POWER(J22,4)/100+POWER(J25,4)/100+POWER(J28,4)/100+POWER(J31,4)/100+POWER(J33,4)/100+POWER(J36,4)/100) -> 186.47086 | K38: =+POWER(K37,4)/(POWER(K13,4)/100+POWER(K16,4)/100+POWER(K19,4)/(COUNT(Formato!$B$84:$E$93)-1)+POWER(K22,4)/100+POWER(K25,4)/100+POWER(K28,4)/100+POWER(K31,4)/100+POWER(K33,4)/100+POWER(K36,4)/100) -> 181.65564 | L38: =+POWER(L37,4)/(POWER(L13,4)/100+POWER(L16,4)/100+POWER(L19,4)/(COUNT(Formato!$B$84:$E$93)-1)+POWER(L22,4)/100+POWER(L25,4)/100+POWER(L28,4)/100+POWER(L31,4)/100+POWER(L33,4)/100+POWER(L36,4)/100) -> 199.87678 | M38: =+POWER(M37,4)/(POWER(M13,4)/100+POWER(M16,4)/100+POWER(M19,4)/(COUNT(Formato!$B$84:$E$93)-1)+POWER(M22,4)/100+POWER(M25,4)/100+POWER(M28,4)/100+POWER(M31,4)/100+POWER(M33,4)/100+POWER(M36,4)/100) -> 164.13927 | N38: =+POWER(N37,4)/(POWER(N13,4)/100+POWER(N16,4)/100+POWER(N19,4)/(COUNT(Formato!$B$84:$E$93)-1)+POWER(N22,4)/100+POWER(N25,4)/100+POWER(N28,4)/100+POWER(N31,4)/100+POWER(N33,4)/100+POWER(N36,4)/100) -> 227.6703 | O38: =+POWER(O37,4)/(POWER(O13,4)/100+POWER(O16,4)/100+POWER(O19,4)/(COUNT(Formato!$B$84:$E$93)-1)+POWER(O22,4)/100+POWER(O25,4)/100+POWER(O28,4)/100+POWER(O31,4)/100+POWER(O33,4)/100+POWER(O36,4)/100) -> 227.09303 | ... S38: =+POWER(S37,4)/(POWER(S13,4)/100+POWER(S16,4)/100+POWER(S19,4)/(COUNT(Formato!$B$84:$E$93)-1)+POWER(S22,4)/100+POWER(S25,4)/100+POWER(S28,4)/100+POWER(S31,4)/100+POWER(S33,4)/100+POWER(S36,4)/100) -> 6.1245753 | T38: =POWER(H41,4)/SUM(T10:T36) -> 6.7398486 | U38: =POWER(I41,4)/SUM(U10:U36) -> 115.54508 | V38: =POWER(J41,4)/SUM(V10:V36) -> 186.47086 | W38: =POWER(K41,4)/SUM(W10:W36) -> 181.65564 | X38: =POWER(L41,4)/SUM(X10:X36) -> 199.87678 | Y38: =POWER(M41,4)/SUM(Y10:Y36) -> 164.13927 | Z38: =POWER(N41,4)/SUM(Z10:Z36) -> 227.6703 | AA38: =POWER(O41,4)/SUM(AA10:AA36) -> 227.09303 | ... AD38: =POWER(R41,4)/SUM(AD10:AD36) -> 276.59001
A39: k (95%) | F39: mc | H39: =ROUND((TINV(0.0455,H38)),2) -> 2.52 | I39: =ROUND((TINV(0.0455,I38)),2) -> 2.02 | J39: =ROUND((TINV(0.0455,J38)),2) -> 2.01 | K39: =ROUND((TINV(0.0455,K38)),2) -> 2.01 | L39: =ROUND((TINV(0.0455,L38)),2) -> 2.01 | M39: =ROUND((TINV(0.0455,M38)),2) -> 2.02 | N39: =ROUND((TINV(0.0455,N38)),2) -> 2.01 | O39: =ROUND((TINV(0.0455,O38)),2) -> 2.01 | ... AD39: =ROUND((TINV(0.0455,AD38)),2) -> 2.01
A40: U(E) | F40: mc | H40: =H37*H39 -> 2.402859e-05 | I40: =I37*I39 -> 4.4398152e-05 | J40: =J37*J39 -> 6.4456648e-05 | K40: =K37*K39 -> 5.5921729e-05 | L40: =L37*L39 -> 6.1885758e-05 | M40: =M37*M39 -> 4.9375364e-05 | N40: =N37*N39 -> 7.3328671e-05 | O40: =O37*O39 -> 9.2338128e-05 | ... S40: =S37*S39 -> 2.3459923e-05
H41: =SQRT(SUMSQ(H31,H13,H16,H19,H22,H25,H28,H33,H36)) -> 9.5351549e-06 | I41: =SQRT(SUMSQ(I31,I13,I16,I19,I22,I25,I28,I33,I36)) -> 2.1979283e-05 | J41: =SQRT(SUMSQ(J31,J13,J16,J19,J22,J25,J28,J33,J36)) -> 3.2067984e-05 | K41: =SQRT(SUMSQ(K31,K13,K16,K19,K22,K25,K28,K33,K36)) -> 2.7821756e-05 | L41: =SQRT(SUMSQ(L31,L13,L16,L19,L22,L25,L28,L33,L36)) -> 3.0788934e-05 | M41: =SQRT(SUMSQ(M31,M13,M16,M19,M22,M25,M28,M33,M36)) -> 2.444325e-05 | N41: =SQRT(SUMSQ(N31,N13,N16,N19,N22,N25,N28,N33,N36)) -> 3.6481926e-05 | O41: =SQRT(SUMSQ(O31,O13,O16,O19,O22,O25,O28,O33,O36)) -> 4.5939367e-05 | ... S41: =SQRT(SUMSQ(S31,S13,S16,S19,S22,S25,S28,S33,S36)) -> 9.3094934e-06
F42: Carga | H42: =+H10 -> 0.01 | I42: =+I10 -> 4 | J42: =+J10 -> 8 | K42: =+K10 -> 12 | L42: =+L10 -> 15 | M42: =+M10 -> 20 | N42: =+N10 -> 25 | O42: =+O10 -> 27 | ... S42: =+S10 -> 0
F43: Division Escala Vacio | H43: =+H11 -> 1e-05 | I43: =+I11 -> 1e-05 | J43: =+J11 -> 1e-05 | K43: =+K11 -> 1e-05 | L43: =+L11 -> 1e-05 | M43: =+M11 -> 1e-05 | N43: =+N11 -> 1e-05 | O43: =+O11 -> 1e-05 | ... S43: =+S11 -> 1e-05
F44: Divison Escala con Carga | H44: =+H14 -> 1e-05 | I44: =+I14 -> 1e-05 | J44: =+J14 -> 1e-05 | K44: =+K14 -> 1e-05 | L44: =+L14 -> 1e-05 | M44: =+M14 -> 1e-05 | N44: =+N14 -> 1e-05 | O44: =+O14 -> 1e-05 | ... S44: =+S14 -> 1e-05
F45: Repetibilidad | H45: =+H17 -> 8.3666003e-06 | I45: =+I17 -> 8.3666003e-06 | J45: =+J17 -> 8.3666003e-06 | K45: =+K17 -> 8.3666003e-06 | L45: =+L17 -> 8.3666003e-06 | M45: =+M17 -> 8.3666003e-06 | N45: =+N17 -> 8.3666003e-06 | O45: =+O17 -> 8.3666003e-06 | ... S45: =+S17 -> 8.3666003e-06
F46: Excentricidad | H46: =+H22 -> 2.8867513e-09 | I46: =+I22 -> 1.1547005e-06 | J46: =+J22 -> 2.3094011e-06 | K46: =+K22 -> 3.4641016e-06 | L46: =+L22 -> 4.330127e-06 | M46: =+M22 -> 5.7735027e-06 | N46: =+N22 -> 7.2168784e-06 | O46: =+O22 -> 7.7942286e-06 | ... S46: =+S22 -> 0
F47: Patron | H47: =+H25 -> 1.35e-06 | I47: =+I25 -> 1.3e-05 | J47: =+J25 -> 2e-05 | K47: =+K25 -> 1.65e-05 | L47: =+L25 -> 1.85e-05 | M47: =+M25 -> 1.35e-05 | N47: =+N25 -> 2.2e-05 | O47: =+O25 -> 2.85e-05 | ... S47: =+S25 -> 0
F48: Deriva | H48: =+H28 -> 1.5588457e-06 | I48: =+I28 -> 1.5011107e-05 | J48: =+J28 -> 2.3094011e-05 | K48: =+K28 -> 1.9052559e-05 | L48: =+L28 -> 2.136196e-05 | M48: =+M28 -> 1.5588457e-05 | N48: =+N28 -> 2.5403412e-05 | O48: =+O28 -> 3.2908965e-05 | ... S48: =+S28 -> 0
F49: Empuje | H49: =+H33 -> 2.1730804e-09 | I49: =+I33 -> 8.6923216e-07 | J49: =+J33 -> 1.7384643e-06 | K49: =+K33 -> 2.6076965e-06 | L49: =+L33 -> 3.2596228e-06 | M49: =+M33 -> 4.3461608e-06 | N49: =+N33 -> 5.4327032e-06 | O49: =+O33 -> 5.8673192e-06 | ... S49: =+S33 -> 0
F50: Conveccion | H50: =+H36 -> 0 | I50: =+I36 -> 0 | J50: =+J36 -> 0 | K50: =+K36 -> -5.7735027e-06 | L50: =+L36 -> -5.7735027e-06 | M50: =+M36 -> -5.7735027e-06 | N50: =+N36 -> -5.7735027e-06 | O50: =+O36 -> -5.7735027e-06 | ... S50: =+S36 -> 0
F51: Reproducibilidad | H51: =H31 -> 0 | I51: =I31 -> 0 | J51: =J31 -> 0 | K51: =K31 -> 0 | L51: =L31 -> 0 | M51: =M31 -> 0 | N51: =N31 -> 0 | O51: =O31 -> 0 | ... S51: =S31 -> 0
D52: =+H42 -> 0.01 | I52: =+I42 -> 4 | L52: =+J42 -> 8 | O52: =+K42 -> 12 | S52: =+L42 -> 15
D64: =+M42 -> 20 | I64: =+N42 -> 25 | L64: =+O42 -> 27 | O64: =+P42 -> 30 | S64: =+R42 -> 40
A85: CONTROL DE CAMBIOS
A86: VERSIÓN | D86: DESCRIPCIÓN DE LOS CAMBIOS | S86: FECHA APROBACIÓN
A87: 3 | D87: CD356-24. Se actualiza encabezados de acuerdo con el Procedimiento control de documentos y registros GP-PR-01 por revision periodica de documentos | S87: 45482
A88: 2 | D88: 090-21 Se actualiza encabezados de acuerdo con el Procedimiento control de documentos y registros GP-PR-01 V7 | S88: 44231
A89: N.A. | D89: Se realiza revisión del documento, se actualiza fecha y responsables. No se genera cambios significativos. | S89: 43665

Sheet Incertidumbre  Empuje
A1: CALIBRACIÓN INSTRUMENTOS DE PESAJE DE FUNCIONAMIENTO NO AUTOMATICO
A2: CODIGO: LC-FR-20 | H2: VERSION: 4
A3: Revisó: Director Técnico Fecha: 2021-02-02 | H3: Aprobó: Gerente General Fecha: 2021-02-04
J4: ρkg/m3 | K4: uρ g/cm3 | L4: ρ kg/m3 | M4: uρ g/cm3
A5: ρa | B5: ƍacal= ( Densidad Aire en Sitio) | C5: =+Calculos!H7 -> 0.0010491547 | D5: =+Calculos!H3 -> g/cm3 | E5: Uex | F5: =+'Densidad del Aire'!H22/1000 -> 1.1047574e-06 | G5: =+D5 -> g/cm3 | H5: Plata | J5: 8600 | K5: =J5/1000 -> 8.6 | L5: 85 | M5: =L5/1000 -> 0.085
A6: ρ0 | B6: ƍo= ( Densidad Aire Condiciones Ideales) | C6: =1.2/1000 -> 0.0012 | D6: =+D5 -> g/cm3 | E6: Uex | F6: =+F5 -> 1.1047574e-06 | G6: =+D6 -> g/cm3 | H6: Laton | J6: 8400 | K6: =J6/1000 -> 8.4 | L6: 85 | M6: =L6/1000 -> 0.085
A7: ρ | B7: ƍcal= ( Densidad Pesas Utilizadas) | C7: =+VLOOKUP(Formato!I36,'Errores Patrones'!AB4:AG25,6,0) -> 7.95 | D7: =+D6 -> g/cm3 | E7: Uex | F7: =VLOOKUP(C7,K5:M10,3,FALSE) -> 0.07 | G7: =+G6 -> g/cm3 | H7: SS | J7: 7950 | K7: =J7/1000 -> 7.95 | L7: 70 | M7: =L7/1000 -> 0.07
A8: ρc | B8: ƍC= ( Densidad Estandar Pesas ) | C8: 8 | D8: =+D7 -> g/cm3 | E8: Uex | F8: =70/1000 -> 0.07 | G8: =+G7 -> g/cm3 | H8: Hierro F Blanco | J8: 7700 | K8: =J8/1000 -> 7.7 | L8: 200 | M8: =L8/1000 -> 0.2
H9: Hierro F Gris | J9: 7100 | K9: =J9/1000 -> 7.1 | L9: 300 | M9: =L9/1000 -> 0.3
H10: Aluminio | J10: 2700 | K10: =J10/1000 -> 2.7 | L10: 65 | M10: =L10/1000 -> 0.065
I12: 7.95 | J12: =VLOOKUP(I12,K5:M10,3,FALSE) -> 0.07
B19: CASOS A PRESENTARSE GENERALES:
B20: A. Instrumento fue ajustado inmediatamente antes de la calibración.
B23: B. Instrumento fue ajustado independientemente de la calibración.
B26: MASA NOMINAL | C26: =CONCATENATE("Cargas aplicadas"," ","(",Formato!$I$20,")") -> Cargas aplicadas (g)
C27: ='Estimación de la Incertidumbre'!H10 -> 0.01 | D27: ='Estimación de la Incertidumbre'!I10 -> 4 | E27: ='Estimación de la Incertidumbre'!J10 -> 8 | F27: ='Estimación de la Incertidumbre'!K10 -> 12 | G27: ='Estimación de la Incertidumbre'!L10 -> 15 | H27: ='Estimación de la Incertidumbre'!M10 -> 20 | I27: ='Estimación de la Incertidumbre'!N10 -> 25 | J27: ='Estimación de la Incertidumbre'!O10 -> 27 | ... M27: ='Estimación de la Incertidumbre'!R10 -> 40
B28: INDICACIÓN DE LECTURA | C28: Indicación de Lectura de cada Carga (g)
C29: =IF(Formato!$I$20="g",Formato!X87,IF(Formato!$I$20="mg",Formato!X87/1000,IF(Formato!$I$20="kg",Formato!X87*1000,))) -> 0.01 | D29: =IF(Formato!$I$20="g",Formato!X92,IF(Formato!$I$20="mg",Formato!X92/1000,IF(Formato!$I$20="kg",Formato!X92*1000,))) -> 4 | E29: =IF(Formato!$I$20="g",Formato!X97,IF(Formato!$I$20="mg",Formato!X97/1000,IF(Formato!$I$20="kg",Formato!X97*1000,))) -> 8 | F29: =IF(Formato!$I$20="g",Formato!X102,IF(Formato!$I$20="mg",Formato!X102/1000,IF(Formato!$I$20="kg",Formato!X102*1000,))) -> 12 | G29: =IF(Formato!$I$20="g",Formato!X107,IF(Formato!$I$20="mg",Formato!X107/1000,IF(Formato!$I$20="kg",Formato!X107*1000,))) -> 15.00001 | H29: =IF(Formato!$I$20="g",Formato!X112,IF(Formato!$I$20="mg",Formato!X112/1000,IF(Formato!$I$20="kg",Formato!X112*1000,))) -> 20 | I29: =IF(Formato!$I$20="g",Formato!X117,IF(Formato!$I$20="mg",Formato!X117/1000,IF(Formato!$I$20="kg",Formato!X117*1000,))) -> 25.00001 | J29: =IF(Formato!$I$20="g",Formato!X122,IF(Formato!$I$20="mg",Formato!X122/1000,IF(Formato!$I$20="kg",Formato!X122*1000,))) -> 27.00001 | K29: =IF(Formato!$I$20="g",Formato!X127,IF(Formato!$I$20="mg",Formato!X127/1000,IF(Formato!$I$20="kg",Formato!X127*1000,))) -> 30.00001 | L29: =IF(Formato!$I$20="g",Formato!X133,IF(Formato!$I$20="mg",Formato!X133/1000,IF(Formato!$I$20="kg",Formato!X133*1000,))) -> 35.00002 | M29: =IF(Formato!$I$20="g",Formato!X139,IF(Formato!$I$20="mg",Formato!X139/1000,IF(Formato!$I$20="kg",Formato!X139*1000,))) -> 40.00002
B30: MEP | C30: 0 | D30: =IF(Formato!I20=0,"",Calculos!L28) -> 0.02 | E30: =IF(Formato!I20=0,"",Calculos!L33) -> 0.04 | F30: =IF(Formato!I20=0,"",Calculos!L38) -> 0.0101 | G30: =IF(Formato!I20=0,"",Calculos!L43) -> 0.0251 | H30: =IF(Formato!I20=0,"",Calculos!L48) -> 0.00012 | I30: =IF(Formato!I20=0,"",Calculos!L53) -> 0.02512 | J30: =IF(Formato!I20=0,"",Calculos!L58) -> 0.03512 | K30: =IF(Formato!I20=0,"",Calculos!L63) -> 0.00022 | L30: =IF(Formato!I20=0,"",Calculos!L69) -> 0.02522 | M30: =IF(Formato!I20=0,"",Calculos!L75) -> 0.00024
B31: DENSIDAD DEL AIRE (ƍo) | C31: =$C$6 -> 0.0012 | D31: =$C$6 -> 0.0012 | E31: =$C$6 -> 0.0012 | F31: =$C$6 -> 0.0012 | G31: =$C$6 -> 0.0012 | H31: =$C$6 -> 0.0012 | I31: =$C$6 -> 0.0012 | J31: =$C$6 -> 0.0012 | ... M31: =$C$6 -> 0.0012
B32: DENSIDAD PESAS (ƍc) | C32: =$C$8 -> 8 | D32: =$C$8 -> 8 | E32: =$C$8 -> 8 | F32: =$C$8 -> 8 | G32: =$C$8 -> 8 | H32: =$C$8 -> 8 | I32: =$C$8 -> 8 | J32: =$C$8 -> 8 | ... M32: =$C$8 -> 8
B33: CASO GENERAL CASO A | C33: =SQRT(((($F$5^2)*((1/$C$7)-(1/8))^2))+(($C$5-0.0012)^2*($F$7^2/$C$7^4)))*C29 -> 1.6707115e-09 | D33: =SQRT(((($F$5^2)*((1/$C$7)-(1/8))^2))+(($C$5-0.0012)^2*($F$7^2/$C$7^4)))*D29 -> 6.6828459e-07 | E33: =SQRT(((($F$5^2)*((1/$C$7)-(1/8))^2))+(($C$5-0.0012)^2*($F$7^2/$C$7^4)))*E29 -> 1.3365692e-06 | F33: =SQRT(((($F$5^2)*((1/$C$7)-(1/8))^2))+(($C$5-0.0012)^2*($F$7^2/$C$7^4)))*F29 -> 2.0048538e-06 | G33: =SQRT(((($F$5^2)*((1/$C$7)-(1/8))^2))+(($C$5-0.0012)^2*($F$7^2/$C$7^4)))*G29 -> 2.5060689e-06 | H33: =SQRT(((($F$5^2)*((1/$C$7)-(1/8))^2))+(($C$5-0.0012)^2*($F$7^2/$C$7^4)))*H29 -> 3.3414229e-06 | I33: =SQRT(((($F$5^2)*((1/$C$7)-(1/8))^2))+(($C$5-0.0012)^2*($F$7^2/$C$7^4)))*I29 -> 4.1767803e-06 | J33: =SQRT(((($F$5^2)*((1/$C$7)-(1/8))^2))+(($C$5-0.0012)^2*($F$7^2/$C$7^4)))*J29 -> 4.5109226e-06 | ... M33: =SQRT(((($F$5^2)*((1/$C$7)-(1/8))^2))+(($C$5-0.0012)^2*($F$7^2/$C$7^4)))*M29 -> 6.6828492e-06
B34: CASO GENERAL CASO B | C34: =SQRT((($F$5^2/$C$7^2)+(($C$5-0.0012)^2)*($F$7^2/$C$7^4)))*C29 -> 2.1730804e-09 | D34: =SQRT((($F$5^2/$C$7^2)+(($C$5-0.0012)^2)*($F$7^2/$C$7^4)))*D29 -> 8.6923216e-07 | E34: =SQRT((($F$5^2/$C$7^2)+(($C$5-0.0012)^2)*($F$7^2/$C$7^4)))*E29 -> 1.7384643e-06 | F34: =SQRT((($F$5^2/$C$7^2)+(($C$5-0.0012)^2)*($F$7^2/$C$7^4)))*F29 -> 2.6076965e-06 | G34: =SQRT((($F$5^2/$C$7^2)+(($C$5-0.0012)^2)*($F$7^2/$C$7^4)))*G29 -> 3.2596228e-06 | H34: =SQRT((($F$5^2/$C$7^2)+(($C$5-0.0012)^2)*($F$7^2/$C$7^4)))*H29 -> 4.3461608e-06 | I34: =SQRT((($F$5^2/$C$7^2)+(($C$5-0.0012)^2)*($F$7^2/$C$7^4)))*I29 -> 5.4327032e-06 | J34: =SQRT((($F$5^2/$C$7^2)+(($C$5-0.0012)^2)*($F$7^2/$C$7^4)))*J29 -> 5.8673192e-06 | ... M34: =SQRT((($F$5^2/$C$7^2)+(($C$5-0.0012)^2)*($F$7^2/$C$7^4)))*M29 -> 8.6923259e-06
A45: VERSIÓN | D45: DESCRIPCIÓN DE LOS CAMBIOS | S45: FECHA APROBACIÓN
A46: 4 | D46: CD149-21. Se actualiza encabezados de acuerdo con el Procedimiento control de documentos y registros GP-PR-01 V7 | S46: 44231
A47: 3 | D47: se realizan cambios en la interpretacion de la prueba de excentricidad de carga. | S47: 43670
A48: 2 | D48: la incertidumbre por deriva de las masas se cambio por raiz 3 y no 2 por raiz de 3. las casillas en blanco se colocan rayas, se cambia temperatura inicial y final por temperatura minima y maxima | S48: 43495

Sheet Data cruda manual
AJ2: SI
AJ3: NO
AJ4: N/A
A6: Certificado de calibración No: | R6: Fecha de calibración: | AJ6: Kg/dm3
A7: Hora inicio climatización pesas: | R7: Hora final climatización pesas: | Z7: =S38 -> 0 | AJ7: g/cm3
A8: Hora inicio de la calibración: | R8: Hora final de la calibración: | Z8: =+AE100 -> 0
A9: Información del cliente
A10: Cliente: | M10: Dirección: | X10: Ciudad :
A12: Información del instrumento
A13: Instrumento: | N13: Fabricante: | X13: Modelo:
A14: Número de serie: | N14: Código interno: | X14: Ubicación:
A15: Características metrológicas del instrumento de pesaje | AM15: Numero decimales
A16: 1- Rango del Equipo: | J16: Hasta | N16: =I16 -> 0 | O16: Rango a calibrar: | V16: =I16 -> 0 | W16: Hasta | AA16: =I16 -> 0 | AB16: Resolución: | AF16: =I16 -> 0 | AH16: =+IF(MID(AE16,3,1)="","--",1) -> -- | AI16: =+IF(MID(AE16,4,1)="","--",1) -> -- | AJ16: =+IF(MID(AE16,5,1)="","--",1) -> -- | AK16: =+IF(MID(AE16,6,1)="","--",1) -> -- | AL16: =+IF(MID(AE16,7,1)="","--",1) -> -- | AM16: =+COUNT(AH16:AL16) -> 0
A17: Error Maximo Permitido Lineal: | N17: Error Maximo Permitido Repetibilidad: | AA17: Div. de escala: | AF17: =AF16 -> 0
A18: Evaluación visual de las características de funcionamiento y ubicación del instrumento de pesaje | AF18: =IF(AE16=1,0,ABS(LEN(AE16)-2)) -> 2
A19: Características a evaluar: | X19: Cumple | Z19: Observaciones
X20: Si | Y20: No
A21: El instrumento esta claramente identificado ?
A22: El instrumento esta libre de polvo, sustancias o agentes que alteren el resultado de la medición?
A23: La indicación del instrumento es legible?
A24: Las condiciones normales de uso (flujo de aire, vibraciones, estabilidad del lugar de pesada, etc.) son apropiados para el instrumento para pesar que se calibrará.?
A25: Si aplica, el instrumento esta nivelado ?
A26: El cliente ajusta regularmente el instrumento?
A27: El instrumento se enciende un período antes de la calibración, p. e., un tiempo apropiado para que el instrumento se caliente, ó el adoptado por el cliente ?
A29: Trazabilidad Masas Patron | J29: Medición de las condiciones ambientales
A30: Código | D30: Descripción | J30: Mediciones | N30: Temperatura [°C] | R30: Humedad relativa [% HR] | W30: Presion Atmosferica [hPa] | AA30: Precarga del instrumento
A31: TEC-LAB-MP-05 | D31: =IF(A31="","",VLOOKUP(A31,AG127:AI131,2,FALSE)) -> KIT DE MASAS PATRON F1 | J31: Iniciales: | AA31: Carga No. | AC31: =CONCATENATE("Indicación del instrumento"," ","( ",$I$16, " )" ) -> Indicación del instrumento ( )
A32: TEC-LAB-MP-08 | D32: =IF(A32="","",VLOOKUP(A32,AG128:AI132,2,FALSE)) -> PESA INDIVIDUAL DE 5 kg | J32: Finales: | N32: =IF(ISBLANK(E101),"OJO",E101) -> OJO | R32: =IF(ISBLANK(I101),"OJO",I101) -> OJO | AA32: 1
J33: Nota: se debe aplicar la corrección a cada valor medido de acuerdo al certificado de calibración del Medidior de condiciones ambientales. | AA33: 2
J34: Se realiza el ajuste Inicial con una masa diferente a las masas utilizadas en la calibración | Y34: NO | AA34: 3
J35: Densidad pesa utilizada en el ajuste | W35: =+IF(Y34="SI","SOLICITAR CERTIFICADO DE LAS PESAS","---") -> --- | Y35: g/cm3
J36: Temperatura de las pesas (Climatización de las pesas justo antes de iniciar la Calibración)
J37: =+CONCATENATE("Carga aplicada ","(",I16,")") -> Carga aplicada () | N37: Temperatura Final [°C] | S37: Hora final climatización pesas:
J39: Nota: Se debe medir la temperatura a la pesa mas grade que se utilizará en la calibración.
A41: Inicio de las pruebas de calibración
B43: 1. Prueba de excentricidad de carga | Q43: Seleccionar el tipo de receptor de carga que posee el instrumento para pesar.
B44: Carga de prueba: | J44: =I16 -> 0
A46: Posición No. | E46: =CONCATENATE("Indicación del instrumento"," ","(",$I$16,") ") -> Indicación del instrumento () | J46: =CONCATENATE("Retorno a Cero "," ","(",$I$16," )") -> Retorno a Cero ( ) | O46: 2. Prueba de repetibilidad
O47: No. | P47: =CONCATENATE("Cargas aplicadas"," ","(",$I$16, ")") -> Cargas aplicadas () | AB47: CONDICIONES AMBIENTALES REPETIBILIDAD
A48: 1 | J48: 0 | P48: 100 | V48: 1000 | AB48: Tini | AF48: °C
A49: 2 | J49: 0 | P49: =CONCATENATE("Indicación"," ","(",$I$16,")") -> Indicación () | T49: =CONCATENATE("Retorno a Cero "," ","(",$I$16," )") -> Retorno a Cero ( ) | V49: =CONCATENATE("Indicación"," ","(",$I$16,")") -> Indicación () | Z49: =CONCATENATE("Retorno a Cero "," ","(",$I$16," )") -> Retorno a Cero ( ) | AB49: Hinicial | AF49: %HR
A50: 3 | J50: 0 | O50: 1 | T50: 0 | Z50: 0 | AB50: Tfinal | AF50: °C
A51: 4 | J51: 0 | O51: 2 | T51: 0 | Z51: 0 | AB51: H final | AF51: %HR
A52: 5 | J52: 0 | O52: 3 | T52: 0 | Z52: 0
A53: 1 | J53: 0 | O53: 4 | T53: 0 | Z53: 0
A54: =CONCATENATE("Dif. Máxima "," ","(",[1]Formato!$I$18, ")") -> Dif. Máxima (g) | E54: =+IF((MAX(E48:I53)-H44)>ABS(MIN(E48:I53)-H44),(MAX(E48:I53)-H44),ABS(MIN(E48:I53)-H44)) -> 0 | O54: 5 | T54: 0 | Z54: 0
K55: CONDICIONES AMBIENTALES | O55: 6 | T55: 0 | Z55: 0
O56: 7 | T56: 0 | Z56: 0
K57: Tinicial | N57: °C | O57: 8 | T57: 0 | Z57: 0
K58: Hinicial | N58: %HR | O58: 9 | T58: 0 | Z58: 0
K59: Tfinal | N59: °C | O59: 10 | T59: 0 | Z59: 0
K60: H final | N60: %HR | O60: D.ESTS | P60: =IF(P48="","",STDEVA(P50:S59)) -> #DIV/0! | T60: D.ESTR | V60: =IF(V48="","",STDEVA(V50:Y59)) -> #DIV/0!
A62: Nota: El error se calcula tomando como referencia el punto número 1 ,con respecto a los demás puntos.
A64: 3. Prueba para los errores de las indicaciones
A65: Carga No. | C65: MARCA | D65: =CONCATENATE("Valor nominal "," ","(",$I$16," )") -> Valor nominal ( ) | G65: Valor masas | H65: =CONCATENATE("Indicacion del Instrumento "," ","(",$I$16," )") -> Indicacion del Instrumento ( ) | L65: =CONCATENATE("Retorno a Cero "," ","(",$I$16," )") -> Retorno a Cero ( ) | O65: Cantidad | Q65: Carga No. | S65: MARCA | T65: =CONCATENATE("Valor nominal "," ","(",$I$16," )") -> Valor nominal ( ) | W65: Valor masas | X65: =CONCATENATE("Indicacion del Instrumento "," ","(",$I$16," )") -> Indicacion del Instrumento ( ) | AB65: =CONCATENATE("Retorno a Cero "," ","(",$I$16," )") -> Retorno a Cero ( ) | AE65: Cantidad
A67: 1 | G67: =IF(ISBLANK(O67),0,Calculos!E44) -> 0 | Q67: 2 | W67: =IF(ISBLANK(AE67),0,Calculos!E19) -> 0
G68: =IF(ISBLANK(O68),0,Calculos!E45) -> 0 | W68: =IF(ISBLANK(AE68),0,Calculos!E20) -> 0
G69: =IF(ISBLANK(O69),0,Calculos!E46) -> 0 | W69: =IF(ISBLANK(AE69),0,Calculos!E21) -> 0
G70: =IF(ISBLANK(O70),0,Calculos!E47) -> 0 | W70: =IF(ISBLANK(AE70),0,Calculos!E22) -> 0
C71: SUMA | D71: =IF(COUNT(D67:E70)=0,"",D67+D68+D69+D70) | G71: =IF(COUNT(G67:G70)=0,"",G67+G68+G69+G70) -> 0 | L71: 0 | S71: SUMA | T71: =IF(COUNT(T67:U70)=0,"",T67+T68+T69+T70) | W71: =IF(COUNT(W67:W70)=0,"",W67+W68+W69+W70) -> 0 | AB71: 0
A72: 3 | G72: =IF(ISBLANK(O72),0,Calculos!E49) -> 0 | Q72: 4 | W72: =IF(ISBLANK(AE72),0,Calculos!E24) -> 0
G73: =IF(ISBLANK(O73),0,Calculos!E50) -> 0 | W73: =IF(ISBLANK(AE73),0,Calculos!E25) -> 0
G74: =IF(ISBLANK(O74),0,Calculos!E51) -> 0 | W74: =IF(ISBLANK(AE74),0,Calculos!E26) -> 0
G75: =IF(ISBLANK(O75),0,Calculos!E52) -> 0 | W75: =IF(ISBLANK(AE75),0,Calculos!E27) -> 0
C76: SUMA | D76: =IF(COUNT(D72:E75)=0,"",D72+D73+D74+D75) | G76: =IF(COUNT(G72:G75)=0,"",G72+G73+G74+G75) -> 0 | L76: 0 | S76: SUMA | T76: =IF(COUNT(T72:U75)=0,"",T72+T73+T74+T75) | W76: =IF(COUNT(W72:W75)=0,"",W72+W73+W74+W75) -> 0 | AB76: 0
A77: 5 | G77: =IF(ISBLANK(O77),0,Calculos!E54) -> 0 | Q77: 6 | W77: =IF(ISBLANK(AE77),0,Calculos!E29) -> 0
G78: =IF(ISBLANK(O78),0,Calculos!E55) -> 0 | W78: =IF(ISBLANK(AE78),0,Calculos!E30) -> 0
G79: =IF(ISBLANK(O79),0,Calculos!E56) -> 0 | W79: =IF(ISBLANK(AE79),0,Calculos!E31) -> 0
G80: =IF(ISBLANK(O80),0,Calculos!E57) -> 0 | W80: =IF(ISBLANK(AE80),0,Calculos!E32) -> 0
C81: SUMA | D81: =IF(COUNT(D77:E80)=0,"",D77+D78+D79+D80) | G81: =IF(COUNT(G77:G80)=0,"",G77+G78+G79+G80) -> 0 | L81: 0 | S81: SUMA | T81: =IF(COUNT(T77:U80)=0,"",T77+T78+T79+T80) | W81: =IF(COUNT(W77:W80)=0,"",W77+W78+W79+W80) -> 0 | AB81: 0
A82: 7 | G82: =IF(ISBLANK(O82),0,Calculos!E59) -> 0 | Q82: 8 | W82: =IF(ISBLANK(AE82),0,Calculos!E34) -> 0
G83: =IF(ISBLANK(O83),0,Calculos!E60) -> 0 | W83: =IF(ISBLANK(AE83),0,Calculos!E35) -> 0
G84: =IF(ISBLANK(O84),0,Calculos!E61) -> 0 | W84: =IF(ISBLANK(AE84),0,Calculos!E36) -> 0
G85: =IF(ISBLANK(O85),0,Calculos!E62) -> 0 | W85: =IF(ISBLANK(AE85),0,Calculos!E37) -> 0
C86: SUMA | D86: =IF(COUNT(D82:E85)=0,"",D82+D83+D84+D85) | G86: =IF(COUNT(G82:G85)=0,"",G82+G83+G84+G85) -> 0 | L86: 0 | S86: SUMA | T86: =IF(COUNT(T82:U85)=0,"",T82+T83+T84+T85) | W86: =IF(COUNT(W82:W85)=0,"",W82+W83+W84+W85) -> 0 | AB86: 0
A87: 9 | G87: =IF(ISBLANK(O87),0,Calculos!E64) -> 0 | Q87: 10 | W87: =IF(ISBLANK(AE87),0,Calculos!E39) -> 0
G88: =IF(ISBLANK(O88),0,Calculos!E65) -> 0 | W88: =IF(ISBLANK(AE88),0,Calculos!E40) -> 0
G89: =IF(ISBLANK(O89),0,Calculos!E66) -> 0 | W89: =IF(ISBLANK(AE89),0,Calculos!E41) -> 0
G90: =IF(ISBLANK(O90),0,Calculos!E67) -> 0 | W90: =IF(ISBLANK(AE90),0,Calculos!E42) -> 0
G91: =IF(ISBLANK(O91),0,Calculos!E68) -> 0 | S91: SUMA | T91: =IF(COUNT(T87:U90)=0,"",T87+T88+T89+T90) | W91: =IF(COUNT(W87:W90)=0,"",W87+W88+W89+W90) -> 0 | AB91: 0
C92: SUMA | D92: =IF(COUNT(D87:E91)=0,"",D87+D88+D89+D90+D91) | G92: =IF(COUNT(G87:G91)=0,"",G87+G88+G89+G90+G91) -> 0 | L92: 0 | AB92: CONDICIONES AMBIENTALES EXACTITUD
A93: 4. Mediciones auxiliares | AB93: Tini | AF93: °C
A94: Efecto de interacción magnética para balanzas con división de escala ≤ 0,1 mg | AB94: Hinicial | AF94: %HR
A95: Indicación 1: | K95: =IF(E95="N.A","",IF(ISBLANK($I$16),"",$I$16)) | L95: Indicación 2: | U95: =IF(P95="N.A","",IF(ISBLANK($I$16),"",$I$16)) | V95: Diferencia: | Y95: =IF(ISBLANK(E95),"",IF(AND(E95="N.A",P95="N.A"),"N.A",ABS(E95-P95))) | AA95: =IF(Y95="N.A","",IF(ISBLANK($I$16),"",$I$16)) | AB95: Tfinal | AF95: °C
A96: Resultado | G96: =IF(ISBLANK(E95),"",IF(AND(E95="N.A",P95="N.A"),"N.A",IF(Y95>0,"Existe interacción magnetica, informar al cliente","No existe interacción magnetica"))) | AB96: H final | AF96: %HR
G97: Nota: Si la diferencia entre las dos indicaciones es diferente de cero, se debe mencionar como advertencia en el certificado de calibración que existe interacción magnética.
A99: Medición de las condiciones ambientales
A100: Mediciones | E100: Temperatura [°C] | I100: Humedad relativa [% HR] | Z100: Hora final de la calibración:
A101: Finales:
A104: Observaciones:
C110: Calibrado por: | N110: Aprobado por:
C111: Calibrate by | N111: Approved by
AG126: codigo | AH126: Descripcion
A127: Unidades de medida | I127: Metrólogos | Q127: Cargos | Y127: Tipo de instrumentos de pesaje | AG127: TEC-LAB-MP-04 | AH127: KIT DE MASAS PATRON E2 | AO127: 04
A128: g | I128: Yamid Peláez | Q128: Director Técnico | Y128: Balanza analítica | AG128: TEC-LAB-MP-05 | AH128: KIT DE MASAS PATRON F1 | AO128: 05
A129: kg | I129: Héctor F. Carabalí | Q129: Coordinador Laboratorio Calibración | Y129: Balanza de precisión | AG129: TEC-LAB-MP-01 | AH129: MASAS M1 | AO129: 01
A130: t | I130: Jorge Enrique Charry | Q130: Metrólogo | Y130: Balanza | AG130: TEC-LAB-MP-08 | AH130: PESA INDIVIDUAL DE 5 kg | AO130: 08
I131: Cesar Augusto Cobo Cabal | Y131: Bascula | AG131: N.I. | AH131: N.I. | AO131: N.I.
I132: Carlos Carrejo | Y132: Balanza semianalítica
I133: Robert A. Teran
...

Sheet Calculos
C1: Condiciones de Referencia
C2: Presion | D2: 1000 | E2: hPa | F2: ƍo ( Densidad Aire) | G2: =(0.34848*D2-0.009*D3*EXP(0.061*D4))/(273.15+D4) -> 1.1835435 | H2: =+G2/1000 -> 0.0011835435 | N2: Tabla Convección | AZ2: mg
C3: % HR | D3: 50 | E3: % Hr | G3: Kg/m3 | H3: g/cm3 | N3: Tabla F1.2 | Q3: Intervalos de tiempo para la reducción en pasos de diferencias de temperatura | AY3: 50-1kg | AZ3: 7.79e-06 | BB3: =AZ3/1000000 -> 7.79e-12
C4: Temperatura | D4: 20 | E4: °C | N4: Tiempo de ambientación en min por T ∆ a ser alcanzado por el siguiente T ∆ mayor, Caso 3b | AY4: 20-1kg | AZ4: 3.53e-06 | BB4: =AZ4/1000000 -> 3.53e-12
Z5: Cambio conv m∆ en mg para pesas patrón, para diferencias de temperatura seleccionadas T ∆ | AY5: 10-1kg | AZ5: 1.96e-06 | BB5: =AZ5/1000000 -> 1.96e-12
C6: Condiciones del Sitio de Calibración | N6: m/Kg | O6: 20 | P6: 15 | Q6: 10 | R6: 7 | S6: 5 | T6: 3 | U6: 2 | V6: 1 | W6: Total | Z6: m/Kg | AA6: 20 | AB6: 15 | AC6: 10 | AD6: 7 | AE6: 5 | AF6: 3 | AG6: 2 | AH6: 1 | AL6: m/g | AM6: 10 | AN6: 9 | AO6: 8 | AP6: 7 | AQ6: 6 | AR6: 5 | AS6: 4 | AT6: 3 | AU6: 2 | AV6: 1 | AY6: 5-1kg | AZ6: 1.09e-06 | BB6: =AZ6/1000000 -> 1.09e-12
C7: Presion | D7: =+Formato!U45 -> 902 | E7: hPa | F7: ƍa =ƍas( Densidad Aire) | G7: =(0.34848*D7-0.009*D8*EXP(0.061*D9))/(273.15+D9) -> 1.0491547 | H7: =+G7/1000 -> 0.0010491547 | N7: 20 | P7: 96.2 | Q7: 144 | R7: 135.2 | S7: 135 | T7: 219.2 | U7: 186.6 | V7: 345.5 | W7: =+SUM(P7:V7) -> 1261.7 | Z7: 20 | AA7: 49.23 | AB7: 38 | AC7: 26.43 | AD7: 19.25 | AE7: 14.3 | AF7: 9.14 | AG7: 6.42 | AH7: 3.53 | AL7: =+Z7*1000 -> 20000 | AM7: =+AC7 -> 26.43 | AN7: =+AM7-(AM7-AP7)/($AM$6-$AP$6)*($AM$6-$AN$6) -> 24.036667 | AO7: =+AM7-(AM7-AP7)/($AM$6-$AP$6)*($AM$6-$AO$6) -> 21.643333 | AP7: =+AD7 -> 19.25 | AQ7: =+AP7-(AP7-AR7)/($AP$6-$AR$6)*($AP$6-$AQ$6) -> 16.775 | AR7: =+AE7 -> 14.3 | AS7: =+AR7-(AR7-AT7)/($AR$6-$AT$6)*($AR$6-$AS$6) -> 11.72 | AT7: =+AF7 -> 9.14 | AU7: =+AG7 -> 6.42 | AV7: =+AH7 -> 3.53 | AY7: 2-1kg | AZ7: 5.1e-07 | BB7: =AZ7/1000000 -> 5.1e-13
C8: % HR | D8: =+Formato!P44 -> 54 | E8: % Hr | G8: Kg/m3 | H8: g/cm3 | N8: 10 | P8: 68.3 | Q8: 101.9 | R8: 95.3 | S8: 94.8 | T8: 153.3 | U8: 129,9 129,9 239,1 | V8: 239.1 | W8: =+SUM(P8:V8) -> 752.7 | Z8: 10 | AA8: 26.43 | AB8: 20.47 | AC8: 14.3 | AD8: 10.45 | AE8: 7.79 | AF8: 5.01 | AG8: 3.53 | AH8: 1.96 | AL8: =+Z8*1000 -> 10000 | AM8: =+AC8 -> 14.3 | AN8: =+AM8-(AM8-AP8)/($AM$6-$AP$6)*($AM$6-$AN$6) -> 13.016667 | AO8: =+AM8-(AM8-AP8)/($AM$6-$AP$6)*($AM$6-$AO$6) -> 11.733333 | AP8: =+AD8 -> 10.45 | AQ8: =+AP8-(AP8-AR8)/($AP$6-$AR$6)*($AP$6-$AQ$6) -> 9.12 | AR8: =+AE8 -> 7.79 | AS8: =+AR8-(AR8-AT8)/($AR$6-$AT$6)*($AR$6-$AS$6) -> 6.4 | AT8: =+AF8 -> 5.01 | AU8: =+AG8 -> 3.53 | AV8: =+AH8 -> 1.96 | AY8: 1-1kg | AZ8: 2.9e-07 | BB8: =AZ8/1000000 -> 2.9e-13
C9: Temperatura | D9: =+Formato!L45 -> 24.4 | E9: °C | N9: 5 | P9: 48.1 | Q9: 71.6 | R9: 66.7 | S9: 66.1 | T9: 106.5 | U9: 89.7 | V9: 164.2 | W9: =+SUM(P9:V9) -> 612.9 | Z9: 5 | AA9: 14.3 | AB9: 11.1 | AC9: 7.79 | AD9: 5.72 | AE9: 4.28 | AF9: 2.76 | AG9: 1.96 | AH9: 1.09 | AL9: =+Z9*1000 -> 5000 | AM9: =+AC9 -> 7.79 | AN9: =+AM9-(AM9-AP9)/($AM$6-$AP$6)*($AM$6-$AN$6) -> 7.1 | AO9: =+AM9-(AM9-AP9)/($AM$6-$AP$6)*($AM$6-$AO$6) -> 6.41 | AP9: =+AD9 -> 5.72 | AQ9: =+AP9-(AP9-AR9)/($AP$6-$AR$6)*($AP$6-$AQ$6) -> 5 | AR9: =+AE9 -> 4.28 | AS9: =+AR9-(AR9-AT9)/($AR$6-$AT$6)*($AR$6-$AS$6) -> 3.52 | AT9: =+AF9 -> 2.76 | AU9: =+AG9 -> 1.96 | AV9: =+AH9 -> 1.09 | AY9: 0,5-1kg | AZ9: 1.7e-07 | BB9: =AZ9/1000000 -> 1.7e-13
N10: 2 | P10: 30 | Q10: 44.4 | R10: 41.2 | S10: 40.6 | T10: 65 | U10: 54.4 | V10: 98.8 | W10: =+SUM(P10:V10) -> 374.4 | Z10: 2 | AA10: 6.42 | AB10: 5.01 | AC10: 3.53 | AD10: 2.61 | AE10: 1.96 | AF10: 1.27 | AG10: 0.91 | AH10: 0.51 | AL10: =+Z10*1000 -> 2000 | AM10: =+AC10 -> 3.53 | AN10: =+AM10-(AM10-AP10)/($AM$6-$AP$6)*($AM$6-$AN$6) -> 3.2233333 | AO10: =+AM10-(AM10-AP10)/($AM$6-$AP$6)*($AM$6-$AO$6) -> 2.9166667 | AP10: =+AD10 -> 2.61 | AQ10: =+AP10-(AP10-AR10)/($AP$6-$AR$6)*($AP$6-$AQ$6) -> 2.285 | AR10: =+AE10 -> 1.96 | AS10: =+AR10-(AR10-AT10)/($AR$6-$AT$6)*($AR$6-$AS$6) -> 1.615 | AT10: =+AF10 -> 1.27 | AU10: =+AG10 -> 0.91 | AV10: =+AH10 -> 0.51 | AY10: 0,2-1kg | AZ10: 8e-08 | BB10: =AZ10/1000000 -> 8e-14
C11: Densidad Masa con las que se calibra ƍs | D11: =+VLOOKUP(Formato!I36,'Errores Patrones'!AB4:AG25,6,0) -> 7.95 | E11: Kg/dm3 (g/cm3) | N11: 1 | P11: 20.8 | Q11: 30.7 | R11: 28.3 | S11: 27.8 | T11: 44.3 | U11: 37 | V11: 66.7 | W11: =+SUM(P11:V11) -> 255.6 | Z11: 1 | AA11: 3.53 | AB11: 2.76 | AC11: 1.96 | AD11: 1.45 | AE11: 1.09 | AF11: 0.72 | AG11: 0.51 | AH11: 0.29 | AL11: 1210 | AM11: =AM14+AM26+AM33 -> 2.52 | AN11: =AN14+AN26+AN33 -> 2.3 | AO11: =AO14+AO26+AO33 -> 2.08 | AP11: =AP14+AP26+AP33 -> 1.86 | AQ11: =AQ14+AQ26+AQ33 -> 1.635 | AR11: =AR14+AR26+AR33 -> 1.41 | AS11: =AS14+AS26+AS33 -> 1.17 | AT11: =AT14+AT26+AT33 -> 0.93 | ... AV11: =AV14+AV26+AV33 -> 0.38 | AY11: 0,1-1kg | AZ11: 5e-08 | BB11: =AZ11/1000000 -> 5e-14
C12: DENSIDAD Masa Usada en el ajuste ƍ ( cuando es diferente a las masa de la calibración) | D12: =+Formato!U48 -> 0 | E12: Kg/dm3 (g/cm3) | N12: 0.5 | P12: 14.3 | Q12: 21 | R12: 19.3 | S12: 18.9 | T12: 30 | U12: 24.9 | V12: 44.7 | W12: =+SUM(P12:V12) -> 173.1 | Z12: 0.5 | AA12: 1.96 | AB12: 1.54 | AC12: 1.09 | AD12: 0.81 | AE12: 0.61 | AF12: 0.4 | AG12: 0.29 | AH12: 0.17 | AL12: 1200 | AM12: =AM14+AM26 -> 2.47 | AN12: =AN14+AN26 -> 2.2566667 | AO12: =AO14+AO26 -> 2.0433333 | AP12: =AP14+AP26 -> 1.83 | AQ12: =AQ14+AQ26 -> 1.605 | AR12: =AR14+AR26 -> 1.38 | AS12: =AS14+AS26 -> 1.145 | AT12: =AT14+AT26 -> 0.91 | ... AV12: =AV14+AV26 -> 0.37 | AY12: 0,05-1kg | AZ12: 3e-08 | BB12: =AZ12/1000000 -> 3e-14
N13: 0.2 | P13: 8.6 | Q13: 12.6 | R13: 11.6 | S13: 11.3 | T13: 17.8 | U13: 14.6 | V13: 26.1 | W13: =+SUM(P13:V13) -> 102.6 | Z13: 0.2 | AA13: 0.91 | AB13: 0.72 | AC13: 0.51 | AD13: 0.38 | AE13: 0.29 | AF13: 0.19 | AG13: 0.14 | AH13: 0.08 | AL13: 1100 | AM13: =AM14+AM29 -> 2.25 | AN13: =AN14+AN29 -> 2.0566667 | AO13: =AO14+AO29 -> 1.8633333 | AP13: =AP14+AP29 -> 1.67 | AQ13: =AQ14+AQ29 -> 1.465 | AR13: =AR14+AR29 -> 1.26 | AS13: =AS14+AS29 -> 1.045 | AT13: =AT14+AT29 -> 0.83 | ... AV13: =AV14+AV29 -> 0.34 | AY13: 0,02-1kg | AZ13: 1e-08 | BB13: =AZ13/1000000 -> 1e-14
C14: Diferencia de temperatura Ambiente vs Temperatura masa mayor | E14: =+IF(Formato!O52=0,0,ROUNDUP(IF((Formato!O52)="","",Formato!O52-Formato!L44),0)) -> 1 | N14: 0.1 | P14: 5.8 | Q14: 8.5 | R14: 7.8 | S14: 7.5 | T14: 11.8 | U14: 9.7 | V14: 17.2 | W14: =+SUM(P14:V14) -> 68.3 | Z14: 0.1 | AA14: 0.51 | AB14: 0.4 | AC14: 0.29 | AD14: 0.22 | AE14: 0.17 | AF14: 0.11 | AG14: 0.08 | AH14: 0.05 | AL14: =+Z11*1000 -> 1000 | AM14: =+AC11 -> 1.96 | AN14: =+AM14-(AM14-AP14)/($AM$6-$AP$6)*($AM$6-$AN$6) -> 1.79 | AO14: =+AM14-(AM14-AP14)/($AM$6-$AP$6)*($AM$6-$AO$6) -> 1.62 | AP14: =+AD11 -> 1.45 | AQ14: =+AP14-(AP14-AR14)/($AP$6-$AR$6)*($AP$6-$AQ$6) -> 1.27 | AR14: =+AE11 -> 1.09 | AS14: =+AR14-(AR14-AT14)/($AR$6-$AT$6)*($AR$6-$AS$6) -> 0.905 | AT14: =+AF11 -> 0.72 | AU14: =+AG11 -> 0.51 | AV14: =+AH11 -> 0.29 | AY14: 0,01-1kg | AZ14: 1e-08 | BB14: =AZ14/1000000 -> 1e-14
C15: unidad de medida | E15: =Formato!AA20 -> g | N15: 0.05 | P15: 3.9 | Q15: 5.7 | R15: 5.2 | S15: 5 | T15: 7.8 | U15: 6.4 | V15: 11.3 | W15: =+SUM(P15:V15) -> 45.3 | Z15: 0.05 | AA15: 0.29 | AB15: 0.23 | AC15: 0.17 | AD15: 0.12 | AE15: 0.09 | AF15: 0.06 | AG15: 0.05 | AH15: 0.03 | AL15: 900 | AM15: =AM19+AM20 -> 2.11 | AN15: =AN19+AN20 -> 1.93 | AO15: =AO19+AO20 -> 1.75 | AP15: =AP19+AP20 -> 1.57 | AQ15: =AQ19+AQ20 -> 1.38 | AR15: =AR19+AR20 -> 1.19 | AS15: =AS19+AS20 -> 0.985 | AT15: =AT19+AT20 -> 0.78 | ... AV15: =AV19+AV20 -> 0.33 | BB15: =AZ15/1000 -> 0
B16: 3. Prueba para los errores de las indicaciones | N16: 0.02 | P16: 2.3 | Q16: 3.3 | R16: 3 | S16: 2.9 | T16: 4.5 | U16: 3.7 | V16: 6.4 | W16: =+SUM(P16:V16) -> 26.1 | Z16: 0.02 | AA16: 0.14 | AB16: 0.11 | AC16: 0.08 | AD16: 0.06 | AE16: 0.05 | AF16: 0.03 | AG16: 0.02 | AH16: 0.01 | AL16: 800 | AM16: =AM19+AM21 -> 1.89 | AN16: =AN19+AN21 -> 1.73 | AO16: =AO19+AO21 -> 1.57 | AP16: =AP19+AP21 -> 1.41 | AQ16: =AQ19+AQ21 -> 1.24 | AR16: =AR19+AR21 -> 1.07 | AS16: =AS19+AS21 -> 0.885 | AT16: =AT19+AT21 -> 0.7 | ... AV16: =AV19+AV21 -> 0.3 | AY16: 50000-1g | AZ16: 0.00779 | BB16: =AZ16/1000 -> 7.79e-06
N17: 0.01 | P17: 1.5 | Q17: 2.2 | R17: 2 | S17: 1.9 | T17: 2.9 | U17: 2.4 | V17: 4.2 | W17: =+SUM(P17:V17) -> 17.1 | Z17: 0.01 | AA17: 0.08 | AB17: 0.06 | AC17: 0.05 | AD17: 0.03 | AE17: 0.03 | AF17: 0.02 | AG17: 0.01 | AH17: 0.01 | AL17: 700 | AM17: =AM19+AM26 -> 1.6 | AN17: =AN19+AN26 -> 1.4633333 | AO17: =AO19+AO26 -> 1.3266667 | AP17: =AP19+AP26 -> 1.19 | AQ17: =AQ19+AQ26 -> 1.045 | AR17: =AR19+AR26 -> 0.9 | AS17: =AS19+AS26 -> 0.745 | AT17: =AT19+AT26 -> 0.59 | ... AV17: =AV19+AV26 -> 0.25 | AY17: 20000-1g | AZ17: 0.00353 | BB17: =AZ17/1000 -> 3.53e-06
C18: Valor Nominal | D18: Indicacion del Instrumento | E18: Masa Convencional | F18: Correccion por Empuje del Aire | G18: Corrección por Convección | H18: m ref | I18: U Exp | J18: K | K18: Deriva | L18: EMP | AL18: 600 | AM18: =AM19+AM29 -> 1.38 | AN18: =AN19+AN29 -> 1.2633333 | AO18: =AO19+AO29 -> 1.1466667 | AP18: =AP19+AP29 -> 1.03 | AQ18: =AQ19+AQ29 -> 0.905 | AR18: =AR19+AR29 -> 0.78 | AS18: =AS19+AS29 -> 0.645 | AT18: =AT19+AT29 -> 0.51 | ... AV18: =AV19+AV29 -> 0.22 | AY18: 10000-1g | AZ18: 0.00196 | BB18: =AZ18/1000 -> 1.96e-06
B19: =(CONCATENATE(Formato!S83,"-",Formato!T83," ,",Formato!$I$20,"-",Formato!V83)) -> N/A-0,01 ,g-04 | C19: =+IF(Formato!T83="","",Formato!T83) -> 0.01 | E19: =+IF(C19="","",VLOOKUP(CONCATENATE(Formato!S83,"-",Formato!T83," ,",Formato!$I$20,"-",Formato!V83),'Errores Patrones'!$G$4:$M$1500,3,0)*Formato!AE83) -> 0.0099997 | G19: =IF(C19="","",_xlfn.IFNA(-VLOOKUP(CONCATENATE(C19,"-",ABS($E$14),$E$15),$AY$3:$AZ$409,2,0),0)) -> 0 | I19: =+IF(C19="","",VLOOKUP(CONCATENATE(Formato!S83,"-",Formato!T83," ,",Formato!$I$20,"-",Formato!V83),'Errores Patrones'!$G$4:$M$1508,4,0)*Formato!AE83) -> 2.7e-06 | J19: =+IF(C19="","",VLOOKUP(CONCATENATE(Formato!S83,"-",Formato!T83," ,",Formato!$I$20,"-",Formato!V83),'Errores Patrones'!$G$4:$M$1508,5,0)) -> 2 | K19: =+IF(C19="","",VLOOKUP(CONCATENATE(Formato!S83,"-",Formato!T83," ,",Formato!$I$20,"-",Formato!V83),'Errores Patrones'!$G$4:$M$1508,7,0)) -> 2.7e-06 | L19: =+IF(C19="","",VLOOKUP(CONCATENATE(Formato!S83,"-",Formato!T83," ,",Formato!$I$20,"-",Formato!V83),'Errores Patrones'!$G$4:$O$1508,9,0)) -> 0.0002 | M19: =CONCATENATE(C19,"-",ABS($E$14),$E$15) -> 0,01-1g | AL19: =+Z12*1000 -> 500 | AM19: =+AC12 -> 1.09 | AN19: =+AM19-(AM19-AP19)/($AM$6-$AP$6)*($AM$6-$AN$6) -> 0.99666667 | AO19: =+AM19-(AM19-AP19)/($AM$6-$AP$6)*($AM$6-$AO$6) -> 0.90333333 | AP19: =+AD12 -> 0.81 | AQ19: =+AP19-(AP19-AR19)/($AP$6-$AR$6)*($AP$6-$AQ$6) -> 0.71 | AR19: =+AE12 -> 0.61 | AS19: =+AR19-(AR19-AT19)/($AR$6-$AT$6)*($AR$6-$AS$6) -> 0.505 | AT19: =+AF12 -> 0.4 | AU19: =+AG12 -> 0.29 | AV19: =+AH12 -> 0.17 | AY19: 5000-1g | AZ19: 0.00109 | BB19: =AZ19/1000 -> 1.09e-06
A20: 1 | B20: =(CONCATENATE(Formato!S84,"-",Formato!T84," ,",Formato!$I$20,"-",Formato!V84)) -> - ,g- | C20: =+IF(Formato!T84="","",Formato!T84) | D20: =IF(Formato!X88="","",Formato!X88) | E20: =+IF(C20="","",VLOOKUP(CONCATENATE(Formato!S84,"-",Formato!T84," ,",Formato!$I$20,"-",Formato!V84),'Errores Patrones'!$G$4:$M$1500,3,0)*Formato!AE84) | G20: =IF(C20="","",_xlfn.IFNA(-VLOOKUP(CONCATENATE(C20,"-",ABS($E$14),$E$15),$AY$3:$AZ$409,2,0),0)) | I20: =+IF(C20="","",VLOOKUP(CONCATENATE(Formato!S84,"-",Formato!T84," ,",Formato!$I$20,"-",Formato!V84),'Errores Patrones'!$G$4:$M$1508,4,0)*Formato!AE84) | J20: =+IF(C20="","",VLOOKUP(CONCATENATE(Formato!S84,"-",Formato!T84," ,",Formato!$I$20,"-",Formato!V84),'Errores Patrones'!$G$4:$M$1508,5,0)) | K20: =+IF(C20="","",VLOOKUP(CONCATENATE(Formato!S84,"-",Formato!T84," ,",Formato!$I$20,"-",Formato!V84),'Errores Patrones'!$G$4:$M$1508,7,0)) | L20: =+IF(C20="","",VLOOKUP(CONCATENATE(Formato!S84,"-",Formato!T84," ,",Formato!$I$20,"-",Formato!V84),'Errores Patrones'!$G$4:$O$1508,9,0)) | M20: =CONCATENATE(C20,"-",ABS($E$14),$E$15) -> -1g | AL20: 400 | AM20: =AM26*2 -> 1.02 | AN20: =AN26*2 -> 0.93333333 | AO20: =AO26*2 -> 0.84666667 | AP20: =AP26*2 -> 0.76 | AQ20: =AQ26*2 -> 0.67 | AR20: =AR26*2 -> 0.58 | AS20: =AS26*2 -> 0.48 | AT20: =AT26*2 -> 0.38 | ... AV20: =AV26*2 -> 0.16 | AY20: 2000-1g | AZ20: 0.00051 | BB20: =AZ20/1000 -> 5.1e-07
B21: =(CONCATENATE(Formato!S85,"-",Formato!T85," ,",Formato!$I$20,"-",Formato!V85)) -> - ,g- | C21: =+IF(Formato!T85="","",Formato!T85) | D21: =IF(Formato!X89="","",Formato!X89) | E21: =+IF(C21="","",VLOOKUP(CONCATENATE(Formato!S85,"-",Formato!T85," ,",Formato!$I$20,"-",Formato!V85),'Errores Patrones'!$G$4:$M$1500,3,0)*Formato!AE85) | G21: =IF(C21="","",_xlfn.IFNA(-VLOOKUP(CONCATENATE(C21,"-",ABS($E$14),$E$15),$AY$3:$AZ$409,2,0),0)) | I21: =+IF(C21="","",VLOOKUP(CONCATENATE(Formato!S85,"-",Formato!T85," ,",Formato!$I$20,"-",Formato!V85),'Errores Patrones'!$G$4:$M$1508,4,0)*Formato!AE85) | J21: =+IF(C21="","",VLOOKUP(CONCATENATE(Formato!S85,"-",Formato!T85," ,",Formato!$I$20,"-",Formato!V85),'Errores Patrones'!$G$4:$M$1508,5,0)) | K21: =+IF(C21="","",VLOOKUP(CONCATENATE(Formato!S85,"-",Formato!T85," ,",Formato!$I$20,"-",Formato!V85),'Errores Patrones'!$G$4:$M$1508,7,0)) | L21: =+IF(C21="","",VLOOKUP(CONCATENATE(Formato!S85,"-",Formato!T85," ,",Formato!$I$20,"-",Formato!V85),'Errores Patrones'!$G$4:$O$1508,9,0)) | M21: =CONCATENATE(C21,"-",ABS($E$14),$E$15) -> -1g | AL21: 300 | AM21: =AM26+AM29 -> 0.8 | AN21: =AN26+AN29 -> 0.73333333 | AO21: =AO26+AO29 -> 0.66666667 | AP21: =AP26+AP29 -> 0.6 | AQ21: =AQ26+AQ29 -> 0.53 | AR21: =AR26+AR29 -> 0.46 | AS21: =AS26+AS29 -> 0.38 | AT21: =AT26+AT29 -> 0.3 | ... AV21: =AV26+AV29 -> 0.13 | AY21: 1000-1g | AZ21: 0.00029 | BB21: =AZ21/1000 -> 2.9e-07
B22: =(CONCATENATE(Formato!S86,"-",Formato!T86," ,",Formato!$I$20,"-",Formato!V86)) -> - ,g- | C22: =+IF(Formato!T86="","",Formato!T86) | D22: =IF(Formato!X90="","",Formato!X90) | E22: =+IF(C22="","",VLOOKUP(CONCATENATE(Formato!S86,"-",Formato!T86," ,",Formato!$I$20,"-",Formato!V86),'Errores Patrones'!$G$4:$M$1500,3,0)*Formato!AE86) | G22: =IF(C22="","",_xlfn.IFNA(-VLOOKUP(CONCATENATE(C22,"-",ABS($E$14),$E$15),$AY$3:$AZ$409,2,0),0)) | I22: =+IF(C22="","",VLOOKUP(CONCATENATE(Formato!S86,"-",Formato!T86," ,",Formato!$I$20,"-",Formato!V86),'Errores Patrones'!$G$4:$M$1508,4,0)*Formato!AE86) | J22: =+IF(C22="","",VLOOKUP(CONCATENATE(Formato!S86,"-",Formato!T86," ,",Formato!$I$20,"-",Formato!V86),'Errores Patrones'!$G$4:$M$1508,5,0)) | K22: =+IF(C22="","",VLOOKUP(CONCATENATE(Formato!S86,"-",Formato!T86," ,",Formato!$I$20,"-",Formato!V86),'Errores Patrones'!$G$4:$M$1508,7,0)) | L22: =+IF(C22="","",VLOOKUP(CONCATENATE(Formato!S86,"-",Formato!T86," ,",Formato!$I$20,"-",Formato!V86),'Errores Patrones'!$G$4:$O$1508,9,0)) | M22: =CONCATENATE(C22,"-",ABS($E$14),$E$15) -> -1g | AL22: 250 | AM22: =AM26+AM31 -> 0.68 | AN22: =AN26+AN31 -> 0.62 | AO22: =AO26+AO31 -> 0.56 | AP22: =AP26+AP31 -> 0.5 | AQ22: =AQ26+AQ31 -> 0.44 | AR22: =AR26+AR31 -> 0.38 | AS22: =AS26+AS31 -> 0.315 | AT22: =AT26+AT31 -> 0.25 | ... AV22: =AV26+AV31 -> 0.11 | AY22: 500-1g | AZ22: 0.00017 | BB22: =AZ22/1000 -> 1.7e-07
B23: =(CONCATENATE(Formato!S87,"-",Formato!T87," ,",Formato!$I$20,"-",Formato!V87)) -> SUMA-0,01 ,g- | D23: =IF(Formato!X87="","",Formato!X87-Formato!AB87) -> 0.01 | E23: =+IF(C19="","",SUM(E19:E22)) -> 0.0099997 | F23: =IF(AND(Formato!$W$47="SI",$D$12="SOLICITAR CERTIFICADO DE LAS PESAS"),"Ingrese Densidad Masas de Ajuste",IF(Formato!$W$47="SI",-E23*($H$7-$H$2)*((1/$D$11-1/8)+($D$11-$D$12)/8),-E23*(($H$7-$H$2)*(1/$D$11-1/8)))) -> 1.0564838e-09 | G23: =+IF(C19="","",SUM(G19:G22)) -> 0 | H23: =+IF(OR(E23="",F23="Ingrese Densidad Masas de Ajuste"),"",IF(E23="--","--",E23+F23+G23)) -> 0.0099997011 | I23: =+IF(C19="","",SUM(I19:I22)) -> 2.7e-06 | J23: =+IF(C19="","",MIN(J19:J22)) -> 2 | K23: =+IF(G19="","",SUM(K19:K22)) -> 2.7e-06 | L23: =+IF(C19="","",SUM(L19:L22)) -> 0.0002 | M23: =CONCATENATE(C23,"-",ABS($E$14),$E$15) -> -1g | AY23: 200-1g | AZ23: 8e-05 | BB23: =AZ23/1000 -> 8e-08
B24: =(CONCATENATE(Formato!S88,"-",Formato!T88," ,",Formato!$I$20,"-",Formato!V88)) -> SI-2 ,g-04 | C24: =+IF(Formato!T88="","",Formato!T88) -> 2 | E24: =+IF(C24="","",VLOOKUP(CONCATENATE(Formato!S88,"-",Formato!T88," ,",Formato!$I$20,"-",Formato!V88),'Errores Patrones'!$G$4:$M$1508,3,0)*Formato!AE88) -> 1.99999 | G24: =IF(C24="","",_xlfn.IFNA(-VLOOKUP(CONCATENATE(C24,"-",ABS($E$14),$E$15),$AY$3:$AZ$409,2,0),0)) -> 0 | I24: =+IF(C24="","",VLOOKUP(CONCATENATE(Formato!S88,"-",Formato!T88," ,",Formato!$I$20,"-",Formato!V88),'Errores Patrones'!$G$4:$M$1508,4,0)*Formato!AE88) -> 1.3e-05 | J24: =+IF(C24="","",VLOOKUP(CONCATENATE(Formato!S88,"-",Formato!T88," ,",Formato!$I$20,"-",Formato!V88),'Errores Patrones'!$G$4:$M$1508,5,0)) -> 2 | K24: =+IF(C24="","",VLOOKUP(CONCATENATE(Formato!S88,"-",Formato!T88," ,",Formato!$I$20,"-",Formato!V88),'Errores Patrones'!$G$4:$M$1508,7,0)) -> 1.3e-05 | L24: =+IF(C24="","",VLOOKUP(CONCATENATE(Formato!S88,"-",Formato!T88," ,",Formato!$I$20,"-",Formato!V88),'Errores Patrones'!$G$4:$O$1508,9,0)) -> 0.01 | M24: =CONCATENATE(C24,"-",ABS($E$14),$E$15) -> 2-1g | N24: =CONCATENATE(Formato!S88,"-",Formato!T88," ,",Formato!$I$20,"-",Formato!V88) -> SI-2 ,g-04 | AL24: 220 | AM24: =AM26+AM32 -> 0.59 | AN24: =AN26+AN32 -> 0.54 | AO24: =AO26+AO32 -> 0.49 | AP24: =AP26+AP32 -> 0.44 | AQ24: =AQ26+AQ32 -> 0.39 | AR24: =AR26+AR32 -> 0.34 | AS24: =AS26+AS32 -> 0.28 | AT24: =AT26+AT32 -> 0.22 | ... AV24: =AV26+AV32 -> 0.09 | AY24: 100-1g | AZ24: 5e-05 | BB24: =AZ24/1000 -> 5e-08
B25: =(CONCATENATE(Formato!S89,"-",Formato!T89," ,",Formato!$I$20,"-",Formato!V89)) -> NO-2 ,g-04 | C25: =+IF(Formato!T89="","",Formato!T89) -> 2 | D25: =IF(Formato!X93="","",Formato!X93) | E25: =+IF(C25="","",VLOOKUP(CONCATENATE(Formato!S89,"-",Formato!T89," ,",Formato!$I$20,"-",Formato!V89),'Errores Patrones'!$G$4:$M$1508,3,0)*Formato!AE89) -> 2.000004 | G25: =IF(C25="","",_xlfn.IFNA(-VLOOKUP(CONCATENATE(C25,"-",ABS($E$14),$E$15),$AY$3:$AZ$409,2,0),0)) -> 0 | I25: =+IF(C25="","",VLOOKUP(CONCATENATE(Formato!S89,"-",Formato!T89," ,",Formato!$I$20,"-",Formato!V89),'Errores Patrones'!$G$4:$M$1508,4,0)*Formato!AE89) -> 1.3e-05 | J25: =+IF(C25="","",VLOOKUP(CONCATENATE(Formato!S89,"-",Formato!T89," ,",Formato!$I$20,"-",Formato!V89),'Errores Patrones'!$G$4:$M$1508,5,0)) -> 2 | K25: =+IF(C25="","",VLOOKUP(CONCATENATE(Formato!S89,"-",Formato!T89," ,",Formato!$I$20,"-",Formato!V89),'Errores Patrones'!$G$4:$M$1508,7,0)) -> 1.3e-05 | L25: =+IF(C25="","",VLOOKUP(CONCATENATE(Formato!S89,"-",Formato!T89," ,",Formato!$I$20,"-",Formato!V89),'Errores Patrones'!$G$4:$O$1508,9,0)) -> 0.01 | M25: =CONCATENATE(C25,"-",ABS($E$14),$E$15) -> 2-1g | AL25: 210 | AM25: =+AM26+AM33 -> 0.56 | AN25: =+AN26+AN33 -> 0.51 | AO25: =+AO26+AO33 -> 0.46 | AP25: =+AP26+AP33 -> 0.41 | AQ25: =+AQ26+AQ33 -> 0.365 | AR25: =+AR26+AR33 -> 0.32 | AS25: =+AS26+AS33 -> 0.265 | AT25: =+AT26+AT33 -> 0.21 | ... AV25: =+AV26+AV33 -> 0.09 | AY25: 50-1g | AZ25: 3e-05 | BB25: =AZ25/1000 -> 3e-08
A26: 2 | B26: =(CONCATENATE(Formato!S90,"-",Formato!T90," ,",Formato!$I$20,"-",Formato!V90)) -> - ,g- | C26: =+IF(Formato!T90="","",Formato!T90) | D26: =IF(Formato!X94="","",Formato!X94) | E26: =+IF(C26="","",VLOOKUP(CONCATENATE(Formato!S90,"-",Formato!T90," ,",Formato!$I$20,"-",Formato!V90),'Errores Patrones'!$G$4:$M$1508,3,0)*Formato!AE90) | G26: =IF(C26="","",_xlfn.IFNA(-VLOOKUP(CONCATENATE(C26,"-",ABS($E$14),$E$15),$AY$3:$AZ$409,2,0),0)) | I26: =+IF(C26="","",VLOOKUP(CONCATENATE(Formato!S90,"-",Formato!T90," ,",Formato!$I$20,"-",Formato!V90),'Errores Patrones'!$G$4:$M$1508,4,0)*Formato!AE90) | J26: =+IF(C26="","",VLOOKUP(CONCATENATE(Formato!S90,"-",Formato!T90," ,",Formato!$I$20,"-",Formato!V90),'Errores Patrones'!$G$4:$M$1508,5,0)) | K26: =+IF(C26="","",VLOOKUP(CONCATENATE(Formato!S90,"-",Formato!T90," ,",Formato!$I$20,"-",Formato!V90),'Errores Patrones'!$G$4:$M$1508,7,0)) | L26: =+IF(C26="","",VLOOKUP(CONCATENATE(Formato!S90,"-",Formato!T90," ,",Formato!$I$20,"-",Formato!V90),'Errores Patrones'!$G$4:$O$1508,9,0)) | M26: =CONCATENATE(C26,"-",ABS($E$14),$E$15) -> -1g | AL26: =+Z13*1000 -> 200 | AM26: =+AC13 -> 0.51 | AN26: =+AM26-(AM26-AP26)/($AM$6-$AP$6)*($AM$6-$AN$6) -> 0.46666667 | AO26: =+AM26-(AM26-AP26)/($AM$6-$AP$6)*($AM$6-$AO$6) -> 0.42333333 | AP26: =+AD13 -> 0.38 | AQ26: =+AP26-(AP26-AR26)/($AP$6-$AR$6)*($AP$6-$AQ$6) -> 0.335 | AR26: =+AE13 -> 0.29 | AS26: =+AR26-(AR26-AT26)/($AR$6-$AT$6)*($AR$6-$AS$6) -> 0.24 | AT26: =+AF13 -> 0.19 | AU26: =+AG13 -> 0.14 | AV26: =+AH13 -> 0.08 | AY26: 20-1g | AZ26: 1e-05 | BB26: =AZ26/1000 -> 1e-08
B27: =(CONCATENATE(Formato!S91,"-",Formato!T91," ,",Formato!$I$20,"-",Formato!V91)) -> - ,g- | C27: =+IF(Formato!T91="","",Formato!T91) | D27: =IF(Formato!X95="","",Formato!X95) | E27: =+IF(C27="","",VLOOKUP(CONCATENATE(Formato!S91,"-",Formato!T91," ,",Formato!$I$20,"-",Formato!V91),'Errores Patrones'!$G$4:$M$1508,3,0)*Formato!AE91) | G27: =IF(C27="","",_xlfn.IFNA(-VLOOKUP(CONCATENATE(C27,"-",ABS($E$14),$E$15),$AY$3:$AZ$409,2,0),0)) | I27: =+IF(C27="","",VLOOKUP(CONCATENATE(Formato!S91,"-",Formato!T91," ,",Formato!$I$20,"-",Formato!V91),'Errores Patrones'!$G$4:$M$1508,4,0)*Formato!AE91) | J27: =+IF(C27="","",VLOOKUP(CONCATENATE(Formato!S91,"-",Formato!T91," ,",Formato!$I$20,"-",Formato!V91),'Errores Patrones'!$G$4:$M$1508,5,0)) | K27: =+IF(C27="","",VLOOKUP(CONCATENATE(Formato!S91,"-",Formato!T91," ,",Formato!$I$20,"-",Formato!V91),'Errores Patrones'!$G$4:$M$1508,7,0)) | L27: =+IF(C27="","",VLOOKUP(CONCATENATE(Formato!S91,"-",Formato!T91," ,",Formato!$I$20,"-",Formato!V91),'Errores Patrones'!$G$4:$O$1508,9,0)) | M27: =CONCATENATE(C27,"-",ABS($E$14),$E$15) -> -1g | AL27: 170 | AM27: =+AM29+AM32+AM31 -> 0.54 | AN27: =+AN29+AN32+AN31 -> 0.49333333 | AO27: =+AO29+AO32+AO31 -> 0.44666667 | AP27: =+AP29+AP32+AP31 -> 0.4 | AQ27: =+AQ29+AQ32+AQ31 -> 0.355 | AR27: =+AR29+AR32+AR31 -> 0.31 | AS27: =+AS29+AS32+AS31 -> 0.255 | AT27: =+AT29+AT32+AT31 -> 0.2 | ... AV27: =+AV29+AV32+AV31 -> 0.09 | AY27: 10-1g | AZ27: 1e-05 | BB27: =AZ27/1000 -> 1e-08
B28: =(CONCATENATE(Formato!S92,"-",Formato!T92," ,",Formato!$I$20,"-",Formato!V92)) -> SUMA-4 ,g- | D28: =IF(Formato!X92="","",Formato!X92-Formato!AB92) -> 4 | E28: =+IF(C24="","",SUM(E24:E27)) -> 3.999994 | F28: =IF(AND(Formato!$W$47="SI",$D$12="SOLICITAR CERTIFICADO DE LAS PESAS"),"Ingrese Densidad Masas de Ajuste",IF(Formato!$W$47="SI",-E28*($H$7-$H$2)*((1/$D$11-1/8)+($D$11-$D$12)/8),-E28*(($H$7-$H$2)*(1/$D$11-1/8)))) -> 4.2260555e-07 | G28: =+IF(C24="","",SUM(G24:G27)) -> 0 | H28: =+IF(OR(E28="",F28="Ingrese Densidad Masas de Ajuste"),"",IF(E28="--","--",E28+F28+G28)) -> 3.9999944 | I28: =+IF(C24="","",SUM(I24:I27)) -> 2.6e-05 | J28: =+IF(C24="","",MIN(J24:J27)) -> 2 | K28: =+IF(G24="","",SUM(K24:K27)) -> 2.6e-05 | L28: =+IF(C24="","",SUM(L24:L27)) -> 0.02 | M28: =CONCATENATE(C28,"-",ABS($E$14),$E$15) -> -1g | AL28: 150 | AM28: =+AM29+AM31 -> 0.46 | AN28: =+AN29+AN31 -> 0.42 | AO28: =+AO29+AO31 -> 0.38 | AP28: =+AP29+AP31 -> 0.34 | AQ28: =+AQ29+AQ31 -> 0.3 | AR28: =+AR29+AR31 -> 0.26 | AS28: =+AS29+AS31 -> 0.215 | AT28: =+AT29+AT31 -> 0.17 | ... AV28: =+AV29+AV31 -> 0.08
B29: =(CONCATENATE(Formato!S93,"-",Formato!T93," ,",Formato!$I$20,"-",Formato!V93)) -> N/A-5 ,g-04 | C29: =+IF(Formato!T93="","",Formato!T93) -> 5 | E29: =+IF(C29="","",VLOOKUP(CONCATENATE(Formato!S93,"-",Formato!T93," ,",Formato!$I$20,"-",Formato!V93),'Errores Patrones'!$G$4:$M$1508,3,0)*Formato!AE93) -> 4.999988 | G29: =IF(C29="","",_xlfn.IFNA(-VLOOKUP(CONCATENATE(C29,"-",ABS($E$14),$E$15),$AY$3:$AZ$409,2,0),0)) -> 0 | I29: =+IF(C29="","",VLOOKUP(CONCATENATE(Formato!S93,"-",Formato!T93," ,",Formato!$I$20,"-",Formato!V93),'Errores Patrones'!$G$4:$M$1508,4,0)*Formato!AE93) -> 1.7e-05 | J29: =+IF(C29="","",VLOOKUP(CONCATENATE(Formato!S93,"-",Formato!T93," ,",Formato!$I$20,"-",Formato!V93),'Errores Patrones'!$G$4:$M$1508,5,0)) -> 2 | K29: =+IF(C29="","",VLOOKUP(CONCATENATE(Formato!S93,"-",Formato!T93," ,",Formato!$I$20,"-",Formato!V93),'Errores Patrones'!$G$4:$M$1508,7,0)) -> 1.7e-05 | L29: =+IF(C29="","",VLOOKUP(CONCATENATE(Formato!S93,"-",Formato!T93," ,",Formato!$I$20,"-",Formato!V93),'Errores Patrones'!$G$4:$O$1508,9,0)) -> 0.025 | M29: =CONCATENATE(C29,"-",ABS($E$14),$E$15) -> 5-1g | AL29: =+Z14*1000 -> 100 | AM29: =+AC14 -> 0.29 | AN29: =+AM29-(AM29-AP29)/($AM$6-$AP$6)*($AM$6-$AN$6) -> 0.26666667 | AO29: =+AM29-(AM29-AP29)/($AM$6-$AP$6)*($AM$6-$AO$6) -> 0.24333333 | AP29: =+AD14 -> 0.22 | AQ29: =+AP29-(AP29-AR29)/($AP$6-$AR$6)*($AP$6-$AQ$6) -> 0.195 | AR29: =+AE14 -> 0.17 | AS29: =+AR29-(AR29-AT29)/($AR$6-$AT$6)*($AR$6-$AS$6) -> 0.14 | AT29: =+AF14 -> 0.11 | AU29: =+AG14 -> 0.08 | AV29: =+AH14 -> 0.05 | AY29: 50000000-1mg | AZ29: 7.79
A30: 3 | B30: =(CONCATENATE(Formato!S94,"-",Formato!T94," ,",Formato!$I$20,"-",Formato!V94)) -> SI-2 ,g-04 | C30: =+IF(Formato!T94="","",Formato!T94) -> 2 | D30: =IF(Formato!X98="","",Formato!X98) | E30: =+IF(C30="","",VLOOKUP(CONCATENATE(Formato!S94,"-",Formato!T94," ,",Formato!$I$20,"-",Formato!V94),'Errores Patrones'!$G$4:$M$1508,3,0)*Formato!AE94) -> 1.99999 | G30: =IF(C30="","",_xlfn.IFNA(-VLOOKUP(CONCATENATE(C30,"-",ABS($E$14),$E$15),$AY$3:$AZ$409,2,0),0)) -> 0 | I30: =+IF(C30="","",VLOOKUP(CONCATENATE(Formato!S94,"-",Formato!T94," ,",Formato!$I$20,"-",Formato!V94),'Errores Patrones'!$G$4:$M$1508,4,0)*Formato!AE94) -> 1.3e-05 | J30: =+IF(C30="","",VLOOKUP(CONCATENATE(Formato!S94,"-",Formato!T94," ,",Formato!$I$20,"-",Formato!V94),'Errores Patrones'!$G$4:$M$1508,5,0)) -> 2 | K30: =+IF(C30="","",VLOOKUP(CONCATENATE(Formato!S94,"-",Formato!T94," ,",Formato!$I$20,"-",Formato!V94),'Errores Patrones'!$G$4:$M$1508,7,0)) -> 1.3e-05 | L30: =+IF(C30="","",VLOOKUP(CONCATENATE(Formato!S94,"-",Formato!T94," ,",Formato!$I$20,"-",Formato!V94),'Errores Patrones'!$G$4:$O$1508,9,0)) -> 0.01 | M30: =CONCATENATE(C30,"-",ABS($E$14),$E$15) -> 2-1g | AL30: 70 | AM30: =+AM31+AM32 -> 0.25 | AN30: =+AN31+AN32 -> 0.22666667 | AO30: =+AO31+AO32 -> 0.20333333 | AP30: =+AP31+AP32 -> 0.18 | AQ30: =+AQ31+AQ32 -> 0.16 | AR30: =+AR31+AR32 -> 0.14 | AS30: =+AS31+AS32 -> 0.115 | AT30: =+AT31+AT32 -> 0.09 | ... AV30: =+AV31+AV32 -> 0.04 | AY30: 20000000-1mg | AZ30: 3.53
B31: =(CONCATENATE(Formato!S95,"-",Formato!T95," ,",Formato!$I$20,"-",Formato!V95)) -> N/A-1 ,g-04 | C31: =+IF(Formato!T95="","",Formato!T95) -> 1 | D31: =IF(Formato!X99="","",Formato!X99) | E31: =+IF(C31="","",VLOOKUP(CONCATENATE(Formato!S95,"-",Formato!T95," ,",Formato!$I$20,"-",Formato!V95),'Errores Patrones'!$G$4:$M$1508,3,0)*Formato!AE95) -> 1.000009 | G31: =IF(C31="","",_xlfn.IFNA(-VLOOKUP(CONCATENATE(C31,"-",ABS($E$14),$E$15),$AY$3:$AZ$409,2,0),0)) -> 0 | I31: =+IF(C31="","",VLOOKUP(CONCATENATE(Formato!S95,"-",Formato!T95," ,",Formato!$I$20,"-",Formato!V95),'Errores Patrones'!$G$4:$M$1508,4,0)*Formato!AE95) -> 1e-05 | J31: =+IF(C31="","",VLOOKUP(CONCATENATE(Formato!S95,"-",Formato!T95," ,",Formato!$I$20,"-",Formato!V95),'Errores Patrones'!$G$4:$M$1508,5,0)) -> 2 | K31: =+IF(C31="","",VLOOKUP(CONCATENATE(Formato!S95,"-",Formato!T95," ,",Formato!$I$20,"-",Formato!V95),'Errores Patrones'!$G$4:$M$1508,7,0)) -> 1e-05 | L31: =+IF(C31="","",VLOOKUP(CONCATENATE(Formato!S95,"-",Formato!T95," ,",Formato!$I$20,"-",Formato!V95),'Errores Patrones'!$G$4:$O$1508,9,0)) -> 0.005 | M31: =CONCATENATE(C31,"-",ABS($E$14),$E$15) -> 1-1g | AL31: =+Z15*1000 -> 50 | AM31: =+AC15 -> 0.17 | AN31: =+AM31-(AM31-AP31)/($AM$6-$AP$6)*($AM$6-$AN$6) -> 0.15333333 | AO31: =+AM31-(AM31-AP31)/($AM$6-$AP$6)*($AM$6-$AO$6) -> 0.13666667 | AP31: =+AD15 -> 0.12 | AQ31: =+AP31-(AP31-AR31)/($AP$6-$AR$6)*($AP$6-$AQ$6) -> 0.105 | AR31: =+AE15 -> 0.09 | AS31: =+AR31-(AR31-AT31)/($AR$6-$AT$6)*($AR$6-$AS$6) -> 0.075 | AT31: =+AF15 -> 0.06 | AU31: =+AG15 -> 0.05 | AV31: =+AH15 -> 0.03 | AY31: 10000000-1mg | AZ31: 1.96
B32: =(CONCATENATE(Formato!S96,"-",Formato!T96," ,",Formato!$I$20,"-",Formato!V96)) -> - ,g- | C32: =+IF(Formato!T96="","",Formato!T96) | D32: =IF(Formato!X100="","",Formato!X100) | E32: =+IF(C32="","",VLOOKUP(CONCATENATE(Formato!S96,"-",Formato!T96," ,",Formato!$I$20,"-",Formato!V96),'Errores Patrones'!$G$4:$M$1508,3,0)*Formato!AE96) | G32: =IF(C32="","",_xlfn.IFNA(-VLOOKUP(CONCATENATE(C32,"-",ABS($E$14),$E$15),$AY$3:$AZ$409,2,0),0)) | I32: =+IF(C32="","",VLOOKUP(CONCATENATE(Formato!S96,"-",Formato!T96," ,",Formato!$I$20,"-",Formato!V96),'Errores Patrones'!$G$4:$M$1508,4,0)*Formato!AE96) | J32: =+IF(C32="","",VLOOKUP(CONCATENATE(Formato!S96,"-",Formato!T96," ,",Formato!$I$20,"-",Formato!V96),'Errores Patrones'!$G$4:$M$1508,5,0)) | K32: =+IF(C32="","",VLOOKUP(CONCATENATE(Formato!S96,"-",Formato!T96," ,",Formato!$I$20,"-",Formato!V96),'Errores Patrones'!$G$4:$M$1508,7,0)) | L32: =+IF(C32="","",VLOOKUP(CONCATENATE(Formato!S96,"-",Formato!T96," ,",Formato!$I$20,"-",Formato!V96),'Errores Patrones'!$G$4:$O$1508,9,0)) | M32: =CONCATENATE(C32,"-",ABS($E$14),$E$15) -> -1g | AL32: =+Z16*1000 -> 20 | AM32: =+AC16 -> 0.08 | AN32: =+AM32-(AM32-AP32)/($AM$6-$AP$6)*($AM$6-$AN$6) -> 0.073333333 | AO32: =+AM32-(AM32-AP32)/($AM$6-$AP$6)*($AM$6-$AO$6) -> 0.066666667 | AP32: =+AD16 -> 0.06 | AQ32: =+AP32-(AP32-AR32)/($AP$6-$AR$6)*($AP$6-$AQ$6) -> 0.055 | AR32: =+AE16 -> 0.05 | AS32: =+AR32-(AR32-AT32)/($AR$6-$AT$6)*($AR$6-$AS$6) -> 0.04 | AT32: =+AF16 -> 0.03 | AU32: =+AG16 -> 0.02 | AV32: =+AH16 -> 0.01 | AY32: 5000000-1mg | AZ32: 1.09
B33: =(CONCATENATE(Formato!S97,"-",Formato!T97," ,",Formato!$I$20,"-",Formato!V97)) -> SUMA-8 ,g- | D33: =IF(Formato!X97="","",Formato!X97-Formato!AB97) -> 8 | E33: =+IF(C29="","",SUM(E29:E32)) -> 7.999987 | F33: =IF(AND(Formato!$W$47="SI",$D$12="SOLICITAR CERTIFICADO DE LAS PESAS"),"Ingrese Densidad Masas de Ajuste",IF(Formato!$W$47="SI",-E33*($H$7-$H$2)*((1/$D$11-1/8)+($D$11-$D$12)/8),-E33*(($H$7-$H$2)*(1/$D$11-1/8)))) -> 8.45211e-07 | G33: =+IF(C29="","",SUM(G29:G32)) -> 0 | H33: =+IF(OR(E33="",F33="Ingrese Densidad Masas de Ajuste"),"",IF(E33="--","--",E33+F33+G33)) -> 7.9999878 | I33: =+IF(C29="","",SUM(I29:I32)) -> 4e-05 | J33: =+IF(C29="","",MIN(J29:J32)) -> 2 | K33: =+IF(G29="","",SUM(K29:K32)) -> 4e-05 | L33: =+IF(C29="","",SUM(L29:L32)) -> 0.04 | M33: =CONCATENATE(C33,"-",ABS($E$14),$E$15) -> -1g | AL33: =+Z17*1000 -> 10 | AM33: =+AC17 -> 0.05 | AN33: =+AM33-(AM33-AP33)/($AM$6-$AP$6)*($AM$6-$AN$6) -> 0.043333333 | AO33: =+AM33-(AM33-AP33)/($AM$6-$AP$6)*($AM$6-$AO$6) -> 0.036666667 | AP33: =+AD17 -> 0.03 | AQ33: =+AP33-(AP33-AR33)/($AP$6-$AR$6)*($AP$6-$AQ$6) -> 0.03 | AR33: =+AE17 -> 0.03 | AS33: =+AR33-(AR33-AT33)/($AR$6-$AT$6)*($AR$6-$AS$6) -> 0.025 | AT33: =+AF17 -> 0.02 | AU33: =+AG17 -> 0.01 | AV33: =+AH17 -> 0.01 | AY33: 2000000-1mg | AZ33: 0.51
B34: =(CONCATENATE(Formato!S98,"-",Formato!T98," ,",Formato!$I$20,"-",Formato!V98)) -> N/A-10 ,g-04 | C34: =+IF(Formato!T98="","",Formato!T98) -> 10 | E34: =+IF(C34="","",VLOOKUP(CONCATENATE(Formato!S98,"-",Formato!T98," ,",Formato!$I$20,"-",Formato!V98),'Errores Patrones'!$G$4:$M$1508,3,0)*Formato!AE98) -> 10.00002 | G34: =IF(C34="","",_xlfn.IFNA(-VLOOKUP(CONCATENATE(C34,"-",ABS($E$14),$E$15),$AY$3:$AZ$409,2,0),0)) -> -1e-05 | I34: =+IF(C34="","",VLOOKUP(CONCATENATE(Formato!S98,"-",Formato!T98," ,",Formato!$I$20,"-",Formato!V98),'Errores Patrones'!$G$4:$M$1508,4,0)*Formato!AE98) -> 2e-05 | J34: =+IF(C34="","",VLOOKUP(CONCATENATE(Formato!S98,"-",Formato!T98," ,",Formato!$I$20,"-",Formato!V98),'Errores Patrones'!$G$4:$M$1508,5,0)) -> 2 | K34: =+IF(C34="","",VLOOKUP(CONCATENATE(Formato!S98,"-",Formato!T98," ,",Formato!$I$20,"-",Formato!V98),'Errores Patrones'!$G$4:$M$1508,7,0)) -> 2e-05 | L34: =+IF(C34="","",VLOOKUP(CONCATENATE(Formato!S98,"-",Formato!T98," ,",Formato!$I$20,"-",Formato!V98),'Errores Patrones'!$G$4:$O$1508,9,0)) -> 0.0001 | M34: =CONCATENATE(C34,"-",ABS($E$14),$E$15) -> 10-1g | AL34: 5 | AM34: =+AM33 -> 0.05 | AN34: =+AN33 -> 0.043333333 | AO34: =+AO33 -> 0.036666667 | AP34: =+AP33 -> 0.03 | AQ34: =+AQ33 -> 0.03 | AR34: =+AR33 -> 0.03 | AS34: =+AS33 -> 0.025 | AT34: =+AT33 -> 0.02 | ... AV34: =+AV33 -> 0.01 | AY34: 1000000-1mg | AZ34: 0.29
A35: 4 | B35: =(CONCATENATE(Formato!S99,"-",Formato!T99," ,",Formato!$I$20,"-",Formato!V99)) -> SI-2 ,g-04 | C35: =+IF(Formato!T99="","",Formato!T99) -> 2 | D35: =IF(Formato!X103="","",Formato!X103) | E35: =+IF(C35="","",VLOOKUP(CONCATENATE(Formato!S99,"-",Formato!T99," ,",Formato!$I$20,"-",Formato!V99),'Errores Patrones'!$G$4:$M$1508,3,0)*Formato!AE99) -> 1.99999 | G35: =IF(C35="","",_xlfn.IFNA(-VLOOKUP(CONCATENATE(C35,"-",ABS($E$14),$E$15),$AY$3:$AZ$409,2,0),0)) -> 0 | I35: =+IF(C35="","",VLOOKUP(CONCATENATE(Formato!S99,"-",Formato!T99," ,",Formato!$I$20,"-",Formato!V99),'Errores Patrones'!$G$4:$M$1508,4,0)*Formato!AE99) -> 1.3e-05 | J35: =+IF(C35="","",VLOOKUP(CONCATENATE(Formato!S99,"-",Formato!T99," ,",Formato!$I$20,"-",Formato!V99),'Errores Patrones'!$G$4:$M$1508,5,0)) -> 2 | K35: =+IF(C35="","",VLOOKUP(CONCATENATE(Formato!S99,"-",Formato!T99," ,",Formato!$I$20,"-",Formato!V99),'Errores Patrones'!$G$4:$M$1508,7,0)) -> 1.3e-05 | L35: =+IF(C35="","",VLOOKUP(CONCATENATE(Formato!S99,"-",Formato!T99," ,",Formato!$I$20,"-",Formato!V99),'Errores Patrones'!$G$4:$O$1508,9,0)) -> 0.01 | M35: =CONCATENATE(C35,"-",ABS($E$14),$E$15) -> 2-1g | AL35: 2 | AM35: =+AM34 -> 0.05 | AN35: =+AN34 -> 0.043333333 | AO35: =+AO34 -> 0.036666667 | AP35: =+AP34 -> 0.03 | AQ35: =+AQ34 -> 0.03 | AR35: =+AR34 -> 0.03 | AS35: =+AS34 -> 0.025 | AT35: =+AT34 -> 0.02 | ... AV35: =+AV34 -> 0.01 | AY35: 500000-1mg | AZ35: 0.17
B36: =(CONCATENATE(Formato!S100,"-",Formato!T100," ,",Formato!$I$20,"-",Formato!V100)) -> - ,g- | C36: =+IF(Formato!T100="","",Formato!T100) | D36: =IF(Formato!X104="","",Formato!X104) | E36: =+IF(C36="","",VLOOKUP(CONCATENATE(Formato!S100,"-",Formato!T100," ,",Formato!$I$20,"-",Formato!V100),'Errores Patrones'!$G$4:$M$1508,3,0)*Formato!AE100) | G36: =IF(C36="","",_xlfn.IFNA(-VLOOKUP(CONCATENATE(C36,"-",ABS($E$14),$E$15),$AY$3:$AZ$409,2,0),0)) | I36: =+IF(C36="","",VLOOKUP(CONCATENATE(Formato!S100,"-",Formato!T100," ,",Formato!$I$20,"-",Formato!V100),'Errores Patrones'!$G$4:$M$1508,4,0)*Formato!AE100) | J36: =+IF(C36="","",VLOOKUP(CONCATENATE(Formato!S100,"-",Formato!T100," ,",Formato!$I$20,"-",Formato!V100),'Errores Patrones'!$G$4:$M$1508,5,0)) | K36: =+IF(C36="","",VLOOKUP(CONCATENATE(Formato!S100,"-",Formato!T100," ,",Formato!$I$20,"-",Formato!V100),'Errores Patrones'!$G$4:$M$1508,7,0)) | L36: =+IF(C36="","",VLOOKUP(CONCATENATE(Formato!S100,"-",Formato!T100," ,",Formato!$I$20,"-",Formato!V100),'Errores Patrones'!$G$4:$O$1508,9,0)) | M36: =CONCATENATE(C36,"-",ABS($E$14),$E$15) -> -1g | AL36: 1 | AM36: =+AM35 -> 0.05 | AN36: =+AN35 -> 0.043333333 | AO36: =+AO35 -> 0.036666667 | AP36: =+AP35 -> 0.03 | AQ36: =+AQ35 -> 0.03 | AR36: =+AR35 -> 0.03 | AS36: =+AS35 -> 0.025 | AT36: =+AT35 -> 0.02 | ... AV36: =+AV35 -> 0.01 | AY36: 200000-1mg | AZ36: 0.08
B37: =(CONCATENATE(Formato!S101,"-",Formato!T101," ,",Formato!$I$20,"-",Formato!V101)) -> - ,g- | C37: =+IF(Formato!T101="","",Formato!T101) | D37: =IF(Formato!X105="","",Formato!X105) | E37: =+IF(C37="","",VLOOKUP(CONCATENATE(Formato!S101,"-",Formato!T101," ,",Formato!$I$20,"-",Formato!V101),'Errores Patrones'!$G$4:$M$1508,3,0)*Formato!AE101) | G37: =IF(C37="","",_xlfn.IFNA(-VLOOKUP(CONCATENATE(C37,"-",ABS($E$14),$E$15),$AY$3:$AZ$409,2,0),0)) | I37: =+IF(C37="","",VLOOKUP(CONCATENATE(Formato!S101,"-",Formato!T101," ,",Formato!$I$20,"-",Formato!V101),'Errores Patrones'!$G$4:$M$1508,4,0)*Formato!AE101) | J37: =+IF(C37="","",VLOOKUP(CONCATENATE(Formato!S101,"-",Formato!T101," ,",Formato!$I$20,"-",Formato!V101),'Errores Patrones'!$G$4:$M$1508,5,0)) | K37: =+IF(C37="","",VLOOKUP(CONCATENATE(Formato!S101,"-",Formato!T101," ,",Formato!$I$20,"-",Formato!V101),'Errores Patrones'!$G$4:$M$1508,7,0)) | L37: =+IF(C37="","",VLOOKUP(CONCATENATE(Formato!S101,"-",Formato!T101," ,",Formato!$I$20,"-",Formato!V101),'Errores Patrones'!$G$4:$O$1508,9,0)) | M37: =CONCATENATE(C37,"-",ABS($E$14),$E$15) -> -1g | AL37: 0.5 | AM37: =+AM36 -> 0.05 | AN37: =+AN36 -> 0.043333333 | AO37: =+AO36 -> 0.036666667 | AP37: =+AP36 -> 0.03 | AQ37: =+AQ36 -> 0.03 | AR37: =+AR36 -> 0.03 | AS37: =+AS36 -> 0.025 | AT37: =+AT36 -> 0.02 | ... AV37: =+AV36 -> 0.01 | AY37: 100000-1mg | AZ37: 0.05
