Workbook

Sheet Hoja1 (copia original)
F1: INVENTARIO INSTRUMENTOS DE MEDICIÓN, LC-FR-10 V5
F2: CD389-25
A4: Revisado Director Técnico, 2025-01-23 - Aprobado Gerente General, 2025-01-25
A5: 1+ 4 | B5: 1 | C5: 2 | D5: 3 | E5: 4 | F5: 1 | G5: 2 | H5: 3 | I5: 4 | J5: 5 | K5: 6 | L5: 7 | M5: 8 | N5: 9 | O5: 10 | P5: 11 | Q5: 12 | R5: 13 | S5: 14 | T5: 15 | U5: 16 | V5: 17 | W5: 18 | X5: 19 | Y5: 20 | Z5: 21 | AA5: 22 | AB5: 23 | AC5: 24 | AD5: 25 | AE5: 26 | AF5: 27 | AG5: 28 | AH5: 29
F6: Código | G6: Instrumento / patrón /material de referencia | H6: Ubicación | I6: Fabricante | J6: Modelo | K6: Serie/Lote/ Distintivo | L6: Intervalo de medición / Valor nominal | M6: División de escala | N6: Error maximo permitido | O6: Accuracy | P6: INCERTIDUMBRE (mg) | Q6: Estabilidad | R6: NUMERO DE MASAS / # SENSORES | S6: Uniformidad | T6: Escalón de verificación/Puntos a Calibrar/Intervalo de Calibracion | U6: Clase | V6: Frecuencia de calibración (meses) | W6: Frecuencia de Mtto (meses) | X6: Frecuencia de Verificacion (meses) | Y6: Tipo de calibración | Z6: Estado | AA6: Número del último certificado de calibración | AB6: Calibrado por | AC6: Fecha de la último mantenimiento/ Inicio uso para MRC | AD6: Fecha de la proximo mantenimiento / Inicio uso para MRC | AE6: Fecha de la última calibración | AF6: Fecha próxima calibración /Vencimiento | AG6: Observaciones | AH6: Dias Vigencia | AJ6: Observaciones 2 | AK6: Observaciones 3 | AL6: Frecuencia Inicial | AM6: Frcuencia actual Calculada | AN6: Fcal | AO6: F_Inicio | AP6: Frec Vintermedia en Meses | AQ6: Verif 1 | AR6: Verif 2 | AS6: Verif 3 | AT6: Verif 4 | AU6: Verif 5 | AW6: Frec Vintermedia en Meses | AX6: Verif 1 | AY6: Verif 2 | AZ6: Verif 3 | BA6: Verif 4 | BB6: Verif 5
A7: =IF(D7="Masa",CONCATENATE(F7,"_",L7,"_",K7),F7) -> TEC-LAB-MP-01a_5kg, 10kg,20Kg (615 kg)_01 Hasta 32 | B7: =AA7 -> 61804 C | C7: Acreditado | D7: Masa | E7: Patron | F7: TEC-LAB-MP-01a | G7: Juego de Pesas | H7: Extension Laboratorio calibracion | I7: Lexus. | J7: Paralelépipedo | K7: 01 Hasta 32 | L7: 5kg, 10kg,20Kg (615 kg) | M7: N.A | N7: Según NTC 1848 | O7: N.A | P7: 8 mg a 36 mg | R7: 32 | T7: N.A | U7: OIML M1 | V7: 12 | W7: 12 | X7: 4 | Y7: Externa | Z7: En Servicio | AA7: 61804 C | AB7: Detecto de Colombia S.A. | AC7: 45254 | AE7: 45671 | AF7: =EDATE(AE7,(V7)) -> 46036 | AH7: =DAYS360(TODAY(),AF7) -> -103 | AI7: =IF(Z7="Fuera de servicio","Fuera de servicio",IF(TODAY()-AF7>0,"OJO EQUIPO VENCIDO",DAYS360(TODAY(),AF7)&" DIAS RESTANTES")) -> OJO EQUIPO VENCIDO | AJ7: Solicitud compra Calibracion 2024-11-14 | AK7: Cambiar color a Negro, autorizado por Don Hector | AL7: =VLOOKUP(A7,#REF!,21,FALSE) -> #REF! | AM7: =VLOOKUP(A7,#REF!,23,FALSE) -> #REF! | AN7: =AE7 -> 45671 | AO7: 45671 | AP7: =X7 -> 4 | AQ7: =EDATE(AE7,0) -> 45671 | AR7: =IF(COUNT(AQ7)<AP7,EDATE(AE7,X7),"N/A") -> 45791 | AS7: =IF(COUNT(AQ7:AR7)<AP7,EDATE(AR7,X7),"N/A") -> 45914 | AT7: =IF(COUNT(AQ7:AS7)<AP7,EDATE(AS7,X7),"N/A") -> 46036 | AU7: =IF(COUNT(AQ7:AT7)<AP7,EDATE(AT7,X7),"N/A") -> N/A | AW7: =X7 -> 4 | AX7: =EDATE(AO7,0) -> 45671 | AY7: =IF(COUNT(AX7)<AW7,EDATE(AO7,X7),"N/A") -> 45791 | AZ7: =IF(COUNT(AX7:AY7)<AW7,EDATE(AY7,X7),"N/A") -> 45914 | BA7: =IF(COUNT(AX7:AZ7)<AW7,EDATE(AZ7,X7),"N/A") -> 46036 | BB7: =IF(COUNT(AX7:BA7)<AW7,EDATE(BA7,X7),"N/A") -> N/A
A8: =IF(D8="Masa",CONCATENATE(F8,"_",L8,"_",K8),F8) -> TEC-LAB-MP-01_5Kg_01 | B8: =AA8 -> 61804 C | C8: Acreditado | D8: Masa | E8: Patron | F8: TEC-LAB-MP-01 | G8: Pesa | H8: Extension Laboratorio calibracion | I8: Lexus. | J8: Paralelépipedo | K8: 01 | L8: 5Kg | M8: N.A | N8: Según NTC 1848 | O8: N.A | P8: 8 mg | R8: 1 | T8: N.A | U8: OIML M1 | V8: 12 | W8: 12 | X8: 4 | Y8: Externa | Z8: En Servicio | AA8: 61804 C | AB8: Detecto de Colombia S.A. | AC8: 45254 | AE8: 45671 | AF8: =EDATE(AE8,(V8)) -> 46036 | AH8: =DAYS360(TODAY(),AF8) -> -103 | AI8: =IF(Z8="Fuera de servicio","Fuera de servicio",IF(TODAY()-AF8>0,"OJO EQUIPO VENCIDO",DAYS360(TODAY(),AF8)&" DIAS RESTANTES")) -> OJO EQUIPO VENCIDO | AJ8: Solicitud compra Calibracion 2024-11-14 | AK8: =AK7 -> Cambiar color a Negro, autorizado por Don Hector | AL8: =VLOOKUP(A8,#REF!,21,FALSE) -> #REF! | AM8: =VLOOKUP(A8,#REF!,23,FALSE) -> #REF! | AN8: =AE8 -> 45671 | AO8: 45671 | AP8: =X8 -> 4 | AQ8: =EDATE(AE8,0) -> 45671 | AR8: =IF(COUNT(AQ8)<AP8,EDATE(AE8,X8),"N/A") -> 45791 | AS8: =IF(COUNT(AQ8:AR8)<AP8,EDATE(AR8,X8),"N/A") -> 45914 | AT8: =IF(COUNT(AQ8:AS8)<AP8,EDATE(AS8,X8),"N/A") -> 46036 | AU8: =IF(COUNT(AQ8:AT8)<AP8,EDATE(AT8,X8),"N/A") -> N/A | AW8: =X8 -> 4 | AX8: =EDATE(AO8,0) -> 45671 | AY8: =IF(COUNT(AX8)<AW8,EDATE(AO8,X8),"N/A") -> 45791 | AZ8: =IF(COUNT(AX8:AY8)<AW8,EDATE(AY8,X8),"N/A") -> 45914 | BA8: =IF(COUNT(AX8:AZ8)<AW8,EDATE(AZ8,X8),"N/A") -> 46036 | BB8: =IF(COUNT(AX8:BA8)<AW8,EDATE(BA8,X8),"N/A") -> N/A
A9: =IF(D9="Masa",CONCATENATE(F9,"_",L9,"_",K9),F9) -> TEC-LAB-MP-01_10Kg_02 | B9: =AA9 -> 61804 C | C9: Acreditado | D9: Masa | E9: Patron | F9: TEC-LAB-MP-01 | G9: Pesa | H9: Extension Laboratorio calibracion | I9: Lexus. | J9: Paralelépipedo | K9: 02 | L9: 10Kg | M9: N.A | N9: Según NTC 1848 | O9: N.A | P9: 16 mg | R9: 1 | T9: N.A | U9: OIML M1 | V9: 12 | W9: 12 | X9: 4 | Y9: Externa | Z9: En Servicio | AA9: 61804 C | AB9: Detecto de Colombia S.A. | AC9: 45254 | AE9: 45671 | AF9: =EDATE(AE9,(V9)) -> 46036 | AH9: =DAYS360(TODAY(),AF9) -> -103 | AI9: =IF(Z9="Fuera de servicio","Fuera de servicio",IF(TODAY()-AF9>0,"OJO EQUIPO VENCIDO",DAYS360(TODAY(),AF9)&" DIAS RESTANTES")) -> OJO EQUIPO VENCIDO | AJ9: Solicitud compra Calibracion 2024-11-14 | AK9: =AK8 -> Cambiar color a Negro, autorizado por Don Hector | AL9: =VLOOKUP(A9,#REF!,21,FALSE) -> #REF! | AM9: =VLOOKUP(A9,#REF!,23,FALSE) -> #REF! | AN9: =AE9 -> 45671 | AO9: 45671 | AP9: =X9 -> 4 | AQ9: =EDATE(AE9,0) -> 45671 | AR9: =IF(COUNT(AQ9)<AP9,EDATE(AE9,X9),"N/A") -> 45791 | AS9: =IF(COUNT(AQ9:AR9)<AP9,EDATE(AR9,X9),"N/A") -> 45914 | AT9: =IF(COUNT(AQ9:AS9)<AP9,EDATE(AS9,X9),"N/A") -> 46036 | AU9: =IF(COUNT(AQ9:AT9)<AP9,EDATE(AT9,X9),"N/A") -> N/A | AW9: =X9 -> 4 | AX9: =EDATE(AO9,0) -> 45671 | AY9: =IF(COUNT(AX9)<AW9,EDATE(AO9,X9),"N/A") -> 45791 | AZ9: =IF(COUNT(AX9:AY9)<AW9,EDATE(AY9,X9),"N/A") -> 45914 | BA9: =IF(COUNT(AX9:AZ9)<AW9,EDATE(AZ9,X9),"N/A") -> 46036 | BB9: =IF(COUNT(AX9:BA9)<AW9,EDATE(BA9,X9),"N/A") -> N/A
A10: =IF(D10="Masa",CONCATENATE(F10,"_",L10,"_",K10),F10) -> TEC-LAB-MP-01_20Kg_03 HASTA 32 | B10: =AA10 -> 61804 C | C10: Acreditado | D10: Masa | E10: Patron | F10: TEC-LAB-MP-01 | G10: Pesa | H10: Extension Laboratorio calibracion | I10: Lexus. | J10: Paralelépipedo | K10: 03 HASTA 32 | L10: 20Kg | M10: N.A | N10: Según NTC 1848 | O10: N.A | P10: 33 mg | R10: 30 | T10: N.A | U10: OIML M1 | V10: 12 | W10: 12 | X10: 4 | Y10: Externa | Z10: En Servicio | AA10: 61804 C | AB10: Detecto de Colombia S.A. | AC10: 45254 | AE10: 45671 | AF10: =EDATE(AE10,(V10)) -> 46036 | AH10: =DAYS360(TODAY(),AF10) -> -103 | AI10: =IF(Z10="Fuera de servicio","Fuera de servicio",IF(TODAY()-AF10>0,"OJO EQUIPO VENCIDO",DAYS360(TODAY(),AF10)&" DIAS RESTANTES")) -> OJO EQUIPO VENCIDO | AJ10: Solicitud compra Calibracion 2024-11-14 | AK10: =AK9 -> Cambiar color a Negro, autorizado por Don Hector | AL10: =VLOOKUP(A10,#REF!,21,FALSE) -> #REF! | AM10: =VLOOKUP(A10,#REF!,23,FALSE) -> #REF! | AN10: =AE10 -> 45671 | AO10: 45671 | AP10: =X10 -> 4 | AQ10: =EDATE(AE10,0) -> 45671 | AR10: =IF(COUNT(AQ10)<AP10,EDATE(AE10,X10),"N/A") -> 45791 | AS10: =IF(COUNT(AQ10:AR10)<AP10,EDATE(AR10,X10),"N/A") -> 45914 | AT10: =IF(COUNT(AQ10:AS10)<AP10,EDATE(AS10,X10),"N/A") -> 46036 | AU10: =IF(COUNT(AQ10:AT10)<AP10,EDATE(AT10,X10),"N/A") -> N/A | AW10: =X10 -> 4 | AX10: =EDATE(AO10,0) -> 45671 | AY10: =IF(COUNT(AX10)<AW10,EDATE(AO10,X10),"N/A") -> 45791 | AZ10: =IF(COUNT(AX10:AY10)<AW10,EDATE(AY10,X10),"N/A") -> 45914 | BA10: =IF(COUNT(AX10:AZ10)<AW10,EDATE(AZ10,X10),"N/A") -> 46036 | BB10: =IF(COUNT(AX10:BA10)<AW10,EDATE(BA10,X10),"N/A") -> N/A
A11: =IF(D11="Masa",CONCATENATE(F11,"_",L11,"_",K11),F11) -> TEC-LAB-MP-02a_5Kg, 10 kg,20kg (615 kg)_33_35 y 37 hasta 66 | B11: =AA11 -> 61791 C | C11: Acreditado | D11: Masa | E11: Patron | F11: TEC-LAB-MP-02a | G11: Juego de Pesas | H11: Extension Laboratorio calibracion | I11: Lexus. | J11: Paralelépipedo | K11: 33_35 y 37 hasta 66 | L11: 5Kg, 10 kg,20kg (615 kg) | M11: N.A | N11: Según NTC 1848 | O11: N.A | P11: 8 mg a 36 mg | R11: 32 | T11: N.A | U11: OIML M1 | V11: 12 | W11: 12 | X11: 4 | Y11: Externa | Z11: En Servicio | AA11: 61791 C | AB11: Detecto de Colombia S.A. | AC11: 45275 | AE11: 45665 | AF11: =EDATE(AE11,(V11)) -> 46030 | AH11: =DAYS360(TODAY(),AF11) -> -109 | AI11: =IF(Z11="Fuera de servicio","Fuera de servicio",IF(TODAY()-AF11>0,"OJO EQUIPO VENCIDO",DAYS360(TODAY(),AF11)&" DIAS RESTANTES")) -> OJO EQUIPO VENCIDO | AJ11: Solicitud compra Calibracion 2024-11-19 | AK11: =AK10 -> Cambiar color a Negro, autorizado por Don Hector | AL11: =VLOOKUP(A11,#REF!,21,FALSE) -> #REF! | AM11: =VLOOKUP(A11,#REF!,23,FALSE) -> #REF! | AN11: =AE11 -> 45665 | AO11: 45665 | AP11: =X11 -> 4 | AQ11: =EDATE(AE11,0) -> 45665 | AR11: =IF(COUNT(AQ11)<AP11,EDATE(AE11,X11),"N/A") -> 45785 | AS11: =IF(COUNT(AQ11:AR11)<AP11,EDATE(AR11,X11),"N/A") -> 45908 | AT11: =IF(COUNT(AQ11:AS11)<AP11,EDATE(AS11,X11),"N/A") -> 46030 | AU11: =IF(COUNT(AQ11:AT11)<AP11,EDATE(AT11,X11),"N/A") -> N/A | AW11: =X11 -> 4 | AX11: =EDATE(AO11,0) -> 45665 | AY11: =IF(COUNT(AX11)<AW11,EDATE(AO11,X11),"N/A") -> 45785 | AZ11: =IF(COUNT(AX11:AY11)<AW11,EDATE(AY11,X11),"N/A") -> 45908 | BA11: =IF(COUNT(AX11:AZ11)<AW11,EDATE(AZ11,X11),"N/A") -> 46030 | BB11: =IF(COUNT(AX11:BA11)<AW11,EDATE(BA11,X11),"N/A") -> N/A
A12: =IF(D12="Masa",CONCATENATE(F12,"_",L12,"_",K12),F12) -> TEC-LAB-MP-02_5Kg_33 | B12: =AA12 -> 61791 C | C12: Acreditado | D12: Masa | E12: Patron | F12: TEC-LAB-MP-02 | G12: Pesa | H12: Extension Laboratorio calibracion | I12: Lexus. | J12: Paralelépipedo | K12: 33 | L12: 5Kg | M12: N.A | N12: Según NTC 1848 | O12: N.A | P12: 8 mg | R12: 1 | T12: N.A | U12: OIML M1 | V12: 12 | W12: 12 | X12: 4 | Y12: Externa | Z12: En Servicio | AA12: 61791 C | AB12: Detecto de Colombia S.A. | AC12: 45281 | AE12: 45665 | AF12: =EDATE(AE12,(V12)) -> 46030 | AH12: =DAYS360(TODAY(),AF12) -> -109 | AI12: =IF(Z12="Fuera de servicio","Fuera de servicio",IF(TODAY()-AF12>0,"OJO EQUIPO VENCIDO",DAYS360(TODAY(),AF12)&" DIAS RESTANTES")) -> OJO EQUIPO VENCIDO | AJ12: Solicitud compra Calibracion 2024-11-19 | AK12: Cambiar color a Negro, autorizado por Don Hector | AL12: =VLOOKUP(A12,#REF!,21,FALSE) -> #REF! | AM12: =VLOOKUP(A12,#REF!,23,FALSE) -> #REF! | AN12: =AE12 -> 45665 | AO12: 45665 | AP12: =X12 -> 4 | AQ12: =EDATE(AE12,0) -> 45665 | AR12: =IF(COUNT(AQ12)<AP12,EDATE(AE12,X12),"N/A") -> 45785 | AS12: =IF(COUNT(AQ12:AR12)<AP12,EDATE(AR12,X12),"N/A") -> 45908 | AT12: =IF(COUNT(AQ12:AS12)<AP12,EDATE(AS12,X12),"N/A") -> 46030 | AU12: =IF(COUNT(AQ12:AT12)<AP12,EDATE(AT12,X12),"N/A") -> N/A | AW12: =X12 -> 4 | AX12: =EDATE(AO12,0) -> 45665 | AY12: =IF(COUNT(AX12)<AW12,EDATE(AO12,X12),"N/A") -> 45785 | AZ12: =IF(COUNT(AX12:AY12)<AW12,EDATE(AY12,X12),"N/A") -> 45908 | BA12: =IF(COUNT(AX12:AZ12)<AW12,EDATE(AZ12,X12),"N/A") -> 46030 | BB12: =IF(COUNT(AX12:BA12)<AW12,EDATE(BA12,X12),"N/A") -> N/A
A13: =IF(D13="Masa",CONCATENATE(F13,"_",L13,"_",K13),F13) -> TEC-LAB-MP-02_10Kg_35 | B13: =AA13 -> 61791 C | C13: Acreditado | D13: Masa | E13: Patron | F13: TEC-LAB-MP-02 | G13: Pesa | H13: Extension Laboratorio calibracion | I13: Lexus. | J13: Paralelépipedo | K13: 35 | L13: 10Kg | M13: N.A | N13: Según NTC 1848 | O13: N.A | P13: 16 mg | R13: 1 | T13: N.A | U13: OIML M1 | V13: 12 | W13: 12 | X13: 4 | Y13: Externa | Z13: En Servicio | AA13: 61791 C | AB13: Detecto de Colombia S.A. | AC13: 45281 | AE13: 45665 | AF13: =EDATE(AE13,(V13)) -> 46030 | AH13: =DAYS360(TODAY(),AF13) -> -109 | AI13: =IF(Z13="Fuera de servicio","Fuera de servicio",IF(TODAY()-AF13>0,"OJO EQUIPO VENCIDO",DAYS360(TODAY(),AF13)&" DIAS RESTANTES")) -> OJO EQUIPO VENCIDO | AJ13: Solicitud compra Calibracion 2024-11-19 | AK13: Cambiar color a Negro, autorizado por Don Hector | AL13: =VLOOKUP(A13,#REF!,21,FALSE) -> #REF! | AM13: =VLOOKUP(A13,#REF!,23,FALSE) -> #REF! | AN13: =AE13 -> 45665 | AO13: 45665 | AP13: =X13 -> 4 | AQ13: =EDATE(AE13,0) -> 45665 | AR13: =IF(COUNT(AQ13)<AP13,EDATE(AE13,X13),"N/A") -> 45785 | AS13: =IF(COUNT(AQ13:AR13)<AP13,EDATE(AR13,X13),"N/A") -> 45908 | AT13: =IF(COUNT(AQ13:AS13)<AP13,EDATE(AS13,X13),"N/A") -> 46030 | AU13: =IF(COUNT(AQ13:AT13)<AP13,EDATE(AT13,X13),"N/A") -> N/A | AW13: =X13 -> 4 | AX13: =EDATE(AO13,0) -> 45665 | AY13: =IF(COUNT(AX13)<AW13,EDATE(AO13,X13),"N/A") -> 45785 | AZ13: =IF(COUNT(AX13:AY13)<AW13,EDATE(AY13,X13),"N/A") -> 45908 | BA13: =IF(COUNT(AX13:AZ13)<AW13,EDATE(AZ13,X13),"N/A") -> 46030 | BB13: =IF(COUNT(AX13:BA13)<AW13,EDATE(BA13,X13),"N/A") -> N/A
A14: =IF(D14="Masa",CONCATENATE(F14,"_",L14,"_",K14),F14) -> TEC-LAB-MP-02_20Kg_37 HASTA 66 | B14: =AA14 -> 61791 C | C14: Acreditado | D14: Masa | E14: Patron | F14: TEC-LAB-MP-02 | G14: Pesa | H14: Extension Laboratorio calibracion | I14: Lexus. | J14: Paralelépipedo | K14: 37 HASTA 66 | L14: 20Kg | M14: N.A | N14: Según NTC 1848 | O14: N.A | P14: 33 mg | R14: 30 | T14: N.A | U14: OIML M1 | V14: 12 | W14: 12 | X14: 4 | Y14: Externa | Z14: En Servicio | AA14: 61791 C | AB14: Detecto de Colombia S.A. | AC14: 45281 | AE14: 45665 | AF14: =EDATE(AE14,(V14)) -> 46030 | AH14: =DAYS360(TODAY(),AF14) -> -109 | AI14: =IF(Z14="Fuera de servicio","Fuera de servicio",IF(TODAY()-AF14>0,"OJO EQUIPO VENCIDO",DAYS360(TODAY(),AF14)&" DIAS RESTANTES")) -> OJO EQUIPO VENCIDO | AJ14: Solicitud compra Calibracion 2024-11-19 | AK14: Cambiar color a Negro, autorizado por Don Hector | AL14: =VLOOKUP(A14,#REF!,21,FALSE) -> #REF! | AM14: =VLOOKUP(A14,#REF!,23,FALSE) -> #REF! | AN14: =AE14 -> 45665 | AO14: 45665 | AP14: =X14 -> 4 | AQ14: =EDATE(AE14,0) -> 45665 | AR14: =IF(COUNT(AQ14)<AP14,EDATE(AE14,X14),"N/A") -> 45785 | AS14: =IF(COUNT(AQ14:AR14)<AP14,EDATE(AR14,X14),"N/A") -> 45908 | AT14: =IF(COUNT(AQ14:AS14)<AP14,EDATE(AS14,X14),"N/A") -> 46030 | AU14: =IF(COUNT(AQ14:AT14)<AP14,EDATE(AT14,X14),"N/A") -> N/A | AW14: =X14 -> 4 | AX14: =EDATE(AO14,0) -> 45665 | AY14: =IF(COUNT(AX14)<AW14,EDATE(AO14,X14),"N/A") -> 45785 | AZ14: =IF(COUNT(AX14:AY14)<AW14,EDATE(AY14,X14),"N/A") -> 45908 | BA14: =IF(COUNT(AX14:AZ14)<AW14,EDATE(AZ14,X14),"N/A") -> 46030 | BB14: =IF(COUNT(AX14:BA14)<AW14,EDATE(BA14,X14),"N/A") -> N/A
A15: =IF(D15="Masa",CONCATENATE(F15,"_",L15,"_",K15),F15) -> TEC-LAB-MP-03a_5kg, 10kg,20Kg (315 kg)_34_ 36 y 67 HASTA 81 | B15: =AA15 -> 61792 C | C15: Acreditado | D15: Masa | E15: Patron | F15: TEC-LAB-MP-03a | G15: Juego de Pesas | H15: Extension Laboratorio calibracion | I15: Lexus. | J15: Paralelépipedo | K15: 34_ 36 y 67 HASTA 81 | L15: 5kg, 10kg,20Kg (315 kg) | M15: N.A | N15: Según NTC 1848 | O15: N.A | P15: 33 mg | R15: 15 | T15: N.A | U15: OIML M1 | V15: 12 | W15: 12 | X15: 4 | Y15: Externa | Z15: En Servicio | AA15: 61792 C | AB15: Detecto de Colombia S.A. | AC15: 45275 | AE15: 45665 | AF15: =EDATE(AE15,(V15)) -> 46030 | AH15: =DAYS360(TODAY(),AF15) -> -109 | AI15: =IF(Z15="Fuera de servicio","Fuera de servicio",IF(TODAY()-AF15>0,"OJO EQUIPO VENCIDO",DAYS360(TODAY(),AF15)&" DIAS RESTANTES")) -> OJO EQUIPO VENCIDO | AJ15: Solicitud compra Calibracion 2024-11-19 | AK15: Cambiar color a Negro, autorizado por Don Hector | AL15: =VLOOKUP(A15,#REF!,21,FALSE) -> #REF! | AM15: =VLOOKUP(A15,#REF!,23,FALSE) -> #REF! | AN15: =AE15 -> 45665 | AO15: 45665 | AP15: =X15 -> 4 | AQ15: =EDATE(AE15,0) -> 45665 | AR15: =IF(COUNT(AQ15)<AP15,EDATE(AE15,X15),"N/A") -> 45785 | AS15: =IF(COUNT(AQ15:AR15)<AP15,EDATE(AR15,X15),"N/A") -> 45908 | AT15: =IF(COUNT(AQ15:AS15)<AP15,EDATE(AS15,X15),"N/A") -> 46030 | AU15: =IF(COUNT(AQ15:AT15)<AP15,EDATE(AT15,X15),"N/A") -> N/A | AW15: =X15 -> 4 | AX15: =EDATE(AO15,0) -> 45665 | AY15: =IF(COUNT(AX15)<AW15,EDATE(AO15,X15),"N/A") -> 45785 | AZ15: =IF(COUNT(AX15:AY15)<AW15,EDATE(AY15,X15),"N/A") -> 45908 | BA15: =IF(COUNT(AX15:AZ15)<AW15,EDATE(AZ15,X15),"N/A") -> 46030 | BB15: =IF(COUNT(AX15:BA15)<AW15,EDATE(BA15,X15),"N/A") -> N/A
A16: =IF(D16="Masa",CONCATENATE(F16,"_",L16,"_",K16),F16) -> TEC-LAB-MP-03_5Kg_34 | B16: =AA16 -> 61972 C | C16: Acreditado | D16: Masa | E16: Patron | F16: TEC-LAB-MP-03 | G16: Pesa | H16: Extension Laboratorio calibracion | I16: Lexus. | J16: Paralelépipedo | K16: 34 | L16: 5Kg | M16: N.A | N16: Según NTC 1848 | O16: N.A | P16: 8 mg | R16: 1 | T16: N.A | U16: OIML M1 | V16: 12 | W16: 12 | X16: 4 | Y16: Externa | Z16: En Servicio | AA16: 61972 C | AB16: Detecto de Colombia S.A. | AC16: 45281 | AE16: 45665 | AF16: =EDATE(AE16,(V16)) -> 46030 | AH16: =DAYS360(TODAY(),AF16) -> -109 | AI16: =IF(Z16="Fuera de servicio","Fuera de servicio",IF(TODAY()-AF16>0,"OJO EQUIPO VENCIDO",DAYS360(TODAY(),AF16)&" DIAS RESTANTES")) -> OJO EQUIPO VENCIDO | AJ16: Solicitud compra Calibracion 2024-11-19 | AK16: Cambiar color a Negro, autorizado por Don Hector | AL16: =VLOOKUP(A16,#REF!,21,FALSE) -> #REF! | AM16: =VLOOKUP(A16,#REF!,23,FALSE) -> #REF! | AN16: =AE16 -> 45665 | AO16: 45665 | AP16: =X16 -> 4 | AQ16: =EDATE(AE16,0) -> 45665 | AR16: =IF(COUNT(AQ16)<AP16,EDATE(AE16,X16),"N/A") -> 45785 | AS16: =IF(COUNT(AQ16:AR16)<AP16,EDATE(AR16,X16),"N/A") -> 45908 | AT16: =IF(COUNT(AQ16:AS16)<AP16,EDATE(AS16,X16),"N/A") -> 46030 | AU16: =IF(COUNT(AQ16:AT16)<AP16,EDATE(AT16,X16),"N/A") -> N/A | AW16: =X16 -> 4 | AX16: =EDATE(AO16,0) -> 45665 | AY16: =IF(COUNT(AX16)<AW16,EDATE(AO16,X16),"N/A") -> 45785 | AZ16: =IF(COUNT(AX16:AY16)<AW16,EDATE(AY16,X16),"N/A") -> 45908 | BA16: =IF(COUNT(AX16:AZ16)<AW16,EDATE(AZ16,X16),"N/A") -> 46030 | BB16: =IF(COUNT(AX16:BA16)<AW16,EDATE(BA16,X16),"N/A") -> N/A
A17: =IF(D17="Masa",CONCATENATE(F17,"_",L17,"_",K17),F17) -> TEC-LAB-MP-03_10Kg_36 | B17: =AA17 -> 61972 C | C17: Acreditado | D17: Masa | E17: Patron | F17: TEC-LAB-MP-03 | G17: Pesa | H17: Extension Laboratorio calibracion | I17: Lexus. | J17: Paralelépipedo | K17: 36 | L17: 10Kg | M17: N.A | N17: Según NTC 1848 | O17: N.A | P17: 16 mg | R17: 1 | T17: N.A | U17: OIML M1 | V17: 12 | W17: 12 | X17: 4 | Y17: Externa | Z17: En Servicio | AA17: 61972 C | AB17: Detecto de Colombia S.A. | AC17: 45281 | AE17: 45665 | AF17: =EDATE(AE17,(V17)) -> 46030 | AH17: =DAYS360(TODAY(),AF17) -> -109 | AI17: =IF(Z17="Fuera de servicio","Fuera de servicio",IF(TODAY()-AF17>0,"OJO EQUIPO VENCIDO",DAYS360(TODAY(),AF17)&" DIAS RESTANTES")) -> OJO EQUIPO VENCIDO | AJ17: Solicitud compra Calibracion 2024-11-19 | AK17: Cambiar color a Negro, autorizado por Don Hector | AL17: =VLOOKUP(A17,#REF!,21,FALSE) -> #REF! | AM17: =VLOOKUP(A17,#REF!,23,FALSE) -> #REF! | AN17: =AE17 -> 45665 | AO17: 45665 | AP17: =X17 -> 4 | AQ17: =EDATE(AE17,0) -> 45665 | AR17: =IF(COUNT(AQ17)<AP17,EDATE(AE17,X17),"N/A") -> 45785 | AS17: =IF(COUNT(AQ17:AR17)<AP17,EDATE(AR17,X17),"N/A") -> 45908 | AT17: =IF(COUNT(AQ17:AS17)<AP17,EDATE(AS17,X17),"N/A") -> 46030 | AU17: =IF(COUNT(AQ17:AT17)<AP17,EDATE(AT17,X17),"N/A") -> N/A | AW17: =X17 -> 4 | AX17: =EDATE(AO17,0) -> 45665 | AY17: =IF(COUNT(AX17)<AW17,EDATE(AO17,X17),"N/A") -> 45785 | AZ17: =IF(COUNT(AX17:AY17)<AW17,EDATE(AY17,X17),"N/A") -> 45908 | BA17: =IF(COUNT(AX17:AZ17)<AW17,EDATE(AZ17,X17),"N/A") -> 46030 | BB17: =IF(COUNT(AX17:BA17)<AW17,EDATE(BA17,X17),"N/A") -> N/A
A18: =IF(D18="Masa",CONCATENATE(F18,"_",L18,"_",K18),F18) -> TEC-LAB-MP-03_20Kg_67 HASTA 81 | B18: =AA18 -> 61972 C | C18: Acreditado | D18: Masa | E18: Patron | F18: TEC-LAB-MP-03 | G18: Pesa | H18: Extension Laboratorio calibracion | I18: Lexus. | J18: Paralelépipedo | K18: 67 HASTA 81 | L18: 20Kg | M18: N.A | N18: Según NTC 1848 | O18: N.A | P18: 33 mg | R18: 15 | T18: N.A | U18: OIML M1 | V18: 12 | W18: 12 | X18: 4 | Y18: Externa | Z18: En Servicio | AA18: 61972 C | AB18: Detecto de Colombia S.A. | AC18: 45281 | AE18: 45665 | AF18: =EDATE(AE18,(V18)) -> 46030 | AH18: =DAYS360(TODAY(),AF18) -> -109 | AI18: =IF(Z18="Fuera de servicio","Fuera de servicio",IF(TODAY()-AF18>0,"OJO EQUIPO VENCIDO",DAYS360(TODAY(),AF18)&" DIAS RESTANTES")) -> OJO EQUIPO VENCIDO | AJ18: Solicitud compra Calibracion 2024-11-19 | AK18: Cambiar color a Negro, autorizado por Don Hector | AL18: =VLOOKUP(A18,#REF!,21,FALSE) -> #REF! | AM18: =VLOOKUP(A18,#REF!,23,FALSE) -> #REF! | AN18: =AE18 -> 45665 | AO18: 45665 | AP18: =X18 -> 4 | AQ18: =EDATE(AE18,0) -> 45665 | AR18: =IF(COUNT(AQ18)<AP18,EDATE(AE18,X18),"N/A") -> 45785 | AS18: =IF(COUNT(AQ18:AR18)<AP18,EDATE(AR18,X18),"N/A") -> 45908 | AT18: =IF(COUNT(AQ18:AS18)<AP18,EDATE(AS18,X18),"N/A") -> 46030 | AU18: =IF(COUNT(AQ18:AT18)<AP18,EDATE(AT18,X18),"N/A") -> N/A | AW18: =X18 -> 4 | AX18: =EDATE(AO18,0) -> 45665 | AY18: =IF(COUNT(AX18)<AW18,EDATE(AO18,X18),"N/A") -> 45785 | AZ18: =IF(COUNT(AX18:AY18)<AW18,EDATE(AY18,X18),"N/A") -> 45908 | BA18: =IF(COUNT(AX18:AZ18)<AW18,EDATE(AZ18,X18),"N/A") -> 46030 | BB18: =IF(COUNT(AX18:BA18)<AW18,EDATE(BA18,X18),"N/A") -> N/A
A19: =IF(D19="Masa",CONCATENATE(F19,"_",L19,"_",K19),F19) -> TEC-LAB-MP-04a_0,001g a 200g_N.I. | B19: =AA19 -> 62119 C | C19: Acreditado | D19: Masa | E19: Patron | F19: TEC-LAB-MP-04a | G19: Juego de Pesas | H19: Laboratorio de calibracion - Patrones | I19: Accurate Ltd | J19: Láminas | K19: N.I. | L19: 0,001g a 200g | M19: N.A | N19: Según NTC 1848 | O19: N.A | P19: 0,0020mg a 0,1mg | R19: 23 | T19: N.A | U19: OIML E2 | V19: 12 | W19: 12 | X19: 4 | Y19: Externa | Z19: En Servicio | AA19: 62119 C | AB19: Detecto de Colombia S.A. | AC19: 45318 | AE19: 45701 | AF19: =EDATE(AE19,(V19)) -> 46066 | AG19: EQ enviado a calibracion 2025-02-05 , retornado 2025-02-20 | AH19: =DAYS360(TODAY(),AF19) -> -74 | AI19: =IF(Z19="Fuera de servicio","Fuera de servicio",IF(TODAY()-AF19>0,"OJO EQUIPO VENCIDO",DAYS360(TODAY(),AF19)&" DIAS RESTANTES")) -> OJO EQUIPO VENCIDO | AJ19: Se solicito cotizacion 2025-01-16 | AK19: Se envia a calibracion 2025-02-05 | AL19: =VLOOKUP(A19,#REF!,21,FALSE) -> #REF! | AM19: =VLOOKUP(A19,#REF!,23,FALSE) -> #REF! | AN19: =AE19 -> 45701 | AO19: 45701 | AP19: =X19 -> 4 | AQ19: =EDATE(AE19,0) -> 45701 | AR19: =IF(COUNT(AQ19)<AP19,EDATE(AE19,X19),"N/A") -> 45821 | AS19: =IF(COUNT(AQ19:AR19)<AP19,EDATE(AR19,X19),"N/A") -> 45943 | AT19: =IF(COUNT(AQ19:AS19)<AP19,EDATE(AS19,X19),"N/A") -> 46066 | AU19: =IF(COUNT(AQ19:AT19)<AP19,EDATE(AT19,X19),"N/A") -> N/A | AW19: =X19 -> 4 | AX19: =EDATE(AO19,0) -> 45701 | AY19: =IF(COUNT(AX19)<AW19,EDATE(AO19,X19),"N/A") -> 45821 | AZ19: =IF(COUNT(AX19:AY19)<AW19,EDATE(AY19,X19),"N/A") -> 45943 | BA19: =IF(COUNT(AX19:AZ19)<AW19,EDATE(AZ19,X19),"N/A") -> 46066 | BB19: =IF(COUNT(AX19:BA19)<AW19,EDATE(BA19,X19),"N/A") -> N/A
A20: =IF(D20="Masa",CONCATENATE(F20,"_",L20,"_",K20),F20) -> TEC-LAB-MP-04_0,001g_N.I. | B20: =AA20 -> 62119 C | C20: Acreditado | D20: Masa | E20: Patron | F20: TEC-LAB-MP-04 | G20: Pesa | H20: Laboratorio de calibracion - Patrones | I20: Accurate Ltd | J20: Láminas | K20: N.I. | L20: 0,001g | M20: N.A | N20: 0,006mg | P20: 0,0020 mg | R20: 1 | T20: N.A | U20: OIML E2 | V20: 12 | W20: 12 | X20: 4 | Y20: Externa | Z20: En Servicio | AA20: 62119 C | AB20: Detecto de Colombia S.A. | AC20: 45318 | AE20: 45701 | AF20: =EDATE(AE20,(V20)) -> 46066 | AH20: =DAYS360(TODAY(),AF20) -> -74 | AI20: =IF(Z20="Fuera de servicio","Fuera de servicio",IF(TODAY()-AF20>0,"OJO EQUIPO VENCIDO",DAYS360(TODAY(),AF20)&" DIAS RESTANTES")) -> OJO EQUIPO VENCIDO | AL20: =VLOOKUP(A20,#REF!,21,FALSE) -> #REF! | AM20: =VLOOKUP(A20,#REF!,23,FALSE) -> #REF! | AN20: =AE20 -> 45701 | AO20: 45701 | AP20: =X20 -> 4 | AQ20: =EDATE(AE20,0) -> 45701 | AR20: =IF(COUNT(AQ20)<AP20,EDATE(AE20,X20),"N/A") -> 45821 | AS20: =IF(COUNT(AQ20:AR20)<AP20,EDATE(AR20,X20),"N/A") -> 45943 | AT20: =IF(COUNT(AQ20:AS20)<AP20,EDATE(AS20,X20),"N/A") -> 46066 | AU20: =IF(COUNT(AQ20:AT20)<AP20,EDATE(AT20,X20),"N/A") -> N/A | AW20: =X20 -> 4 | AX20: =EDATE(AO20,0) -> 45701 | AY20: =IF(COUNT(AX20)<AW20,EDATE(AO20,X20),"N/A") -> 45821 | AZ20: =IF(COUNT(AX20:AY20)<AW20,EDATE(AY20,X20),"N/A") -> 45943 | BA20: =IF(COUNT(AX20:AZ20)<AW20,EDATE(AZ20,X20),"N/A") -> 46066 | BB20: =IF(COUNT(AX20:BA20)<AW20,EDATE(BA20,X20),"N/A") -> N/A
A21: =IF(D21="Masa",CONCATENATE(F21,"_",L21,"_",K21),F21) -> TEC-LAB-MP-04_0,002g_N.I. | B21: =AA21 -> 62119 C | C21: Acreditado | D21: Masa | E21: Patron | F21: TEC-LAB-MP-04 | G21: Pesa | H21: Laboratorio de calibracion - Patrones | I21: Accurate Ltd | J21: Láminas | K21: N.I. | L21: 0,002g | M21: N.A | N21: 0,006mg | P21: 0,0020 mg | R21: 1 | T21: N.A | U21: OIML E2 | V21: 12 | W21: 12 | X21: 4 | Y21: Externa | Z21: En Servicio | AA21: 62119 C | AB21: Detecto de Colombia S.A. | AC21: 45318 | AE21: 45701 | AF21: =EDATE(AE21,(V21)) -> 46066 | AH21: =DAYS360(TODAY(),AF21) -> -74 | AI21: =IF(Z21="Fuera de servicio","Fuera de servicio",IF(TODAY()-AF21>0,"OJO EQUIPO VENCIDO",DAYS360(TODAY(),AF21)&" DIAS RESTANTES")) -> OJO EQUIPO VENCIDO | AL21: =VLOOKUP(A21,#REF!,21,FALSE) -> #REF! | AM21: =VLOOKUP(A21,#REF!,23,FALSE) -> #REF! | AN21: =AE21 -> 45701 | AO21: 45701 | AP21: =X21 -> 4 | AQ21: =EDATE(AE21,0) -> 45701 | AR21: =IF(COUNT(AQ21)<AP21,EDATE(AE21,X21),"N/A") -> 45821 | AS21: =IF(COUNT(AQ21:AR21)<AP21,EDATE(AR21,X21),"N/A") -> 45943 | AT21: =IF(COUNT(AQ21:AS21)<AP21,EDATE(AS21,X21),"N/A") -> 46066 | AU21: =IF(COUNT(AQ21:AT21)<AP21,EDATE(AT21,X21),"N/A") -> N/A | AW21: =X21 -> 4 | AX21: =EDATE(AO21,0) -> 45701 | AY21: =IF(COUNT(AX21)<AW21,EDATE(AO21,X21),"N/A") -> 45821 | AZ21: =IF(COUNT(AX21:AY21)<AW21,EDATE(AY21,X21),"N/A") -> 45943 | BA21: =IF(COUNT(AX21:AZ21)<AW21,EDATE(AZ21,X21),"N/A") -> 46066 | BB21: =IF(COUNT(AX21:BA21)<AW21,EDATE(BA21,X21),"N/A") -> N/A
A22: =IF(D22="Masa",CONCATENATE(F22,"_",L22,"_",K22),F22) -> TEC-LAB-MP-04_0,002g_PUNTO | B22: =AA22 -> 62119 C | C22: Acreditado | D22: Masa | E22: Patron | F22: TEC-LAB-MP-04 | G22: Pesa | H22: Laboratorio de calibracion - Patrones | I22: Accurate Ltd | J22: Láminas | K22: PUNTO | L22: 0,002g | M22: N.A | N22: 0,006mg | P22: 0,0020 mg | R22: 1 | T22: N.A | U22: OIML E2 | V22: 12 | W22: 12 | X22: 4 | Y22: Externa | Z22: En Servicio | AA22: 62119 C | AB22: Detecto de Colombia S.A. | AC22: 45318 | AE22: 45701 | AF22: =EDATE(AE22,(V22)) -> 46066 | AH22: =DAYS360(TODAY(),AF22) -> -74 | AI22: =IF(Z22="Fuera de servicio","Fuera de servicio",IF(TODAY()-AF22>0,"OJO EQUIPO VENCIDO",DAYS360(TODAY(),AF22)&" DIAS RESTANTES")) -> OJO EQUIPO VENCIDO | AL22: =VLOOKUP(A22,#REF!,21,FALSE) -> #REF! | AM22: =VLOOKUP(A22,#REF!,23,FALSE) -> #REF! | AN22: =AE22 -> 45701 | AO22: 45701 | AP22: =X22 -> 4 | AQ22: =EDATE(AE22,0) -> 45701 | AR22: =IF(COUNT(AQ22)<AP22,EDATE(AE22,X22),"N/A") -> 45821 | AS22: =IF(COUNT(AQ22:AR22)<AP22,EDATE(AR22,X22),"N/A") -> 45943 | AT22: =IF(COUNT(AQ22:AS22)<AP22,EDATE(AS22,X22),"N/A") -> 46066 | AU22: =IF(COUNT(AQ22:AT22)<AP22,EDATE(AT22,X22),"N/A") -> N/A | AW22: =X22 -> 4 | AX22: =EDATE(AO22,0) -> 45701 | AY22: =IF(COUNT(AX22)<AW22,EDATE(AO22,X22),"N/A") -> 45821 | AZ22: =IF(COUNT(AX22:AY22)<AW22,EDATE(AY22,X22),"N/A") -> 45943 | BA22: =IF(COUNT(AX22:AZ22)<AW22,EDATE(AZ22,X22),"N/A") -> 46066 | BB22: =IF(COUNT(AX22:BA22)<AW22,EDATE(BA22,X22),"N/A") -> N/A
A23: =IF(D23="Masa",CONCATENATE(F23,"_",L23,"_",K23),F23) -> TEC-LAB-MP-04_0,005g_N.I. | B23: =AA23 -> 62119 C | C23: Acreditado | D23: Masa | E23: Patron | F23: TEC-LAB-MP-04 | G23: Pesa | H23: Laboratorio de calibracion - Patrones | I23: Accurate Ltd | J23: Láminas | K23: N.I. | L23: 0,005g | M23: N.A | N23: 0,006mg | P23: 0,0020 mg | R23: 1 | T23: N.A | U23: OIML E2 | V23: 12 | W23: 12 | X23: 4 | Y23: Externa | Z23: En Servicio | AA23: 62119 C | AB23: Detecto de Colombia S.A. | AC23: 45318 | AE23: 45701 | AF23: =EDATE(AE23,(V23)) -> 46066 | AH23: =DAYS360(TODAY(),AF23) -> -74 | AI23: =IF(Z23="Fuera de servicio","Fuera de servicio",IF(TODAY()-AF23>0,"OJO EQUIPO VENCIDO",DAYS360(TODAY(),AF23)&" DIAS RESTANTES")) -> OJO EQUIPO VENCIDO | AL23: =VLOOKUP(A23,#REF!,21,FALSE) -> #REF! | AM23: =VLOOKUP(A23,#REF!,23,FALSE) -> #REF! | AN23: =AE23 -> 45701 | AO23: 45701 | AP23: =X23 -> 4 | AQ23: =EDATE(AE23,0) -> 45701 | AR23: =IF(COUNT(AQ23)<AP23,EDATE(AE23,X23),"N/A") -> 45821 | AS23: =IF(COUNT(AQ23:AR23)<AP23,EDATE(AR23,X23),"N/A") -> 45943 | AT23: =IF(COUNT(AQ23:AS23)<AP23,EDATE(AS23,X23),"N/A") -> 46066 | AU23: =IF(COUNT(AQ23:AT23)<AP23,EDATE(AT23,X23),"N/A") -> N/A | AW23: =X23 -> 4 | AX23: =EDATE(AO23,0) -> 45701 | AY23: =IF(COUNT(AX23)<AW23,EDATE(AO23,X23),"N/A") -> 45821 | AZ23: =IF(COUNT(AX23:AY23)<AW23,EDATE(AY23,X23),"N/A") -> 45943 | BA23: =IF(COUNT(AX23:AZ23)<AW23,EDATE(AZ23,X23),"N/A") -> 46066 | BB23: =IF(COUNT(AX23:BA23)<AW23,EDATE(BA23,X23),"N/A") -> N/A
A24: =IF(D24="Masa",CONCATENATE(F24,"_",L24,"_",K24),F24) -> TEC-LAB-MP-04_0,01g_N.I. | B24: =AA24 -> 62119 C | C24: Acreditado | D24: Masa | E24: Patron | F24: TEC-LAB-MP-04 | G24: Pesa | H24: Laboratorio de calibracion - Patrones | I24: Accurate Ltd | J24: Láminas | K24: N.I. | L24: 0,01g | M24: N.A | N24: 0,008mg | P24: 0,0027 mg | R24: 1 | T24: N.A | U24: OIML E2 | V24: 12 | W24: 12 | X24: 4 | Y24: Externa | Z24: En Servicio | AA24: 62119 C | AB24: Detecto de Colombia S.A. | AC24: 45318 | AE24: 45701 | AF24: =EDATE(AE24,(V24)) -> 46066 | AH24: =DAYS360(TODAY(),AF24) -> -74 | AI24: =IF(Z24="Fuera de servicio","Fuera de servicio",IF(TODAY()-AF24>0,"OJO EQUIPO VENCIDO",DAYS360(TODAY(),AF24)&" DIAS RESTANTES")) -> OJO EQUIPO VENCIDO | AL24: =VLOOKUP(A24,#REF!,21,FALSE) -> #REF! | AM24: =VLOOKUP(A24,#REF!,23,FALSE) -> #REF! | AN24: =AE24 -> 45701 | AO24: 45701 | AP24: =X24 -> 4 | AQ24: =EDATE(AE24,0) -> 45701 | AR24: =IF(COUNT(AQ24)<AP24,EDATE(AE24,X24),"N/A") -> 45821 | AS24: =IF(COUNT(AQ24:AR24)<AP24,EDATE(AR24,X24),"N/A") -> 45943 | AT24: =IF(COUNT(AQ24:AS24)<AP24,EDATE(AS24,X24),"N/A") -> 46066 | AU24: =IF(COUNT(AQ24:AT24)<AP24,EDATE(AT24,X24),"N/A") -> N/A | AW24: =X24 -> 4 | AX24: =EDATE(AO24,0) -> 45701 | AY24: =IF(COUNT(AX24)<AW24,EDATE(AO24,X24),"N/A") -> 45821 | AZ24: =IF(COUNT(AX24:AY24)<AW24,EDATE(AY24,X24),"N/A") -> 45943 | BA24: =IF(COUNT(AX24:AZ24)<AW24,EDATE(AZ24,X24),"N/A") -> 46066 | BB24: =IF(COUNT(AX24:BA24)<AW24,EDATE(BA24,X24),"N/A") -> N/A
A25: =IF(D25="Masa",CONCATENATE(F25,"_",L25,"_",K25),F25) -> TEC-LAB-MP-04_0,02g_N.I. | B25: =AA25 -> 62119 C | C25: Acreditado | D25: Masa | E25: Patron | F25: TEC-LAB-MP-04 | G25: Pesa | H25: Laboratorio de calibracion - Patrones | I25: Accurate Ltd | J25: Láminas | K25: N.I. | L25: 0,02g | M25: N.A | N25: 0,01mg | P25: 0,0033 mg | R25: 1 | T25: N.A | U25: OIML E2 | V25: 12 | W25: 12 | X25: 4 | Y25: Externa | Z25: En Servicio | AA25: 62119 C | AB25: Detecto de Colombia S.A. | AC25: 45318 | AE25: 45701 | AF25: =EDATE(AE25,(V25)) -> 46066 | AH25: =DAYS360(TODAY(),AF25) -> -74 | AI25: =IF(Z25="Fuera de servicio","Fuera de servicio",IF(TODAY()-AF25>0,"OJO EQUIPO VENCIDO",DAYS360(TODAY(),AF25)&" DIAS RESTANTES")) -> OJO EQUIPO VENCIDO | AL25: =VLOOKUP(A25,#REF!,21,FALSE) -> #REF! | AM25: =VLOOKUP(A25,#REF!,23,FALSE) -> #REF! | AN25: =AE25 -> 45701 | AO25: 45701 | AP25: =X25 -> 4 | AQ25: =EDATE(AE25,0) -> 45701 | AR25: =IF(COUNT(AQ25)<AP25,EDATE(AE25,X25),"N/A") -> 45821 | AS25: =IF(COUNT(AQ25:AR25)<AP25,EDATE(AR25,X25),"N/A") -> 45943 | AT25: =IF(COUNT(AQ25:AS25)<AP25,EDATE(AS25,X25),"N/A") -> 46066 | AU25: =IF(COUNT(AQ25:AT25)<AP25,EDATE(AT25,X25),"N/A") -> N/A | AW25: =X25 -> 4 | AX25: =EDATE(AO25,0) -> 45701 | AY25: =IF(COUNT(AX25)<AW25,EDATE(AO25,X25),"N/A") -> 45821 | AZ25: =IF(COUNT(AX25:AY25)<AW25,EDATE(AY25,X25),"N/A") -> 45943 | BA25: =IF(COUNT(AX25:AZ25)<AW25,EDATE(AZ25,X25),"N/A") -> 46066 | BB25: =IF(COUNT(AX25:BA25)<AW25,EDATE(BA25,X25),"N/A") -> N/A
A26: =IF(D26="Masa",CONCATENATE(F26,"_",L26,"_",K26),F26) -> TEC-LAB-MP-04_0,02g_PUNTO | B26: =AA26 -> 62119 C | C26: Acreditado | D26: Masa | E26: Patron | F26: TEC-LAB-MP-04 | G26: Pesa | H26: Laboratorio de calibracion - Patrones | I26: Accurate Ltd | J26: Láminas | K26: PUNTO | L26: 0,02g | M26: N.A | N26: 0,01mg | P26: 0,0033 mg | R26: 1 | T26: N.A | U26: OIML E2 | V26: 12 | W26: 12 | X26: 4 | Y26: Externa | Z26: En Servicio | AA26: 62119 C | AB26: Detecto de Colombia S.A. | AC26: 45318 | AE26: 45701 | AF26: =EDATE(AE26,(V26)) -> 46066 | AH26: =DAYS360(TODAY(),AF26) -> -74 | AI26: =IF(Z26="Fuera de servicio","Fuera de servicio",IF(TODAY()-AF26>0,"OJO EQUIPO VENCIDO",DAYS360(TODAY(),AF26)&" DIAS RESTANTES")) -> OJO EQUIPO VENCIDO | AL26: =VLOOKUP(A26,#REF!,21,FALSE) -> #REF! | AM26: =VLOOKUP(A26,#REF!,23,FALSE) -> #REF! | AN26: =AE26 -> 45701 | AO26: 45701 | AP26: =X26 -> 4 | AQ26: =EDATE(AE26,0) -> 45701 | AR26: =IF(COUNT(AQ26)<AP26,EDATE(AE26,X26),"N/A") -> 45821 | AS26: =IF(COUNT(AQ26:AR26)<AP26,EDATE(AR26,X26),"N/A") -> 45943 | AT26: =IF(COUNT(AQ26:AS26)<AP26,EDATE(AS26,X26),"N/A") -> 46066 | AU26: =IF(COUNT(AQ26:AT26)<AP26,EDATE(AT26,X26),"N/A") -> N/A | AW26: =X26 -> 4 | AX26: =EDATE(AO26,0) -> 45701 | AY26: =IF(COUNT(AX26)<AW26,EDATE(AO26,X26),"N/A") -> 45821 | AZ26: =IF(COUNT(AX26:AY26)<AW26,EDATE(AY26,X26),"N/A") -> 45943 | BA26: =IF(COUNT(AX26:AZ26)<AW26,EDATE(AZ26,X26),"N/A") -> 46066 | BB26: =IF(COUNT(AX26:BA26)<AW26,EDATE(BA26,X26),"N/A") -> N/A
A27: =IF(D27="Masa",CONCATENATE(F27,"_",L27,"_",K27),F27) -> TEC-LAB-MP-04_0,05g_N.I. | B27: =AA27 -> 62119 C | C27: Acreditado | D27: Masa | E27: Patron | F27: TEC-LAB-MP-04 | G27: Pesa | H27: Laboratorio de calibracion - Patrones | I27: Accurate Ltd | J27: Láminas | K27: N.I. | L27: 0,05g | M27: N.A | N27: 0,012mg | P27: 0,0040 mg | R27: 1 | T27: N.A | U27: OIML E2 | V27: 12 | W27: 12 | X27: 4 | Y27: Externa | Z27: En Servicio | AA27: 62119 C | AB27: Detecto de Colombia S.A. | AC27: 45318 | AE27: 45701 | AF27: =EDATE(AE27,(V27)) -> 46066 | AH27: =DAYS360(TODAY(),AF27) -> -74 | AI27: =IF(Z27="Fuera de servicio","Fuera de servicio",IF(TODAY()-AF27>0,"OJO EQUIPO VENCIDO",DAYS360(TODAY(),AF27)&" DIAS RESTANTES")) -> OJO EQUIPO VENCIDO | AL27: =VLOOKUP(A27,#REF!,21,FALSE) -> #REF! | AM27: =VLOOKUP(A27,#REF!,23,FALSE) -> #REF! | AN27: =AE27 -> 45701 | AO27: 45701 | AP27: =X27 -> 4 | AQ27: =EDATE(AE27,0) -> 45701 | AR27: =IF(COUNT(AQ27)<AP27,EDATE(AE27,X27),"N/A") -> 45821 | AS27: =IF(COUNT(AQ27:AR27)<AP27,EDATE(AR27,X27),"N/A") -> 45943 | AT27: =IF(COUNT(AQ27:AS27)<AP27,EDATE(AS27,X27),"N/A") -> 46066 | AU27: =IF(COUNT(AQ27:AT27)<AP27,EDATE(AT27,X27),"N/A") -> N/A | AW27: =X27 -> 4 | AX27: =EDATE(AO27,0) -> 45701 | AY27: =IF(COUNT(AX27)<AW27,EDATE(AO27,X27),"N/A") -> 45821 | AZ27: =IF(COUNT(AX27:AY27)<AW27,EDATE(AY27,X27),"N/A") -> 45943 | BA27: =IF(COUNT(AX27:AZ27)<AW27,EDATE(AZ27,X27),"N/A") -> 46066 | BB27: =IF(COUNT(AX27:BA27)<AW27,EDATE(BA27,X27),"N/A") -> N/A
A28: =IF(D28="Masa",CONCATENATE(F28,"_",L28,"_",K28),F28) -> TEC-LAB-MP-04_0,1g_N.I. | B28: =AA28 -> 62119 C | C28: Acreditado | D28: Masa | E28: Patron | F28: TEC-LAB-MP-04 | G28: Pesa | H28: Laboratorio de calibracion - Patrones | I28: Accurate Ltd | J28: Láminas | K28: N.I. | L28: 0,1g | M28: N.A | N28: 0,016mg | P28: 0,0053 mg | R28: 1 | T28: N.A | U28: OIML E2 | V28: 12 | W28: 12 | X28: 4 | Y28: Externa | Z28: En Servicio | AA28: 62119 C | AB28: Detecto de Colombia S.A. | AC28: 45318 | AE28: 45701 | AF28: =EDATE(AE28,(V28)) -> 46066 | AH28: =DAYS360(TODAY(),AF28) -> -74 | AI28: =IF(Z28="Fuera de servicio","Fuera de servicio",IF(TODAY()-AF28>0,"OJO EQUIPO VENCIDO",DAYS360(TODAY(),AF28)&" DIAS RESTANTES")) -> OJO EQUIPO VENCIDO | AL28: =VLOOKUP(A28,#REF!,21,FALSE) -> #REF! | AM28: =VLOOKUP(A28,#REF!,23,FALSE) -> #REF! | AN28: =AE28 -> 45701 | AO28: 45701 | AP28: =X28 -> 4 | AQ28: =EDATE(AE28,0) -> 45701 | AR28: =IF(COUNT(AQ28)<AP28,EDATE(AE28,X28),"N/A") -> 45821 | AS28: =IF(COUNT(AQ28:AR28)<AP28,EDATE(AR28,X28),"N/A") -> 45943 | AT28: =IF(COUNT(AQ28:AS28)<AP28,EDATE(AS28,X28),"N/A") -> 46066 | AU28: =IF(COUNT(AQ28:AT28)<AP28,EDATE(AT28,X28),"N/A") -> N/A | AW28: =X28 -> 4 | AX28: =EDATE(AO28,0) -> 45701 | AY28: =IF(COUNT(AX28)<AW28,EDATE(AO28,X28),"N/A") -> 45821 | AZ28: =IF(COUNT(AX28:AY28)<AW28,EDATE(AY28,X28),"N/A") -> 45943 | BA28: =IF(COUNT(AX28:AZ28)<AW28,EDATE(AZ28,X28),"N/A") -> 46066 | BB28: =IF(COUNT(AX28:BA28)<AW28,EDATE(BA28,X28),"N/A") -> N/A
A29: =IF(D29="Masa",CONCATENATE(F29,"_",L29,"_",K29),F29) -> TEC-LAB-MP-04_0,2g_N.I. | B29: =AA29 -> 62119 C | C29: Acreditado | D29: Masa | E29: Patron | F29: TEC-LAB-MP-04 | G29: Pesa | H29: Laboratorio de calibracion - Patrones | I29: Accurate Ltd | J29: Láminas | K29: N.I. | L29: 0,2g | M29: N.A | N29: 0,02mg | P29: 0,0067 mg | R29: 1 | T29: N.A | U29: OIML E2 | V29: 12 | W29: 12 | X29: 4 | Y29: Externa | Z29: En Servicio | AA29: 62119 C | AB29: Detecto de Colombia S.A. | AC29: 45318 | AE29: 45701 | AF29: =EDATE(AE29,(V29)) -> 46066 | AH29: =DAYS360(TODAY(),AF29) -> -74 | AI29: =IF(Z29="Fuera de servicio","Fuera de servicio",IF(TODAY()-AF29>0,"OJO EQUIPO VENCIDO",DAYS360(TODAY(),AF29)&" DIAS RESTANTES")) -> OJO EQUIPO VENCIDO | AL29: =VLOOKUP(A29,#REF!,21,FALSE) -> #REF! | AM29: =VLOOKUP(A29,#REF!,23,FALSE) -> #REF! | AN29: =AE29 -> 45701 | AO29: 45701 | AP29: =X29 -> 4 | AQ29: =EDATE(AE29,0) -> 45701 | AR29: =IF(COUNT(AQ29)<AP29,EDATE(AE29,X29),"N/A") -> 45821 | AS29: =IF(COUNT(AQ29:AR29)<AP29,EDATE(AR29,X29),"N/A") -> 45943 | AT29: =IF(COUNT(AQ29:AS29)<AP29,EDATE(AS29,X29),"N/A") -> 46066 | AU29: =IF(COUNT(AQ29:AT29)<AP29,EDATE(AT29,X29),"N/A") -> N/A | AW29: =X29 -> 4 | AX29: =EDATE(AO29,0) -> 45701 | AY29: =IF(COUNT(AX29)<AW29,EDATE(AO29,X29),"N/A") -> 45821 | AZ29: =IF(COUNT(AX29:AY29)<AW29,EDATE(AY29,X29),"N/A") -> 45943 | BA29: =IF(COUNT(AX29:AZ29)<AW29,EDATE(AZ29,X29),"N/A") -> 46066 | BB29: =IF(COUNT(AX29:BA29)<AW29,EDATE(BA29,X29),"N/A") -> N/A
A30: =IF(D30="Masa",CONCATENATE(F30,"_",L30,"_",K30),F30) -> TEC-LAB-MP-04_0,2g_PUNTO | B30: =AA30 -> 62119 C | C30: Acreditado | D30: Masa | E30: Patron | F30: TEC-LAB-MP-04 | G30: Pesa | H30: Laboratorio de calibracion - Patrones | I30: Accurate Ltd | J30: Láminas | K30: PUNTO | L30: 0,2g | M30: N.A | N30: 0,02mg | P30: 0,0067 mg | R30: 1 | T30: N.A | U30: OIML E2 | V30: 12 | W30: 12 | X30: 4 | Y30: Externa | Z30: En Servicio | AA30: 62119 C | AB30: Detecto de Colombia S.A. | AC30: 45318 | AE30: 45701 | AF30: =EDATE(AE30,(V30)) -> 46066 | AH30: =DAYS360(TODAY(),AF30) -> -74 | AI30: =IF(Z30="Fuera de servicio","Fuera de servicio",IF(TODAY()-AF30>0,"OJO EQUIPO VENCIDO",DAYS360(TODAY(),AF30)&" DIAS RESTANTES")) -> OJO EQUIPO VENCIDO | AL30: =VLOOKUP(A30,#REF!,21,FALSE) -> #REF! | AM30: =VLOOKUP(A30,#REF!,23,FALSE) -> #REF! | AN30: =AE30 -> 45701 | AO30: 45701 | AP30: =X30 -> 4 | AQ30: =EDATE(AE30,0) -> 45701 | AR30: =IF(COUNT(AQ30)<AP30,EDATE(AE30,X30),"N/A") -> 45821 | AS30: =IF(COUNT(AQ30:AR30)<AP30,EDATE(AR30,X30),"N/A") -> 45943 | AT30: =IF(COUNT(AQ30:AS30)<AP30,EDATE(AS30,X30),"N/A") -> 46066 | AU30: =IF(COUNT(AQ30:AT30)<AP30,EDATE(AT30,X30),"N/A") -> N/A | AW30: =X30 -> 4 | AX30: =EDATE(AO30,0) -> 45701 | AY30: =IF(COUNT(AX30)<AW30,EDATE(AO30,X30),"N/A") -> 45821 | AZ30: =IF(COUNT(AX30:AY30)<AW30,EDATE(AY30,X30),"N/A") -> 45943 | BA30: =IF(COUNT(AX30:AZ30)<AW30,EDATE(AZ30,X30),"N/A") -> 46066 | BB30: =IF(COUNT(AX30:BA30)<AW30,EDATE(BA30,X30),"N/A") -> N/A
A31: =IF(D31="Masa",CONCATENATE(F31,"_",L31,"_",K31),F31) -> TEC-LAB-MP-04_0,5g_N.I. | B31: =AA31 -> 62119 C | C31: Acreditado | D31: Masa | E31: Patron | F31: TEC-LAB-MP-04 | G31: Pesa | H31: Laboratorio de calibracion - Patrones | I31: Accurate Ltd | J31: Láminas | K31: N.I. | L31: 0,5g | M31: N.A | N31: 0,025mg | P31: 0,0083 mg | R31: 1 | T31: N.A | U31: OIML E2 | V31: 12 | W31: 12 | X31: 4 | Y31: Externa | Z31: En Servicio | AA31: 62119 C | AB31: Detecto de Colombia S.A. | AC31: 45318 | AE31: 45701 | AF31: =EDATE(AE31,(V31)) -> 46066 | AH31: =DAYS360(TODAY(),AF31) -> -74 | AI31: =IF(Z31="Fuera de servicio","Fuera de servicio",IF(TODAY()-AF31>0,"OJO EQUIPO VENCIDO",DAYS360(TODAY(),AF31)&" DIAS RESTANTES")) -> OJO EQUIPO VENCIDO | AL31: =VLOOKUP(A31,#REF!,21,FALSE) -> #REF! | AM31: =VLOOKUP(A31,#REF!,23,FALSE) -> #REF! | AN31: =AE31 -> 45701 | AO31: 45701 | AP31: =X31 -> 4 | AQ31: =EDATE(AE31,0) -> 45701 | AR31: =IF(COUNT(AQ31)<AP31,EDATE(AE31,X31),"N/A") -> 45821 | AS31: =IF(COUNT(AQ31:AR31)<AP31,EDATE(AR31,X31),"N/A") -> 45943 | AT31: =IF(COUNT(AQ31:AS31)<AP31,EDATE(AS31,X31),"N/A") -> 46066 | AU31: =IF(COUNT(AQ31:AT31)<AP31,EDATE(AT31,X31),"N/A") -> N/A | AW31: =X31 -> 4 | AX31: =EDATE(AO31,0) -> 45701 | AY31: =IF(COUNT(AX31)<AW31,EDATE(AO31,X31),"N/A") -> 45821 | AZ31: =IF(COUNT(AX31:AY31)<AW31,EDATE(AY31,X31),"N/A") -> 45943 | BA31: =IF(COUNT(AX31:AZ31)<AW31,EDATE(AZ31,X31),"N/A") -> 46066 | BB31: =IF(COUNT(AX31:BA31)<AW31,EDATE(BA31,X31),"N/A") -> N/A
... A39: =IF(D39="Masa",CONCATENATE(F39,"_",L39,"_",K39),F39) -> TEC-LAB-MP-04_50g_N.I. | B39: =AA39 -> 62119 C | C39: Acreditado | D39: Masa | E39: Patron | F39: TEC-LAB-MP-04 | G39: Pesa | H39: Laboratorio de calibracion - Patrones | I39: Accurate Ltd | J39: Láminas/Cilíndricas | K39: N.I. | L39: 50g | M39: N.A | N39: 0,1mg | P39: 0,033 mg | R39: 1 | T39: N.A | U39: OIML E2 | V39: 12 | W39: 12 | X39: 4 | Y39: Externa | Z39: En Servicio | AA39: 62119 C | AB39: Detecto de Colombia S.A. | AC39: 45318 | AE39: 45701 | AF39: =EDATE(AE39,(V39)) -> 46066 | AH39: =DAYS360(TODAY(),AF39) -> -74 | AI39: =IF(Z39="Fuera de servicio","Fuera de servicio",IF(TODAY()-AF39>0,"OJO EQUIPO VENCIDO",DAYS360(TODAY(),AF39)&" DIAS RESTANTES")) -> OJO EQUIPO VENCIDO | AL39: =VLOOKUP(A39,#REF!,21,FALSE) -> #REF! | AM39: =VLOOKUP(A39,#REF!,23,FALSE) -> #REF! | AN39: =AE39 -> 45701 | AO39: 45701 | AP39: =X39 -> 4 | AQ39: =EDATE(AE39,0) -> 45701 | AR39: =IF(COUNT(AQ39)<AP39,EDATE(AE39,X39),"N/A") -> 45821 | AS39: =IF(COUNT(AQ39:AR39)<AP39,EDATE(AR39,X39),"N/A") -> 45943 | AT39: =IF(COUNT(AQ39:AS39)<AP39,EDATE(AS39,X39),"N/A") -> 46066 | AU39: =IF(COUNT(AQ39:AT39)<AP39,EDATE(AT39,X39),"N/A") -> N/A | AW39: =X39 -> 4 | AX39: =EDATE(AO39,0) -> 45701 | AY39: =IF(COUNT(AX39)<AW39,EDATE(AO39,X39),"N/A") -> 45821 | AZ39: =IF(COUNT(AX39:AY39)<AW39,EDATE(AY39,X39),"N/A") -> 45943 | BA39: =IF(COUNT(AX39:AZ39)<AW39,EDATE(AZ39,X39),"N/A") -> 46066 | BB39: =IF(COUNT(AX39:BA39)<AW39,EDATE(BA39,X39),"N/A") -> N/A
A40: =IF(D40="Masa",CONCATENATE(F40,"_",L40,"_",K40),F40) -> TEC-LAB-MP-04_100g_N.I. | B40: =AA40 -> 62119 C | C40: Acreditado | D40: Masa | E40: Patron | F40: TEC-LAB-MP-04 | G40: Pesa | H40: Laboratorio de calibracion - Patrones | I40: Accurate Ltd | J40: Láminas/Cilíndricas | K40: N.I. | L40: 100g | M40: N.A | N40: 0,16mg | P40: 0,053 mg | R40: 1 | T40: N.A | U40: OIML E2 | V40: 12 | W40: 12 | X40: 4 | Y40: Externa | Z40: En Servicio | AA40: 62119 C | AB40: Detecto de Colombia S.A. | AC40: 45318 | AE40: 45701 | AF40: =EDATE(AE40,(V40)) -> 46066 | AH40: =DAYS360(TODAY(),AF40) -> -74 | AI40: =IF(Z40="Fuera de servicio","Fuera de servicio",IF(TODAY()-AF40>0,"OJO EQUIPO VENCIDO",DAYS360(TODAY(),AF40)&" DIAS RESTANTES")) -> OJO EQUIPO VENCIDO | AJ40: Masa Nueva, reemplaza masa original del kit de calibracion. La masa entra en uso a partir de mes de Enero, se adjusta fecha para ser calibrada junto con el resto de masas del Kit. | AL40: =VLOOKUP(A40,#REF!,21,FALSE) -> #REF! | AM40: =VLOOKUP(A40,#REF!,23,FALSE) -> #REF! | AN40: =AE40 -> 45701 | AO40: 45701 | AP40: =X40 -> 4 | AQ40: =EDATE(AE40,0) -> 45701 | AR40: =IF(COUNT(AQ40)<AP40,EDATE(AE40,X40),"N/A") -> 45821 | AS40: =IF(COUNT(AQ40:AR40)<AP40,EDATE(AR40,X40),"N/A") -> 45943 | AT40: =IF(COUNT(AQ40:AS40)<AP40,EDATE(AS40,X40),"N/A") -> 46066 | AU40: =IF(COUNT(AQ40:AT40)<AP40,EDATE(AT40,X40),"N/A") -> N/A | AW40: =X40 -> 4 | AX40: =EDATE(AO40,0) -> 45701 | AY40: =IF(COUNT(AX40)<AW40,EDATE(AO40,X40),"N/A") -> 45821 | AZ40: =IF(COUNT(AX40:AY40)<AW40,EDATE(AY40,X40),"N/A") -> 45943 | BA40: =IF(COUNT(AX40:AZ40)<AW40,EDATE(AZ40,X40),"N/A") -> 46066 | BB40: =IF(COUNT(AX40:BA40)<AW40,EDATE(BA40,X40),"N/A") -> N/A
A41: =IF(D41="Masa",CONCATENATE(F41,"_",L41,"_",K41),F41) -> TEC-LAB-MP-04_200g_N.I. | B41: =AA41 -> 62119 C | C41: Acreditado | D41: Masa | E41: Patron | F41: TEC-LAB-MP-04 | G41: Pesa | H41: Laboratorio de calibracion - Patrones | I41: Accurate Ltd | J41: Láminas/Cilíndricas | K41: N.I. | L41: 200g | M41: N.A | N41: 0,3mg | P41: 0,10 mg | R41: 1 | T41: N.A | U41: OIML E2 | V41: 12 | W41: 12 | X41: 4 | Y41: Externa | Z41: En Servicio | AA41: 62119 C | AB41: Detecto de Colombia S.A. | AC41: 45318 | AE41: 45701 | AF41: =EDATE(AE41,(V41)) -> 46066 | AH41: =DAYS360(TODAY(),AF41) -> -74 | AI41: =IF(Z41="Fuera de servicio","Fuera de servicio",IF(TODAY()-AF41>0,"OJO EQUIPO VENCIDO",DAYS360(TODAY(),AF41)&" DIAS RESTANTES")) -> OJO EQUIPO VENCIDO | AL41: =VLOOKUP(A41,#REF!,21,FALSE) -> #REF! | AM41: =VLOOKUP(A41,#REF!,23,FALSE) -> #REF! | AN41: =AE41 -> 45701 | AO41: 45701 | AP41: =X41 -> 4 | AQ41: =EDATE(AE41,0) -> 45701 | AR41: =IF(COUNT(AQ41)<AP41,EDATE(AE41,X41),"N/A") -> 45821 | AS41: =IF(COUNT(AQ41:AR41)<AP41,EDATE(AR41,X41),"N/A") -> 45943 | AT41: =IF(COUNT(AQ41:AS41)<AP41,EDATE(AS41,X41),"N/A") -> 46066 | AU41: =IF(COUNT(AQ41:AT41)<AP41,EDATE(AT41,X41),"N/A") -> N/A | AW41: =X41 -> 4 | AX41: =EDATE(AO41,0) -> 45701 | AY41: =IF(COUNT(AX41)<AW41,EDATE(AO41,X41),"N/A") -> 45821 | AZ41: =IF(COUNT(AX41:AY41)<AW41,EDATE(AY41,X41),"N/A") -> 45943 | BA41: =IF(COUNT(AX41:AZ41)<AW41,EDATE(AZ41,X41),"N/A") -> 46066 | BB41: =IF(COUNT(AX41:BA41)<AW41,EDATE(BA41,X41),"N/A") -> N/A
A42: =IF(D42="Masa",CONCATENATE(F42,"_",L42,"_",K42),F42) -> TEC-LAB-MP-04_200g_PUNTO | B42: =AA42 -> 62119 C | C42: Acreditado | D42: Masa | E42: Patron | F42: TEC-LAB-MP-04 | G42: Pesa | H42: Laboratorio de calibracion - Patrones | I42: Accurate Ltd | J42: Láminas/Cilíndricas | K42: PUNTO | L42: 200g | M42: N.A | N42: 0,3mg | P42: 0,10 mg | R42: 1 | T42: N.A | U42: OIML E2 | V42: 12 | W42: 12 | X42: 4 | Y42: Externa | Z42: En Servicio | AA42: 62119 C | AB42: Detecto de Colombia S.A. | AC42: 45318 | AE42: 45701 | AF42: =EDATE(AE42,(V42)) -> 46066 | AH42: =DAYS360(TODAY(),AF42) -> -74 | AI42: =IF(Z42="Fuera de servicio","Fuera de servicio",IF(TODAY()-AF42>0,"OJO EQUIPO VENCIDO",DAYS360(TODAY(),AF42)&" DIAS RESTANTES")) -> OJO EQUIPO VENCIDO | AL42: =VLOOKUP(A42,#REF!,21,FALSE) -> #REF! | AM42: =VLOOKUP(A42,#REF!,23,FALSE) -> #REF! | AN42: =AE42 -> 45701 | AO42: 45701 | AP42: =X42 -> 4 | AQ42: =EDATE(AE42,0) -> 45701 | AR42: =IF(COUNT(AQ42)<AP42,EDATE(AE42,X42),"N/A") -> 45821 | AS42: =IF(COUNT(AQ42:AR42)<AP42,EDATE(AR42,X42),"N/A") -> 45943 | AT42: =IF(COUNT(AQ42:AS42)<AP42,EDATE(AS42,X42),"N/A") -> 46066 | AU42: =IF(COUNT(AQ42:AT42)<AP42,EDATE(AT42,X42),"N/A") -> N/A | AW42: =X42 -> 4 | AX42: =EDATE(AO42,0) -> 45701 | AY42: =IF(COUNT(AX42)<AW42,EDATE(AO42,X42),"N/A") -> 45821 | AZ42: =IF(COUNT(AX42:AY42)<AW42,EDATE(AY42,X42),"N/A") -> 45943 | BA42: =IF(COUNT(AX42:AZ42)<AW42,EDATE(AZ42,X42),"N/A") -> 46066 | BB42: =IF(COUNT(AX42:BA42)<AW42,EDATE(BA42,X42),"N/A") -> N/A
A43: =IF(D43="Masa",CONCATENATE(F43,"_",L43,"_",K43),F43) -> TEC-LAB-MP-07_20Kg_No indica | B43: =AA43 -> CAP-1468-24 | C43: Acreditado | D43: Masa | E43: Patron | F43: TEC-LAB-MP-07 | G43: Pesa | H43: Lab.de calibracion - Patrones | I43: Accurate Ltd | J43: Cilíndrica | K43: No indica | L43: 20Kg | M43: N.A | N43: Según NTC 1848 | O43: N.A | P43: 9,9 mg | R43: 1 | T43: N.A | U43: OIML F1 | V43: 19 | W43: 19 | X43: 4 | Y43: Externa | Z43: En Servicio | AA43: CAP-1468-24 | AB43: WR S.A.S | AC43: 44996 | AE43: 45640 | AF43: =EDATE(AE43,(V43)) -> 46217 | AG43: Se rev F quedo en 19 meses | AH43: =DAYS360(TODAY(),AF43) -> 77 | AI43: =IF(Z43="Fuera de servicio","Fuera de servicio",IF(TODAY()-AF43>0,"OJO EQUIPO VENCIDO",DAYS360(TODAY(),AF43)&" DIAS RESTANTES")) -> 77 DIAS RESTANTES | AJ43: Se solicito cotizacion a WR, detecto y colmetro | AL43: =VLOOKUP(A43,#REF!,21,FALSE) -> #REF! | AM43: =VLOOKUP(A43,#REF!,23,FALSE) -> #REF! | AN43: =AE43 -> 45640 | AO43: 45672 | AP43: =X43 -> 4 | AQ43: =EDATE(AE43,0) -> 45640 | AR43: =IF(COUNT(AQ43)<AP43,EDATE(AE43,X43),"N/A") -> 45761 | AS43: =IF(COUNT(AQ43:AR43)<AP43,EDATE(AR43,X43),"N/A") -> 45883 | AT43: =IF(COUNT(AQ43:AS43)<AP43,EDATE(AS43,X43),"N/A") -> 46005 | AU43: =IF(COUNT(AQ43:AT43)<AP43,EDATE(AT43,X43),"N/A") -> N/A | AW43: =X43 -> 4 | AX43: =EDATE(AO43,0) -> 45672 | AY43: =IF(COUNT(AX43)<AW43,EDATE(AO43,X43),"N/A") -> 45792 | AZ43: =IF(COUNT(AX43:AY43)<AW43,EDATE(AY43,X43),"N/A") -> 45915 | BA43: =IF(COUNT(AX43:AZ43)<AW43,EDATE(AZ43,X43),"N/A") -> 46037 | BB43: =IF(COUNT(AX43:BA43)<AW43,EDATE(BA43,X43),"N/A") -> N/A
A44: =IF(D44="Masa",CONCATENATE(F44,"_",L44,"_",K44),F44) -> TEC-LAB-MP-05a_1g a 5kg_No indica | B44: =AA44 -> ALM-228-24 | C44: Acreditado | D44: Masa | E44: Patron | F44: TEC-LAB-MP-05a | G44: Juego de Pesas | H44: Laboratorio de calibracion - Patrones | I44: Detecto | J44: Cilíndrica | K44: No indica | L44: 1g a 5kg | M44: N.A | N44: Según NTC 1848 | O44: N.A | P44: 0,03 mg | R44: 16 | T44: N.A | U44: OIML F1 | V44: 12 | W44: 12 | X44: 4 | Y44: Externa | Z44: Fuera de Servicio En calibración | AA44: ALM-228-24 | AB44: Alpha | AC44: 45129 | AE44: 45514 | AF44: =EDATE(AE44,(V44)) -> 45879 | AG44: Se solicito compra en 2025-06-19 | AH44: =DAYS360(TODAY(),AF44) -> -257 | AI44: =IF(Z44="Fuera de servicio","Fuera de servicio",IF(TODAY()-AF44>0,"OJO EQUIPO VENCIDO",DAYS360(TODAY(),AF44)&" DIAS RESTANTES")) -> OJO EQUIPO VENCIDO | AJ44: Se solicta cotizacion a Avanza 2024-07-15 | AK44: Entregadas a recepcion para despacho a calibracion en Avanza 2024-07-31_ se envio el 2025-08-12 | AL44: =VLOOKUP(A44,#REF!,21,FALSE) -> #REF! | AM44: =VLOOKUP(A44,#REF!,23,FALSE) -> #REF! | AN44: =AE44 -> 45514 | AO44: 45762 | AP44: =X44 -> 4 | AQ44: =EDATE(AE44,0) -> 45514 | AR44: =IF(COUNT(AQ44)<AP44,EDATE(AE44,X44),"N/A") -> 45636 | AS44: =IF(COUNT(AQ44:AR44)<AP44,EDATE(AR44,X44),"N/A") -> 45757 | AT44: =IF(COUNT(AQ44:AS44)<AP44,EDATE(AS44,X44),"N/A") -> 45879 | AU44: =IF(COUNT(AQ44:AT44)<AP44,EDATE(AT44,X44),"N/A") -> N/A | AW44: =X44 -> 4 | AX44: =EDATE(AO44,0) -> 45762 | AY44: =IF(COUNT(AX44)<AW44,EDATE(AO44,X44),"N/A") -> 45884 | AZ44: =IF(COUNT(AX44:AY44)<AW44,EDATE(AY44,X44),"N/A") -> 46006 | BA44: =IF(COUNT(AX44:AZ44)<AW44,EDATE(AZ44,X44),"N/A") -> 46127 | BB44: =IF(COUNT(AX44:BA44)<AW44,EDATE(BA44,X44),"N/A") -> N/A
A45: =IF(D45="Masa",CONCATENATE(F45,"_",L45,"_",K45),F45) -> TEC-LAB-MP-05_1g_No indica | B45: =AA45 -> ALM-228-24 | C45: Acreditado | D45: Masa | E45: Patron | F45: TEC-LAB-MP-05 | G45: Pesa | H45: Laboratorio de calibracion - Patrones | I45: Detecto | J45: Cilíndrica | K45: No indica | L45: 1g | M45: N.A | N45: 0,01mg | P45: 0,03 mg | R45: 1 | T45: N.A | U45: OIML F1 | V45: 12 | W45: 12 | X45: 4 | Y45: Externa | Z45: Fuera de Servicio En calibración | AA45: ALM-228-24 | AB45: Alpha | AC45: 45129 | AE45: 45514 | AF45: =EDATE(AE45,(V45)) -> 45879 | AH45: =DAYS360(TODAY(),AF45) -> -257 | AI45: =IF(Z45="Fuera de servicio","Fuera de servicio",IF(TODAY()-AF45>0,"OJO EQUIPO VENCIDO",DAYS360(TODAY(),AF45)&" DIAS RESTANTES")) -> OJO EQUIPO VENCIDO | AJ45: Se solicta cotizacion a Avanza 2024-07-15 | AK45: Entregadas a recepcion para despacho a calibracion en Avanza 2024-07-31 | AL45: =VLOOKUP(A45,#REF!,21,FALSE) -> #REF! | AM45: =VLOOKUP(A45,#REF!,23,FALSE) -> #REF! | AN45: =AE45 -> 45514 | AO45: 45762 | AP45: =X45 -> 4 | AQ45: =EDATE(AE45,0) -> 45514 | AR45: =IF(COUNT(AQ45)<AP45,EDATE(AE45,X45),"N/A") -> 45636 | AS45: =IF(COUNT(AQ45:AR45)<AP45,EDATE(AR45,X45),"N/A") -> 45757 | AT45: =IF(COUNT(AQ45:AS45)<AP45,EDATE(AS45,X45),"N/A") -> 45879 | AU45: =IF(COUNT(AQ45:AT45)<AP45,EDATE(AT45,X45),"N/A") -> N/A | AW45: =X45 -> 4 | AX45: =EDATE(AO45,0) -> 45762 | AY45: =IF(COUNT(AX45)<AW45,EDATE(AO45,X45),"N/A") -> 45884 | AZ45: =IF(COUNT(AX45:AY45)<AW45,EDATE(AY45,X45),"N/A") -> 46006 | BA45: =IF(COUNT(AX45:AZ45)<AW45,EDATE(AZ45,X45),"N/A") -> 46127 | BB45: =IF(COUNT(AX45:BA45)<AW45,EDATE(BA45,X45),"N/A") -> N/A
A46: =IF(D46="Masa",CONCATENATE(F46,"_",L46,"_",K46),F46) -> TEC-LAB-MP-05_2g_No indica | B46: =AA46 -> ALM-228-24 | C46: Acreditado | D46: Masa | E46: Patron | F46: TEC-LAB-MP-05 | G46: Pesa | H46: Laboratorio de calibracion - Patrones | I46: Detecto | J46: Cilíndrica | K46: No indica | L46: 2g | M46: N.A | N46: 0,01mg | P46: 0,04 mg | R46: 1 | T46: N.A | U46: OIML F1 | V46: 12 | W46: 12 | X46: 4 | Y46: Externa | Z46: Fuera de Servicio En calibración | AA46: ALM-228-24 | AB46: Alpha | AC46: 45129 | AE46: 45514 | AF46: =EDATE(AE46,(V46)) -> 45879 | AH46: =DAYS360(TODAY(),AF46) -> -257 | AI46: =IF(Z46="Fuera de servicio","Fuera de servicio",IF(TODAY()-AF46>0,"OJO EQUIPO VENCIDO",DAYS360(TODAY(),AF46)&" DIAS RESTANTES")) -> OJO EQUIPO VENCIDO | AJ46: Se solicta cotizacion a Avanza 2024-07-15 | AK46: Entregadas a recepcion para despacho a calibracion en Avanza 2024-07-31 | AL46: =VLOOKUP(A46,#REF!,21,FALSE) -> #REF! | AM46: =VLOOKUP(A46,#REF!,23,FALSE) -> #REF! | AN46: =AE46 -> 45514 | AO46: 45762 | AP46: =X46 -> 4 | AQ46: =EDATE(AE46,0) -> 45514 | AR46: =IF(COUNT(AQ46)<AP46,EDATE(AE46,X46),"N/A") -> 45636 | AS46: =IF(COUNT(AQ46:AR46)<AP46,EDATE(AR46,X46),"N/A") -> 45757 | AT46: =IF(COUNT(AQ46:AS46)<AP46,EDATE(AS46,X46),"N/A") -> 45879 | AU46: =IF(COUNT(AQ46:AT46)<AP46,EDATE(AT46,X46),"N/A") -> N/A | AW46: =X46 -> 4 | AX46: =EDATE(AO46,0) -> 45762 | AY46: =IF(COUNT(AX46)<AW46,EDATE(AO46,X46),"N/A") -> 45884 | AZ46: =IF(COUNT(AX46:AY46)<AW46,EDATE(AY46,X46),"N/A") -> 46006 | BA46: =IF(COUNT(AX46:AZ46)<AW46,EDATE(AZ46,X46),"N/A") -> 46127 | BB46: =IF(COUNT(AX46:BA46)<AW46,EDATE(BA46,X46),"N/A") -> N/A
A47: =IF(D47="Masa",CONCATENATE(F47,"_",L47,"_",K47),F47) -> TEC-LAB-MP-05_2g_PUNTO | B47: =AA47 -> ALM-228-24 | C47: Acreditado | D47: Masa | E47: Patron | F47: TEC-LAB-MP-05 | G47: Pesa | H47: Laboratorio de calibracion - Patrones | I47: Detecto | J47: Cilíndrica | K47: PUNTO | L47: 2g | M47: N.A | N47: 0,025mg | P47: 0,04 mg | R47: 1 | T47: N.A | U47: OIML F1 | V47: 12 | W47: 12 | X47: 4 | Y47: Externa | Z47: Fuera de Servicio En calibración | AA47: ALM-228-24 | AB47: Alpha | AC47: 45129 | AE47: 45514 | AF47: =EDATE(AE47,(V47)) -> 45879 | AH47: =DAYS360(TODAY(),AF47) -> -257 | AI47: =IF(Z47="Fuera de servicio","Fuera de servicio",IF(TODAY()-AF47>0,"OJO EQUIPO VENCIDO",DAYS360(TODAY(),AF47)&" DIAS RESTANTES")) -> OJO EQUIPO VENCIDO | AJ47: Se solicta cotizacion a Avanza 2024-07-15 | AK47: Entregadas a recepcion para despacho a calibracion en Avanza 2024-07-31 | AL47: =VLOOKUP(A47,#REF!,21,FALSE) -> #REF! | AM47: =VLOOKUP(A47,#REF!,23,FALSE) -> #REF! | AN47: =AE47 -> 45514 | AO47: 45762 | AP47: =X47 -> 4 | AQ47: =EDATE(AE47,0) -> 45514 | AR47: =IF(COUNT(AQ47)<AP47,EDATE(AE47,X47),"N/A") -> 45636 | AS47: =IF(COUNT(AQ47:AR47)<AP47,EDATE(AR47,X47),"N/A") -> 45757 | AT47: =IF(COUNT(AQ47:AS47)<AP47,EDATE(AS47,X47),"N/A") -> 45879 | AU47: =IF(COUNT(AQ47:AT47)<AP47,EDATE(AT47,X47),"N/A") -> N/A | AW47: =X47 -> 4 | AX47: =EDATE(AO47,0) -> 45762 | AY47: =IF(COUNT(AX47)<AW47,EDATE(AO47,X47),"N/A") -> 45884 | AZ47: =IF(COUNT(AX47:AY47)<AW47,EDATE(AY47,X47),"N/A") -> 46006 | BA47: =IF(COUNT(AX47:AZ47)<AW47,EDATE(AZ47,X47),"N/A") -> 46127 | BB47: =IF(COUNT(AX47:BA47)<AW47,EDATE(BA47,X47),"N/A") -> N/A
A48: =IF(D48="Masa",CONCATENATE(F48,"_",L48,"_",K48),F48) -> TEC-LAB-MP-05_5g_No indica | B48: =AA48 -> ALM-228-24 | C48: Acreditado | D48: Masa | E48: Patron | F48: TEC-LAB-MP-05 | G48: Pesa | H48: Laboratorio de calibracion - Patrones | I48: Detecto | J48: Cilíndrica | K48: No indica | L48: 5g | M48: N.A | N48: 0,1mg | P48: 0,05 mg | R48: 1 | T48: N.A | U48: OIML F1 | V48: 12 | W48: 12 | X48: 4 | Y48: Externa | Z48: Fuera de Servicio En calibración | AA48: ALM-228-24 | AB48: Alpha | AC48: 45129 | AE48: 45514 | AF48: =EDATE(AE48,(V48)) -> 45879 | AH48: =DAYS360(TODAY(),AF48) -> -257 | AI48: =IF(Z48="Fuera de servicio","Fuera de servicio",IF(TODAY()-AF48>0,"OJO EQUIPO VENCIDO",DAYS360(TODAY(),AF48)&" DIAS RESTANTES")) -> OJO EQUIPO VENCIDO | AJ48: Se solicta cotizacion a Avanza 2024-07-15 | AK48: Entregadas a recepcion para despacho a calibracion en Avanza 2024-07-31 | AL48: =VLOOKUP(A48,#REF!,21,FALSE) -> #REF! | AM48: =VLOOKUP(A48,#REF!,23,FALSE) -> #REF! | AN48: =AE48 -> 45514 | AO48: 45762 | AP48: =X48 -> 4 | AQ48: =EDATE(AE48,0) -> 45514 | AR48: =IF(COUNT(AQ48)<AP48,EDATE(AE48,X48),"N/A") -> 45636 | AS48: =IF(COUNT(AQ48:AR48)<AP48,EDATE(AR48,X48),"N/A") -> 45757 | AT48: =IF(COUNT(AQ48:AS48)<AP48,EDATE(AS48,X48),"N/A") -> 45879 | AU48: =IF(COUNT(AQ48:AT48)<AP48,EDATE(AT48,X48),"N/A") -> N/A | AW48: =X48 -> 4 | AX48: =EDATE(AO48,0) -> 45762 | AY48: =IF(COUNT(AX48)<AW48,EDATE(AO48,X48),"N/A") -> 45884 | AZ48: =IF(COUNT(AX48:AY48)<AW48,EDATE(AY48,X48),"N/A") -> 46006 | BA48: =IF(COUNT(AX48:AZ48)<AW48,EDATE(AZ48,X48),"N/A") -> 46127 | BB48: =IF(COUNT(AX48:BA48)<AW48,EDATE(BA48,X48),"N/A") -> N/A
A49: =IF(D49="Masa",CONCATENATE(F49,"_",L49,"_",K49),F49) -> TEC-LAB-MP-05_10g_No indica | B49: =AA49 -> ALM-228-24 | C49: Acreditado | D49: Masa | E49: Patron | F49: TEC-LAB-MP-05 | G49: Pesa | H49: Laboratorio de calibracion - Patrones | I49: Detecto | J49: Cilíndrica | K49: No indica | L49: 10g | M49: N.A | N49: 0,12mg | P49: 0,06 mg | R49: 1 | T49: N.A | U49: OIML F1 | V49: 12 | W49: 12 | X49: 4 | Y49: Externa | Z49: Fuera de Servicio En calibración | AA49: ALM-228-24 | AB49: Alpha | AC49: 45129 | AE49: 45514 | AF49: =EDATE(AE49,(V49)) -> 45879 | AH49: =DAYS360(TODAY(),AF49) -> -257 | AI49: =IF(Z49="Fuera de servicio","Fuera de servicio",IF(TODAY()-AF49>0,"OJO EQUIPO VENCIDO",DAYS360(TODAY(),AF49)&" DIAS RESTANTES")) -> OJO EQUIPO VENCIDO | AJ49: Se solicta cotizacion a Avanza 2024-07-15 | AK49: Entregadas a recepcion para despacho a calibracion en Avanza 2024-07-31 | AL49: =VLOOKUP(A49,#REF!,21,FALSE) -> #REF! | AM49: =VLOOKUP(A49,#REF!,23,FALSE) -> #REF! | AN49: =AE49 -> 45514 | AO49: 45762 | AP49: =X49 -> 4 | AQ49: =EDATE(AE49,0) -> 45514 | AR49: =IF(COUNT(AQ49)<AP49,EDATE(AE49,X49),"N/A") -> 45636 | AS49: =IF(COUNT(AQ49:AR49)<AP49,EDATE(AR49,X49),"N/A") -> 45757 | AT49: =IF(COUNT(AQ49:AS49)<AP49,EDATE(AS49,X49),"N/A") -> 45879 | AU49: =IF(COUNT(AQ49:AT49)<AP49,EDATE(AT49,X49),"N/A") -> N/A | AW49: =X49 -> 4 | AX49: =EDATE(AO49,0) -> 45762 | AY49: =IF(COUNT(AX49)<AW49,EDATE(AO49,X49),"N/A") -> 45884 | AZ49: =IF(COUNT(AX49:AY49)<AW49,EDATE(AY49,X49),"N/A") -> 46006 | BA49: =IF(COUNT(AX49:AZ49)<AW49,EDATE(AZ49,X49),"N/A") -> 46127 | BB49: =IF(COUNT(AX49:BA49)<AW49,EDATE(BA49,X49),"N/A") -> N/A
A50: =IF(D50="Masa",CONCATENATE(F50,"_",L50,"_",K50),F50) -> TEC-LAB-MP-05_20g_No indica | B50: =AA50 -> ALM-228-24 | C50: Acreditado | D50: Masa | E50: Patron | F50: TEC-LAB-MP-05 | G50: Pesa | H50: Laboratorio de calibracion - Patrones | I50: Detecto | J50: Cilíndrica | K50: No indica | L50: 20g | M50: N.A | N50: 0,12mg | P50: 0,08 mg | R50: 1 | T50: N.A | U50: OIML F1 | V50: 12 | W50: 12 | X50: 4 | Y50: Externa | Z50: Fuera de Servicio En calibración | AA50: ALM-228-24 | AB50: Alpha | AC50: 45129 | AE50: 45514 | AF50: =EDATE(AE50,(V50)) -> 45879 | AH50: =DAYS360(TODAY(),AF50) -> -257 | AI50: =IF(Z50="Fuera de servicio","Fuera de servicio",IF(TODAY()-AF50>0,"OJO EQUIPO VENCIDO",DAYS360(TODAY(),AF50)&" DIAS RESTANTES")) -> OJO EQUIPO VENCIDO | AJ50: Se solicta cotizacion a Avanza 2024-07-15 | AK50: Entregadas a recepcion para despacho a calibracion en Avanza 2024-07-31 | AL50: =VLOOKUP(A50,#REF!,21,FALSE) -> #REF! | AM50: =VLOOKUP(A50,#REF!,23,FALSE) -> #REF! | AN50: =AE50 -> 45514 | AO50: 45762 | AP50: =X50 -> 4 | AQ50: =EDATE(AE50,0) -> 45514 | AR50: =IF(COUNT(AQ50)<AP50,EDATE(AE50,X50),"N/A") -> 45636 | AS50: =IF(COUNT(AQ50:AR50)<AP50,EDATE(AR50,X50),"N/A") -> 45757 | AT50: =IF(COUNT(AQ50:AS50)<AP50,EDATE(AS50,X50),"N/A") -> 45879 | AU50: =IF(COUNT(AQ50:AT50)<AP50,EDATE(AT50,X50),"N/A") -> N/A | AW50: =X50 -> 4 | AX50: =EDATE(AO50,0) -> 45762 | AY50: =IF(COUNT(AX50)<AW50,EDATE(AO50,X50),"N/A") -> 45884 | AZ50: =IF(COUNT(AX50:AY50)<AW50,EDATE(AY50,X50),"N/A") -> 46006 | BA50: =IF(COUNT(AX50:AZ50)<AW50,EDATE(AZ50,X50),"N/A") -> 46127 | BB50: =IF(COUNT(AX50:BA50)<AW50,EDATE(BA50,X50),"N/A") -> N/A
A51: =IF(D51="Masa",CONCATENATE(F51,"_",L51,"_",K51),F51) -> TEC-LAB-MP-05_20g_PUNTO | B51: =AA51 -> ALM-228-24 | C51: Acreditado | D51: Masa | E51: Patron | F51: TEC-LAB-MP-05 | G51: Pesa | H51: Laboratorio de calibracion - Patrones | I51: Detecto | J51: Cilíndrica | K51: PUNTO | L51: 20g | M51: N.A | N51: 0,16mg | P51: 0,08 mg | R51: 1 | T51: N.A | U51: OIML F1 | V51: 12 | W51: 12 | X51: 4 | Y51: Externa | Z51: Fuera de Servicio En calibración | AA51: ALM-228-24 | AB51: Alpha | AC51: 45129 | AE51: 45514 | AF51: =EDATE(AE51,(V51)) -> 45879 | AH51: =DAYS360(TODAY(),AF51) -> -257 | AI51: =IF(Z51="Fuera de servicio","Fuera de servicio",IF(TODAY()-AF51>0,"OJO EQUIPO VENCIDO",DAYS360(TODAY(),AF51)&" DIAS RESTANTES")) -> OJO EQUIPO VENCIDO | AJ51: Se solicta cotizacion a Avanza 2024-07-15 | AK51: Entregadas a recepcion para despacho a calibracion en Avanza 2024-07-31 | AL51: =VLOOKUP(A51,#REF!,21,FALSE) -> #REF! | AM51: =VLOOKUP(A51,#REF!,23,FALSE) -> #REF! | AN51: =AE51 -> 45514 | AO51: 45762 | AP51: =X51 -> 4 | AQ51: =EDATE(AE51,0) -> 45514 | AR51: =IF(COUNT(AQ51)<AP51,EDATE(AE51,X51),"N/A") -> 45636 | AS51: =IF(COUNT(AQ51:AR51)<AP51,EDATE(AR51,X51),"N/A") -> 45757 | AT51: =IF(COUNT(AQ51:AS51)<AP51,EDATE(AS51,X51),"N/A") -> 45879 | AU51: =IF(COUNT(AQ51:AT51)<AP51,EDATE(AT51,X51),"N/A") -> N/A | AW51: =X51 -> 4 | AX51: =EDATE(AO51,0) -> 45762 | AY51: =IF(COUNT(AX51)<AW51,EDATE(AO51,X51),"N/A") -> 45884 | AZ51: =IF(COUNT(AX51:AY51)<AW51,EDATE(AY51,X51),"N/A") -> 46006 | BA51: =IF(COUNT(AX51:AZ51)<AW51,EDATE(AZ51,X51),"N/A") -> 46127 | BB51: =IF(COUNT(AX51:BA51)<AW51,EDATE(BA51,X51),"N/A") -> N/A
A52: =IF(D52="Masa",CONCATENATE(F52,"_",L52,"_",K52),F52) -> TEC-LAB-MP-05_50g_No indica | B52: =AA52 -> ALM-228-24 | C52: Acreditado | D52: Masa | E52: Patron | F52: TEC-LAB-MP-05 | G52: Pesa | H52: Laboratorio de calibracion - Patrones | I52: Detecto | J52: Cilíndrica | K52: No indica | L52: 50g | M52: N.A | N52: 0,2mg | P52: 0,1 mg | R52: 1 | T52: N.A | U52: OIML F1 | V52: 12 | W52: 12 | X52: 4 | Y52: Externa | Z52: Fuera de Servicio En calibración | AA52: ALM-228-24 | AB52: Alpha | AC52: 45129 | AE52: 45514 | AF52: =EDATE(AE52,(V52)) -> 45879 | AH52: =DAYS360(TODAY(),AF52) -> -257 | AI52: =IF(Z52="Fuera de servicio","Fuera de servicio",IF(TODAY()-AF52>0,"OJO EQUIPO VENCIDO",DAYS360(TODAY(),AF52)&" DIAS RESTANTES")) -> OJO EQUIPO VENCIDO | AJ52: Se solicta cotizacion a Avanza 2024-07-15 | AK52: Entregadas a recepcion para despacho a calibracion en Avanza 2024-07-31 | AL52: =VLOOKUP(A52,#REF!,21,FALSE) -> #REF! | AM52: =VLOOKUP(A52,#REF!,23,FALSE) -> #REF! | AN52: =AE52 -> 45514 | AO52: 45762 | AP52: =X52 -> 4 | AQ52: =EDATE(AE52,0) -> 45514 | AR52: =IF(COUNT(AQ52)<AP52,EDATE(AE52,X52),"N/A") -> 45636 | AS52: =IF(COUNT(AQ52:AR52)<AP52,EDATE(AR52,X52),"N/A") -> 45757 | AT52: =IF(COUNT(AQ52:AS52)<AP52,EDATE(AS52,X52),"N/A") -> 45879 | AU52: =IF(COUNT(AQ52:AT52)<AP52,EDATE(AT52,X52),"N/A") -> N/A | AW52: =X52 -> 4 | AX52: =EDATE(AO52,0) -> 45762 | AY52: =IF(COUNT(AX52)<AW52,EDATE(AO52,X52),"N/A") -> 45884 | AZ52: =IF(COUNT(AX52:AY52)<AW52,EDATE(AY52,X52),"N/A") -> 46006 | BA52: =IF(COUNT(AX52:AZ52)<AW52,EDATE(AZ52,X52),"N/A") -> 46127 | BB52: =IF(COUNT(AX52:BA52)<AW52,EDATE(BA52,X52),"N/A") -> N/A
A53: =IF(D53="Masa",CONCATENATE(F53,"_",L53,"_",K53),F53) -> TEC-LAB-MP-05_100g_No indica | B53: =AA53 -> ALM-228-24 | C53: Acreditado | D53: Masa | E53: Patron | F53: TEC-LAB-MP-05 | G53: Pesa | H53: Laboratorio de calibracion - Patrones | I53: Detecto | J53: Cilíndrica | K53: No indica | L53: 100g | M53: N.A | N53: 0,25mg | P53: 0,16 mg | R53: 1 | T53: N.A | U53: OIML F1 | V53: 12 | W53: 12 | X53: 4 | Y53: Externa | Z53: Fuera de Servicio En calibración | AA53: ALM-228-24 | AB53: Alpha | AC53: 45129 | AE53: 45514 | AF53: =EDATE(AE53,(V53)) -> 45879 | AH53: =DAYS360(TODAY(),AF53) -> -257 | AI53: =IF(Z53="Fuera de servicio","Fuera de servicio",IF(TODAY()-AF53>0,"OJO EQUIPO VENCIDO",DAYS360(TODAY(),AF53)&" DIAS RESTANTES")) -> OJO EQUIPO VENCIDO | AJ53: Se solicta cotizacion a Avanza 2024-07-15 | AK53: Entregadas a recepcion para despacho a calibracion en Avanza 2024-07-31 | AL53: =VLOOKUP(A53,#REF!,21,FALSE) -> #REF! | AM53: =VLOOKUP(A53,#REF!,23,FALSE) -> #REF! | AN53: =AE53 -> 45514 | AO53: 45762 | AP53: =X53 -> 4 | AQ53: =EDATE(AE53,0) -> 45514 | AR53: =IF(COUNT(AQ53)<AP53,EDATE(AE53,X53),"N/A") -> 45636 | AS53: =IF(COUNT(AQ53:AR53)<AP53,EDATE(AR53,X53),"N/A") -> 45757 | AT53: =IF(COUNT(AQ53:AS53)<AP53,EDATE(AS53,X53),"N/A") -> 45879 | AU53: =IF(COUNT(AQ53:AT53)<AP53,EDATE(AT53,X53),"N/A") -> N/A | AW53: =X53 -> 4 | AX53: =EDATE(AO53,0) -> 45762 | AY53: =IF(COUNT(AX53)<AW53,EDATE(AO53,X53),"N/A") -> 45884 | AZ53: =IF(COUNT(AX53:AY53)<AW53,EDATE(AY53,X53),"N/A") -> 46006 | BA53: =IF(COUNT(AX53:AZ53)<AW53,EDATE(AZ53,X53),"N/A") -> 46127 | BB53: =IF(COUNT(AX53:BA53)<AW53,EDATE(BA53,X53),"N/A") -> N/A
A54: =IF(D54="Masa",CONCATENATE(F54,"_",L54,"_",K54),F54) -> TEC-LAB-MP-05_200g_No indica | B54: =AA54 -> ALM-228-24 | C54: Acreditado | D54: Masa | E54: Patron | F54: TEC-LAB-MP-05 | G54: Pesa | H54: Laboratorio de calibracion - Patrones | I54: Detecto | J54: Cilíndrica | K54: No indica | L54: 200g | M54: N.A | N54: 0,25mg | P54: 0,3 mg | R54: 1 | T54: N.A | U54: OIML F1 | V54: 12 | W54: 12 | X54: 4 | Y54: Externa | Z54: Fuera de Servicio En calibración | AA54: ALM-228-24 | AB54: Alpha | AC54: 45129 | AE54: 45514 | AF54: =EDATE(AE54,(V54)) -> 45879 | AH54: =DAYS360(TODAY(),AF54) -> -257 | AI54: =IF(Z54="Fuera de servicio","Fuera de servicio",IF(TODAY()-AF54>0,"OJO EQUIPO VENCIDO",DAYS360(TODAY(),AF54)&" DIAS RESTANTES")) -> OJO EQUIPO VENCIDO | AJ54: Se solicta cotizacion a Avanza 2024-07-15 | AK54: Entregadas a recepcion para despacho a calibracion en Avanza 2024-07-31 | AL54: =VLOOKUP(A54,#REF!,21,FALSE) -> #REF! | AM54: =VLOOKUP(A54,#REF!,23,FALSE) -> #REF! | AN54: =AE54 -> 45514 | AO54: 45762 | AP54: =X54 -> 4 | AQ54: =EDATE(AE54,0) -> 45514 | AR54: =IF(COUNT(AQ54)<AP54,EDATE(AE54,X54),"N/A") -> 45636 | AS54: =IF(COUNT(AQ54:AR54)<AP54,EDATE(AR54,X54),"N/A") -> 45757 | AT54: =IF(COUNT(AQ54:AS54)<AP54,EDATE(AS54,X54),"N/A") -> 45879 | AU54: =IF(COUNT(AQ54:AT54)<AP54,EDATE(AT54,X54),"N/A") -> N/A | AW54: =X54 -> 4 | AX54: =EDATE(AO54,0) -> 45762 | AY54: =IF(COUNT(AX54)<AW54,EDATE(AO54,X54),"N/A") -> 45884 | AZ54: =IF(COUNT(AX54:AY54)<AW54,EDATE(AY54,X54),"N/A") -> 46006 | BA54: =IF(COUNT(AX54:AZ54)<AW54,EDATE(AZ54,X54),"N/A") -> 46127 | BB54: =IF(COUNT(AX54:BA54)<AW54,EDATE(BA54,X54),"N/A") -> N/A
A55: =IF(D55="Masa",CONCATENATE(F55,"_",L55,"_",K55),F55) -> TEC-LAB-MP-05_200g_PUNTO | B55: =AA55 -> ALM-228-24 | C55: Acreditado | D55: Masa | E55: Patron | F55: TEC-LAB-MP-05 | G55: Pesa | H55: Laboratorio de calibracion - Patrones | I55: Detecto | J55: Cilíndrica | K55: PUNTO | L55: 200g | M55: N.A | N55: 0,3mg | P55: 0,3 mg | R55: 1 | T55: N.A | U55: OIML F1 | V55: 12 | W55: 12 | X55: 4 | Y55: Externa | Z55: Fuera de Servicio En calibración | AA55: ALM-228-24 | AB55: Alpha | AC55: 45129 | AE55: 45514 | AF55: =EDATE(AE55,(V55)) -> 45879 | AH55: =DAYS360(TODAY(),AF55) -> -257 | AI55: =IF(Z55="Fuera de servicio","Fuera de servicio",IF(TODAY()-AF55>0,"OJO EQUIPO VENCIDO",DAYS360(TODAY(),AF55)&" DIAS RESTANTES")) -> OJO EQUIPO VENCIDO | AJ55: Se solicta cotizacion a Avanza 2024-07-15 | AK55: Entregadas a recepcion para despacho a calibracion en Avanza 2024-07-31 | AL55: =VLOOKUP(A55,#REF!,21,FALSE) -> #REF! | AM55: =VLOOKUP(A55,#REF!,23,FALSE) -> #REF! | AN55: =AE55 -> 45514 | AO55: 45762 | AP55: =X55 -> 4 | AQ55: =EDATE(AE55,0) -> 45514 | AR55: =IF(COUNT(AQ55)<AP55,EDATE(AE55,X55),"N/A") -> 45636 | AS55: =IF(COUNT(AQ55:AR55)<AP55,EDATE(AR55,X55),"N/A") -> 45757 | AT55: =IF(COUNT(AQ55:AS55)<AP55,EDATE(AS55,X55),"N/A") -> 45879 | AU55: =IF(COUNT(AQ55:AT55)<AP55,EDATE(AT55,X55),"N/A") -> N/A | AW55: =X55 -> 4 | AX55: =EDATE(AO55,0) -> 45762 | AY55: =IF(COUNT(AX55)<AW55,EDATE(AO55,X55),"N/A") -> 45884 | AZ55: =IF(COUNT(AX55:AY55)<AW55,EDATE(AY55,X55),"N/A") -> 46006 | BA55: =IF(COUNT(AX55:AZ55)<AW55,EDATE(AZ55,X55),"N/A") -> 46127 | BB55: =IF(COUNT(AX55:BA55)<AW55,EDATE(BA55,X55),"N/A") -> N/A
A56: =IF(D56="Masa",CONCATENATE(F56,"_",L56,"_",K56),F56) -> TEC-LAB-MP-05_500g_No indica | B56: =AA56 -> ALM-228-24 | C56: Acreditado | D56: Masa | E56: Patron | F56: TEC-LAB-MP-05 | G56: Pesa | H56: Laboratorio de calibracion - Patrones | I56: Detecto | J56: Cilíndrica | K56: No indica | L56: 500g | M56: N.A | N56: 0,5mg | P56: 0,8 mg | R56: 1 | T56: N.A | U56: OIML F1 | V56: 12 | W56: 12 | X56: 4 | Y56: Externa | Z56: Fuera de Servicio En calibración | AA56: ALM-228-24 | AB56: Alpha | AC56: 45129 | AE56: 45514 | AF56: =EDATE(AE56,(V56)) -> 45879 | AH56: =DAYS360(TODAY(),AF56) -> -257 | AI56: =IF(Z56="Fuera de servicio","Fuera de servicio",IF(TODAY()-AF56>0,"OJO EQUIPO VENCIDO",DAYS360(TODAY(),AF56)&" DIAS RESTANTES")) -> OJO EQUIPO VENCIDO | AJ56: Se solicta cotizacion a Avanza 2024-07-15 | AK56: Entregadas a recepcion para despacho a calibracion en Avanza 2024-07-31 | AL56: =VLOOKUP(A56,#REF!,21,FALSE) -> #REF! | AM56: =VLOOKUP(A56,#REF!,23,FALSE) -> #REF! | AN56: =AE56 -> 45514 | AO56: 45762 | AP56: =X56 -> 4 | AQ56: =EDATE(AE56,0) -> 45514 | AR56: =IF(COUNT(AQ56)<AP56,EDATE(AE56,X56),"N/A") -> 45636 | AS56: =IF(COUNT(AQ56:AR56)<AP56,EDATE(AR56,X56),"N/A") -> 45757 | AT56: =IF(COUNT(AQ56:AS56)<AP56,EDATE(AS56,X56),"N/A") -> 45879 | AU56: =IF(COUNT(AQ56:AT56)<AP56,EDATE(AT56,X56),"N/A") -> N/A | AW56: =X56 -> 4 | AX56: =EDATE(AO56,0) -> 45762 | AY56: =IF(COUNT(AX56)<AW56,EDATE(AO56,X56),"N/A") -> 45884 | AZ56: =IF(COUNT(AX56:AY56)<AW56,EDATE(AY56,X56),"N/A") -> 46006 | BA56: =IF(COUNT(AX56:AZ56)<AW56,EDATE(AZ56,X56),"N/A") -> 46127 | BB56: =IF(COUNT(AX56:BA56)<AW56,EDATE(BA56,X56),"N/A") -> N/A
... A60: =IF(D60="Masa",CONCATENATE(F60,"_",L60,"_",K60),F60) -> TEC-LAB-MP-05_5Kg_No indica | B60: =AA60 -> ALM-228-24 | C60: Acreditado | D60: Masa | E60: Patron | F60: TEC-LAB-MP-05 | G60: Pesa | H60: Laboratorio de calibracion - Patrones | I60: Detecto | J60: Cilíndrica | K60: No indica | L60: 5Kg | M60: N.A | N60: 5mg | P60: 8 mg | R60: 1 | T60: N.A | U60: OIML F1 | V60: 12 | W60: 12 | X60: 4 | Y60: Externa | Z60: Fuera de Servicio En calibración | AA60: ALM-228-24 | AB60: Alpha | AC60: 45129 | AE60: 45514 | AF60: =EDATE(AE60,(V60)) -> 45879 | AH60: =DAYS360(TODAY(),AF60) -> -257 | AI60: =IF(Z60="Fuera de servicio","Fuera de servicio",IF(TODAY()-AF60>0,"OJO EQUIPO VENCIDO",DAYS360(TODAY(),AF60)&" DIAS RESTANTES")) -> OJO EQUIPO VENCIDO | AJ60: Se solicta cotizacion a Avanza 2024-07-15 | AK60: Entregadas a recepcion para despacho a calibracion en Avanza 2024-07-31 | AL60: =VLOOKUP(A60,#REF!,21,FALSE) -> #REF! | AM60: =VLOOKUP(A60,#REF!,23,FALSE) -> #REF! | AN60: =AE60 -> 45514 | AO60: 45762 | AP60: =X60 -> 4 | AQ60: =EDATE(AE60,0) -> 45514 | AR60: =IF(COUNT(AQ60)<AP60,EDATE(AE60,X60),"N/A") -> 45636 | AS60: =IF(COUNT(AQ60:AR60)<AP60,EDATE(AR60,X60),"N/A") -> 45757 | AT60: =IF(COUNT(AQ60:AS60)<AP60,EDATE(AS60,X60),"N/A") -> 45879 | AU60: =IF(COUNT(AQ60:AT60)<AP60,EDATE(AT60,X60),"N/A") -> N/A | AW60: =X60 -> 4 | AX60: =EDATE(AO60,0) -> 45762 | AY60: =IF(COUNT(AX60)<AW60,EDATE(AO60,X60),"N/A") -> 45884 | AZ60: =IF(COUNT(AX60:AY60)<AW60,EDATE(AY60,X60),"N/A") -> 46006 | BA60: =IF(COUNT(AX60:AZ60)<AW60,EDATE(AZ60,X60),"N/A") -> 46127 | BB60: =IF(COUNT(AX60:BA60)<AW60,EDATE(BA60,X60),"N/A") -> N/A
A61: =IF(D61="Masa",CONCATENATE(F61,"_",L61,"_",K61),F61) -> TEC-LAB-MP-08_5Kg_N.I. | B61: =AA61 -> 614444 C | C61: Acreditado | D61: Masa | E61: Patron | F61: TEC-LAB-MP-08 | G61: Pesa | H61: Laboratorio de calibracion | I61: Detecto | J61: Cilíndricas | K61: N.I. | L61: 5Kg | M61: N.A | N61: Según NTC 1848 | O61: N.A | P61: 8,3 mg | R61: 1 | T61: N.A | U61: OIML F1 | V61: 19 | W61: 19 | X61: 4 | Y61: Externa | Z61: En Servicio | AA61: 614444 C | AB61: Detecto | AC61: 45012 | AE61: 45625 | AF61: =EDATE(AE61,(V61)) -> 46202 | AG61: Se rev F quedo en 19 meses | AH61: =DAYS360(TODAY(),AF61) -> 62 | AI61: =IF(Z61="Fuera de servicio","Fuera de servicio",IF(TODAY()-AF61>0,"OJO EQUIPO VENCIDO",DAYS360(TODAY(),AF61)&" DIAS RESTANTES")) -> 62 DIAS RESTANTES | AL61: =VLOOKUP(A61,#REF!,21,FALSE) -> #REF! | AM61: =VLOOKUP(A61,#REF!,23,FALSE) -> #REF! | AN61: =AE61 -> 45625 | AO61: 45731 | AP61: =X61 -> 4 | AQ61: =EDATE(AE61,0) -> 45625 | AR61: =IF(COUNT(AQ61)<AP61,EDATE(AE61,X61),"N/A") -> 45745 | AS61: =IF(COUNT(AQ61:AR61)<AP61,EDATE(AR61,X61),"N/A") -> 45867 | AT61: =IF(COUNT(AQ61:AS61)<AP61,EDATE(AS61,X61),"N/A") -> 45990 | AU61: =IF(COUNT(AQ61:AT61)<AP61,EDATE(AT61,X61),"N/A") -> N/A | AW61: =X61 -> 4 | AX61: =EDATE(AO61,0) -> 45731 | AY61: =IF(COUNT(AX61)<AW61,EDATE(AO61,X61),"N/A") -> 45853 | AZ61: =IF(COUNT(AX61:AY61)<AW61,EDATE(AY61,X61),"N/A") -> 45976 | BA61: =IF(COUNT(AX61:AZ61)<AW61,EDATE(AZ61,X61),"N/A") -> 46096 | BB61: =IF(COUNT(AX61:BA61)<AW61,EDATE(BA61,X61),"N/A") -> N/A
A62: =IF(D62="Masa",CONCATENATE(F62,"_",L62,"_",K62),F62) -> TEC-LAB-MP-19a_0,001g a 200g_N.I. | B62: =AA62 -> CAP-362-25 | C62: Acreditado | D62: Masa | E62: Patron | F62: TEC-LAB-MP-19a | G62: Juego de Pesas | H62: Laboratorio de calibracion - Patrones | I62: Fuyue | J62: Láminas | K62: N.I. | L62: 0,001g a 200g | M62: N.A | N62: Según NTC 1848 | O62: N.A | P62: 0,0020 mg | R62: 23 (12) | T62: N.A | U62: OIML E2 | V62: 6 | W62: 6 | X62: 3 | Y62: Externa | Z62: Fuera de Servicio En calibración | AA62: CAP-362-25 | AB62: Union Metrologica | AC62: 45247 | AE62: 45783 | AF62: =EDATE(AE62,(V62)) -> 45967 | AG62: Se solicto compra cotizaciones detecto, Wr y Union Metrologica 2025-04-07/ se enviaron a calibracion el 2025-05-25 | AH62: =DAYS360(TODAY(),AF62) -> -171 | AI62: =IF(Z62="Fuera de servicio","Fuera de servicio",IF(TODAY()-AF62>0,"OJO EQUIPO VENCIDO",DAYS360(TODAY(),AF62)&" DIAS RESTANTES")) -> OJO EQUIPO VENCIDO | AJ62: Aprobado para WR falta OS | AK62: Entregadas a recepcion para despacho a calibracion en Union Metrologica 2024-07-31 | AL62: =VLOOKUP(A62,#REF!,21,FALSE) -> #REF! | AM62: =VLOOKUP(A62,#REF!,23,FALSE) -> #REF! | AN62: =AE62 -> 45783 | AO62: 45783 | AP62: =X62 -> 3 | AQ62: =EDATE(AE62,0) -> 45783 | AR62: =IF(COUNT(AQ62)<AP62,EDATE(AE62,X62),"N/A") -> 45875 | AS62: =IF(COUNT(AQ62:AR62)<AP62,EDATE(AR62,X62),"N/A") -> 45967 | AT62: =IF(COUNT(AQ62:AS62)<=AP62,EDATE(AS62,X62),"N/A") -> 46059 | AU62: =IF(COUNT(AQ62:AT62)<AP62,EDATE(AT62,X62),"N/A") -> N/A | AW62: =X62 -> 3 | AX62: =EDATE(AO62,0) -> 45783 | AY62: =IF(COUNT(AX62)<AW62,EDATE(AO62,X62),"N/A") -> 45875 | AZ62: =IF(COUNT(AX62:AY62)<AW62,EDATE(AY62,X62),"N/A") -> 45967 | BA62: =IF(COUNT(AX62:AZ62)<AW62,EDATE(AZ62,X62),"N/A") -> N/A | BB62: =IF(COUNT(AX62:BA62)<AW62,EDATE(BA62,X62),"N/A") -> N/A
A63: =IF(D63="Masa",CONCATENATE(F63,"_",L63,"_",K63),F63) -> TEC-LAB-MP-19_0,001g_N.I. | B63: =AA63 -> M-8307 | C63: Acreditado | D63: Masa | E63: Patron | F63: TEC-LAB-MP-19 | G63: Pesa | H63: Laboratorio de calibracion - Patrones | I63: Fuyue | J63: Láminas | K63: N.I. | L63: 0,001g | M63: N.A | N63: 0,006mg | P63: 0,0020 mg | R63: 1 | T63: N.A | U63: OIML E2 | V63: 9 | W63: 9 | X63: 4 | Y63: Externa | Z63: Fuera de servicio | AA63: M-8307 | AB63: Union Metrologica | AC63: 44963 | AE63: 44977 | AF63: =EDATE(AE63,(V63)) -> 45250 | AH63: =DAYS360(TODAY(),AF63) -> -877 | AI63: =IF(Z63="Fuera de servicio","Fuera de servicio",IF(TODAY()-AF63>0,"OJO EQUIPO VENCIDO",DAYS360(TODAY(),AF63)&" DIAS RESTANTES")) -> Fuera de servicio | AK63: OS aprobada para Detecto, enviar para Calibracion | AL63: =VLOOKUP(A63,#REF!,21,FALSE) -> #REF! | AM63: =VLOOKUP(A63,#REF!,23,FALSE) -> #REF! | AN63: =AE63 -> 44977 | AO63: 45703 | AP63: =X63 -> 4 | AQ63: =EDATE(AE63,0) -> 44977 | AR63: =IF(COUNT(AQ63)<AP63,EDATE(AE63,X63),"N/A") -> 45097 | AS63: =IF(COUNT(AQ63:AR63)<AP63,EDATE(AR63,X63),"N/A") -> 45219 | AT63: =IF(COUNT(AQ63:AS63)<AP63,EDATE(AS63,X63),"N/A") -> 45342 | AU63: =IF(COUNT(AQ63:AT63)<AP63,EDATE(AT63,X63),"N/A") -> N/A | AW63: =X63 -> 4 | AX63: =EDATE(AO63,0) -> 45703 | AY63: =IF(COUNT(AX63)<AW63,EDATE(AO63,X63),"N/A") -> 45823 | AZ63: =IF(COUNT(AX63:AY63)<AW63,EDATE(AY63,X63),"N/A") -> 45945 | BA63: =IF(COUNT(AX63:AZ63)<AW63,EDATE(AZ63,X63),"N/A") -> 46068 | BB63: =IF(COUNT(AX63:BA63)<AW63,EDATE(BA63,X63),"N/A") -> N/A
A64: =IF(D64="Masa",CONCATENATE(F64,"_",L64,"_",K64),F64) -> TEC-LAB-MP-19_0,002g_N.I. | B64: =AA64 -> M-8307 | C64: Acreditado | D64: Masa | E64: Patron | F64: TEC-LAB-MP-19 | G64: Pesa | H64: Laboratorio de calibracion - Patrones | I64: Fuyue | J64: Láminas | K64: N.I. | L64: 0,002g | M64: N.A | N64: 0,006mg | P64: 0,0020 mg | R64: 1 | T64: N.A | U64: OIML E2 | V64: 9 | W64: 9 | X64: 4 | Y64: Externa | Z64: Fuera de servicio | AA64: M-8307 | AB64: Union Metrologica | AC64: 44963 | AE64: 44977 | AF64: =EDATE(AE64,(V64)) -> 45250 | AH64: =DAYS360(TODAY(),AF64) -> -877 | AI64: =IF(Z64="Fuera de servicio","Fuera de servicio",IF(TODAY()-AF64>0,"OJO EQUIPO VENCIDO",DAYS360(TODAY(),AF64)&" DIAS RESTANTES")) -> Fuera de servicio | AK64: OS aprobada para Detecto, enviar para Calibracion | AL64: =VLOOKUP(A64,#REF!,21,FALSE) -> #REF! | AM64: =VLOOKUP(A64,#REF!,23,FALSE) -> #REF! | AN64: =AE64 -> 44977 | AO64: 45703 | AP64: =X64 -> 4 | AQ64: =EDATE(AE64,0) -> 44977 | AR64: =IF(COUNT(AQ64)<AP64,EDATE(AE64,X64),"N/A") -> 45097 | AS64: =IF(COUNT(AQ64:AR64)<AP64,EDATE(AR64,X64),"N/A") -> 45219 | AT64: =IF(COUNT(AQ64:AS64)<AP64,EDATE(AS64,X64),"N/A") -> 45342 | AU64: =IF(COUNT(AQ64:AT64)<AP64,EDATE(AT64,X64),"N/A") -> N/A | AW64: =X64 -> 4 | AX64: =EDATE(AO64,0) -> 45703 | AY64: =IF(COUNT(AX64)<AW64,EDATE(AO64,X64),"N/A") -> 45823 | AZ64: =IF(COUNT(AX64:AY64)<AW64,EDATE(AY64,X64),"N/A") -> 45945 | BA64: =IF(COUNT(AX64:AZ64)<AW64,EDATE(AZ64,X64),"N/A") -> 46068 | BB64: =IF(COUNT(AX64:BA64)<AW64,EDATE(BA64,X64),"N/A") -> N/A
A65: =IF(D65="Masa",CONCATENATE(F65,"_",L65,"_",K65),F65) -> TEC-LAB-MP-19_0,002g_PUNTO | B65: =AA65 -> M-8307 | C65: Acreditado | D65: Masa | E65: Patron | F65: TEC-LAB-MP-19 | G65: Pesa | H65: Laboratorio de calibracion - Patrones | I65: Fuyue | J65: Láminas | K65: PUNTO | L65: 0,002g | M65: N.A | N65: 0,006mg | P65: 0,0020 mg | R65: 1 | T65: N.A | U65: OIML E2 | V65: 9 | W65: 9 | X65: 4 | Y65: Externa | Z65: Fuera de servicio | AA65: M-8307 | AB65: Union Metrologica | AC65: 44963 | AE65: 44977 | AF65: =EDATE(AE65,(V65)) -> 45250 | AH65: =DAYS360(TODAY(),AF65) -> -877 | AI65: =IF(Z65="Fuera de servicio","Fuera de servicio",IF(TODAY()-AF65>0,"OJO EQUIPO VENCIDO",DAYS360(TODAY(),AF65)&" DIAS RESTANTES")) -> Fuera de servicio | AK65: OS aprobada para Detecto, enviar para Calibracion | AL65: =VLOOKUP(A65,#REF!,21,FALSE) -> #REF! | AM65: =VLOOKUP(A65,#REF!,23,FALSE) -> #REF! | AN65: =AE65 -> 44977 | AO65: 45703 | AP65: =X65 -> 4 | AQ65: =EDATE(AE65,0) -> 44977 | AR65: =IF(COUNT(AQ65)<AP65,EDATE(AE65,X65),"N/A") -> 45097 | AS65: =IF(COUNT(AQ65:AR65)<AP65,EDATE(AR65,X65),"N/A") -> 45219 | AT65: =IF(COUNT(AQ65:AS65)<AP65,EDATE(AS65,X65),"N/A") -> 45342 | AU65: =IF(COUNT(AQ65:AT65)<AP65,EDATE(AT65,X65),"N/A") -> N/A | AW65: =X65 -> 4 | AX65: =EDATE(AO65,0) -> 45703 | AY65: =IF(COUNT(AX65)<AW65,EDATE(AO65,X65),"N/A") -> 45823 | AZ65: =IF(COUNT(AX65:AY65)<AW65,EDATE(AY65,X65),"N/A") -> 45945 | BA65: =IF(COUNT(AX65:AZ65)<AW65,EDATE(AZ65,X65),"N/A") -> 46068 | BB65: =IF(COUNT(AX65:BA65)<AW65,EDATE(BA65,X65),"N/A") -> N/A
A66: =IF(D66="Masa",CONCATENATE(F66,"_",L66,"_",K66),F66) -> TEC-LAB-MP-19_0,005g_N.I. | B66: =AA66 -> M-8307 | C66: Acreditado | D66: Masa | E66: Patron | F66: TEC-LAB-MP-19 | G66: Pesa | H66: Laboratorio de calibracion - Patrones | I66: Fuyue | J66: Láminas | K66: N.I. | L66: 0,005g | M66: N.A | N66: 0,006mg | P66: 0,0020 mg | R66: 1 | T66: N.A | U66: OIML E2 | V66: 9 | W66: 9 | X66: 4 | Y66: Externa | Z66: Fuera de servicio | AA66: M-8307 | AB66: Union Metrologica | AC66: 44963 | AE66: 44977 | AF66: =EDATE(AE66,(V66)) -> 45250 | AH66: =DAYS360(TODAY(),AF66) -> -877 | AI66: =IF(Z66="Fuera de servicio","Fuera de servicio",IF(TODAY()-AF66>0,"OJO EQUIPO VENCIDO",DAYS360(TODAY(),AF66)&" DIAS RESTANTES")) -> Fuera de servicio | AK66: OS aprobada para Detecto, enviar para Calibracion | AL66: =VLOOKUP(A66,#REF!,21,FALSE) -> #REF! | AM66: =VLOOKUP(A66,#REF!,23,FALSE) -> #REF! | AN66: =AE66 -> 44977 | AO66: 45703 | AP66: =X66 -> 4 | AQ66: =EDATE(AE66,0) -> 44977 | AR66: =IF(COUNT(AQ66)<AP66,EDATE(AE66,X66),"N/A") -> 45097 | AS66: =IF(COUNT(AQ66:AR66)<AP66,EDATE(AR66,X66),"N/A") -> 45219 | AT66: =IF(COUNT(AQ66:AS66)<AP66,EDATE(AS66,X66),"N/A") -> 45342 | AU66: =IF(COUNT(AQ66:AT66)<AP66,EDATE(AT66,X66),"N/A") -> N/A | AW66: =X66 -> 4 | AX66: =EDATE(AO66,0) -> 45703 | AY66: =IF(COUNT(AX66)<AW66,EDATE(AO66,X66),"N/A") -> 45823 | AZ66: =IF(COUNT(AX66:AY66)<AW66,EDATE(AY66,X66),"N/A") -> 45945 | BA66: =IF(COUNT(AX66:AZ66)<AW66,EDATE(AZ66,X66),"N/A") -> 46068 | BB66: =IF(COUNT(AX66:BA66)<AW66,EDATE(BA66,X66),"N/A") -> N/A
A67: =IF(D67="Masa",CONCATENATE(F67,"_",L67,"_",K67),F67) -> TEC-LAB-MP-19_0,01g_N.I. | B67: =AA67 -> M-8307 | C67: Acreditado | D67: Masa | E67: Patron | F67: TEC-LAB-MP-19 | G67: Pesa | H67: Laboratorio de calibracion - Patrones | I67: Fuyue | J67: Láminas | K67: N.I. | L67: 0,01g | M67: N.A | N67: 0,008mg | P67: 0,0027 mg | R67: 1 | T67: N.A | U67: OIML E2 | V67: 9 | W67: 9 | X67: 4 | Y67: Externa | Z67: Fuera de servicio | AA67: M-8307 | AB67: Union Metrologica | AC67: 44963 | AE67: 44977 | AF67: =EDATE(AE67,(V67)) -> 45250 | AH67: =DAYS360(TODAY(),AF67) -> -877 | AI67: =IF(Z67="Fuera de servicio","Fuera de servicio",IF(TODAY()-AF67>0,"OJO EQUIPO VENCIDO",DAYS360(TODAY(),AF67)&" DIAS RESTANTES")) -> Fuera de servicio | AK67: OS aprobada para Detecto, enviar para Calibracion | AL67: =VLOOKUP(A67,#REF!,21,FALSE) -> #REF! | AM67: =VLOOKUP(A67,#REF!,23,FALSE) -> #REF! | AN67: =AE67 -> 44977 | AO67: 45703 | AP67: =X67 -> 4 | AQ67: =EDATE(AE67,0) -> 44977 | AR67: =IF(COUNT(AQ67)<AP67,EDATE(AE67,X67),"N/A") -> 45097 | AS67: =IF(COUNT(AQ67:AR67)<AP67,EDATE(AR67,X67),"N/A") -> 45219 | AT67: =IF(COUNT(AQ67:AS67)<AP67,EDATE(AS67,X67),"N/A") -> 45342 | AU67: =IF(COUNT(AQ67:AT67)<AP67,EDATE(AT67,X67),"N/A") -> N/A | AW67: =X67 -> 4 | AX67: =EDATE(AO67,0) -> 45703 | AY67: =IF(COUNT(AX67)<AW67,EDATE(AO67,X67),"N/A") -> 45823 | AZ67: =IF(COUNT(AX67:AY67)<AW67,EDATE(AY67,X67),"N/A") -> 45945 | BA67: =IF(COUNT(AX67:AZ67)<AW67,EDATE(AZ67,X67),"N/A") -> 46068 | BB67: =IF(COUNT(AX67:BA67)<AW67,EDATE(BA67,X67),"N/A") -> N/A
A68: =IF(D68="Masa",CONCATENATE(F68,"_",L68,"_",K68),F68) -> TEC-LAB-MP-19_0,02g_N.I. | B68: =AA68 -> M-8307 | C68: Acreditado | D68: Masa | E68: Patron | F68: TEC-LAB-MP-19 | G68: Pesa | H68: Laboratorio de calibracion - Patrones | I68: Fuyue | J68: Láminas | K68: N.I. | L68: 0,02g | M68: N.A | N68: 0,01mg | P68: 0,0033 mg | R68: 1 | T68: N.A | U68: OIML E2 | V68: 9 | W68: 9 | X68: 4 | Y68: Externa | Z68: Fuera de servicio | AA68: M-8307 | AB68: Union Metrologica | AC68: 44963 | AE68: 44977 | AF68: =EDATE(AE68,(V68)) -> 45250 | AH68: =DAYS360(TODAY(),AF68) -> -877 | AI68: =IF(Z68="Fuera de servicio","Fuera de servicio",IF(TODAY()-AF68>0,"OJO EQUIPO VENCIDO",DAYS360(TODAY(),AF68)&" DIAS RESTANTES")) -> Fuera de servicio | AK68: OS aprobada para Detecto, enviar para Calibracion | AL68: =VLOOKUP(A68,#REF!,21,FALSE) -> #REF! | AM68: =VLOOKUP(A68,#REF!,23,FALSE) -> #REF! | AN68: =AE68 -> 44977 | AO68: 45703 | AP68: =X68 -> 4 | AQ68: =EDATE(AE68,0) -> 44977 | AR68: =IF(COUNT(AQ68)<AP68,EDATE(AE68,X68),"N/A") -> 45097 | AS68: =IF(COUNT(AQ68:AR68)<AP68,EDATE(AR68,X68),"N/A") -> 45219 | AT68: =IF(COUNT(AQ68:AS68)<AP68,EDATE(AS68,X68),"N/A") -> 45342 | AU68: =IF(COUNT(AQ68:AT68)<AP68,EDATE(AT68,X68),"N/A") -> N/A | AW68: =X68 -> 4 | AX68: =EDATE(AO68,0) -> 45703 | AY68: =IF(COUNT(AX68)<AW68,EDATE(AO68,X68),"N/A") -> 45823 | AZ68: =IF(COUNT(AX68:AY68)<AW68,EDATE(AY68,X68),"N/A") -> 45945 | BA68: =IF(COUNT(AX68:AZ68)<AW68,EDATE(AZ68,X68),"N/A") -> 46068 | BB68: =IF(COUNT(AX68:BA68)<AW68,EDATE(BA68,X68),"N/A") -> N/A
A69: =IF(D69="Masa",CONCATENATE(F69,"_",L69,"_",K69),F69) -> TEC-LAB-MP-19_0,02g_PUNTO | B69: =AA69 -> M-8307 | C69: Acreditado | D69: Masa | E69: Patron | F69: TEC-LAB-MP-19 | G69: Pesa | H69: Laboratorio de calibracion - Patrones | I69: Fuyue | J69: Láminas | K69: PUNTO | L69: 0,02g | M69: N.A | N69: 0,01mg | P69: 0,0033 mg | R69: 1 | T69: N.A | U69: OIML E2 | V69: 9 | W69: 9 | X69: 4 | Y69: Externa | Z69: Fuera de servicio | AA69: M-8307 | AB69: Union Metrologica | AC69: 44963 | AE69: 44977 | AF69: =EDATE(AE69,(V69)) -> 45250 | AH69: =DAYS360(TODAY(),AF69) -> -877 | AI69: =IF(Z69="Fuera de servicio","Fuera de servicio",IF(TODAY()-AF69>0,"OJO EQUIPO VENCIDO",DAYS360(TODAY(),AF69)&" DIAS RESTANTES")) -> Fuera de servicio | AK69: OS aprobada para Detecto, enviar para Calibracion | AL69: =VLOOKUP(A69,#REF!,21,FALSE) -> #REF! | AM69: =VLOOKUP(A69,#REF!,23,FALSE) -> #REF! | AN69: =AE69 -> 44977 | AO69: 45703 | AP69: =X69 -> 4 | AQ69: =EDATE(AE69,0) -> 44977 | AR69: =IF(COUNT(AQ69)<AP69,EDATE(AE69,X69),"N/A") -> 45097 | AS69: =IF(COUNT(AQ69:AR69)<AP69,EDATE(AR69,X69),"N/A") -> 45219 | AT69: =IF(COUNT(AQ69:AS69)<AP69,EDATE(AS69,X69),"N/A") -> 45342 | AU69: =IF(COUNT(AQ69:AT69)<AP69,EDATE(AT69,X69),"N/A") -> N/A | AW69: =X69 -> 4 | AX69: =EDATE(AO69,0) -> 45703 | AY69: =IF(COUNT(AX69)<AW69,EDATE(AO69,X69),"N/A") -> 45823 | AZ69: =IF(COUNT(AX69:AY69)<AW69,EDATE(AY69,X69),"N/A") -> 45945 | BA69: =IF(COUNT(AX69:AZ69)<AW69,EDATE(AZ69,X69),"N/A") -> 46068 | BB69: =IF(COUNT(AX69:BA69)<AW69,EDATE(BA69,X69),"N/A") -> N/A
A70: =IF(D70="Masa",CONCATENATE(F70,"_",L70,"_",K70),F70) -> TEC-LAB-MP-19_0,05g_N.I. | B70: =AA70 -> M-8307 | C70: Acreditado | D70: Masa | E70: Patron | F70: TEC-LAB-MP-19 | G70: Pesa | H70: Laboratorio de calibracion - Patrones | I70: Fuyue | J70: Láminas | K70: N.I. | L70: 0,05g | M70: N.A | N70: 0,012mg | P70: 0,0040 mg | R70: 1 | T70: N.A | U70: OIML E2 | V70: 9 | W70: 9 | X70: 4 | Y70: Externa | Z70: Fuera de servicio | AA70: M-8307 | AB70: Union Metrologica | AC70: 44963 | AE70: 44977 | AF70: =EDATE(AE70,(V70)) -> 45250 | AH70: =DAYS360(TODAY(),AF70) -> -877 | AI70: =IF(Z70="Fuera de servicio","Fuera de servicio",IF(TODAY()-AF70>0,"OJO EQUIPO VENCIDO",DAYS360(TODAY(),AF70)&" DIAS RESTANTES")) -> Fuera de servicio | AK70: OS aprobada para Detecto, enviar para Calibracion | AL70: =VLOOKUP(A70,#REF!,21,FALSE) -> #REF! | AM70: =VLOOKUP(A70,#REF!,23,FALSE) -> #REF! | AN70: =AE70 -> 44977 | AO70: 45703 | AP70: =X70 -> 4 | AQ70: =EDATE(AE70,0) -> 44977 | AR70: =IF(COUNT(AQ70)<AP70,EDATE(AE70,X70),"N/A") -> 45097 | AS70: =IF(COUNT(AQ70:AR70)<AP70,EDATE(AR70,X70),"N/A") -> 45219 | AT70: =IF(COUNT(AQ70:AS70)<AP70,EDATE(AS70,X70),"N/A") -> 45342 | AU70: =IF(COUNT(AQ70:AT70)<AP70,EDATE(AT70,X70),"N/A") -> N/A | AW70: =X70 -> 4 | AX70: =EDATE(AO70,0) -> 45703 | AY70: =IF(COUNT(AX70)<AW70,EDATE(AO70,X70),"N/A") -> 45823 | AZ70: =IF(COUNT(AX70:AY70)<AW70,EDATE(AY70,X70),"N/A") -> 45945 | BA70: =IF(COUNT(AX70:AZ70)<AW70,EDATE(AZ70,X70),"N/A") -> 46068 | BB70: =IF(COUNT(AX70:BA70)<AW70,EDATE(BA70,X70),"N/A") -> N/A
A71: =IF(D71="Masa",CONCATENATE(F71,"_",L71,"_",K71),F71) -> TEC-LAB-MP-19_0,1g_N.I. | B71: =AA71 -> M-8307 | C71: Acreditado | D71: Masa | E71: Patron | F71: TEC-LAB-MP-19 | G71: Pesa | H71: Laboratorio de calibracion - Patrones | I71: Fuyue | J71: Láminas | K71: N.I. | L71: 0,1g | M71: N.A | N71: 0,016mg | P71: 0,0053 mg | R71: 1 | T71: N.A | U71: OIML E2 | V71: 9 | W71: 9 | X71: 4 | Y71: Externa | Z71: Fuera de servicio | AA71: M-8307 | AB71: Union Metrologica | AC71: 44963 | AE71: 44977 | AF71: =EDATE(AE71,(V71)) -> 45250 | AH71: =DAYS360(TODAY(),AF71) -> -877 | AI71: =IF(Z71="Fuera de servicio","Fuera de servicio",IF(TODAY()-AF71>0,"OJO EQUIPO VENCIDO",DAYS360(TODAY(),AF71)&" DIAS RESTANTES")) -> Fuera de servicio | AK71: OS aprobada para Detecto, enviar para Calibracion | AL71: =VLOOKUP(A71,#REF!,21,FALSE) -> #REF! | AM71: =VLOOKUP(A71,#REF!,23,FALSE) -> #REF! | AN71: =AE71 -> 44977 | AO71: 45703 | AP71: =X71 -> 4 | AQ71: =EDATE(AE71,0) -> 44977 | AR71: =IF(COUNT(AQ71)<AP71,EDATE(AE71,X71),"N/A") -> 45097 | AS71: =IF(COUNT(AQ71:AR71)<AP71,EDATE(AR71,X71),"N/A") -> 45219 | AT71: =IF(COUNT(AQ71:AS71)<AP71,EDATE(AS71,X71),"N/A") -> 45342 | AU71: =IF(COUNT(AQ71:AT71)<AP71,EDATE(AT71,X71),"N/A") -> N/A | AW71: =X71 -> 4 | AX71: =EDATE(AO71,0) -> 45703 | AY71: =IF(COUNT(AX71)<AW71,EDATE(AO71,X71),"N/A") -> 45823 | AZ71: =IF(COUNT(AX71:AY71)<AW71,EDATE(AY71,X71),"N/A") -> 45945 | BA71: =IF(COUNT(AX71:AZ71)<AW71,EDATE(AZ71,X71),"N/A") -> 46068 | BB71: =IF(COUNT(AX71:BA71)<AW71,EDATE(BA71,X71),"N/A") -> N/A
A72: =IF(D72="Masa",CONCATENATE(F72,"_",L72,"_",K72),F72) -> TEC-LAB-MP-19_0,2g_N.I. | B72: =AA72 -> M-8307 | C72: Acreditado | D72: Masa | E72: Patron | F72: TEC-LAB-MP-19 | G72: Pesa | H72: Laboratorio de calibracion - Patrones | I72: Fuyue | J72: Láminas | K72: N.I. | L72: 0,2g | M72: N.A | N72: 0,02mg | P72: 0,0067 mg | R72: 1 | T72: N.A | U72: OIML E2 | V72: 9 | W72: 9 | X72: 4 | Y72: Externa | Z72: Fuera de servicio | AA72: M-8307 | AB72: Union Metrologica | AC72: 44963 | AE72: 44977 | AF72: =EDATE(AE72,(V72)) -> 45250 | AH72: =DAYS360(TODAY(),AF72) -> -877 | AI72: =IF(Z72="Fuera de servicio","Fuera de servicio",IF(TODAY()-AF72>0,"OJO EQUIPO VENCIDO",DAYS360(TODAY(),AF72)&" DIAS RESTANTES")) -> Fuera de servicio | AK72: OS aprobada para Detecto, enviar para Calibracion | AL72: =VLOOKUP(A72,#REF!,21,FALSE) -> #REF! | AM72: =VLOOKUP(A72,#REF!,23,FALSE) -> #REF! | AN72: =AE72 -> 44977 | AO72: 45703 | AP72: =X72 -> 4 | AQ72: =EDATE(AE72,0) -> 44977 | AR72: =IF(COUNT(AQ72)<AP72,EDATE(AE72,X72),"N/A") -> 45097 | AS72: =IF(COUNT(AQ72:AR72)<AP72,EDATE(AR72,X72),"N/A") -> 45219 | AT72: =IF(COUNT(AQ72:AS72)<AP72,EDATE(AS72,X72),"N/A") -> 45342 | AU72: =IF(COUNT(AQ72:AT72)<AP72,EDATE(AT72,X72),"N/A") -> N/A | AW72: =X72 -> 4 | AX72: =EDATE(AO72,0) -> 45703 | AY72: =IF(COUNT(AX72)<AW72,EDATE(AO72,X72),"N/A") -> 45823 | AZ72: =IF(COUNT(AX72:AY72)<AW72,EDATE(AY72,X72),"N/A") -> 45945 | BA72: =IF(COUNT(AX72:AZ72)<AW72,EDATE(AZ72,X72),"N/A") -> 46068 | BB72: =IF(COUNT(AX72:BA72)<AW72,EDATE(BA72,X72),"N/A") -> N/A
A73: =IF(D73="Masa",CONCATENATE(F73,"_",L73,"_",K73),F73) -> TEC-LAB-MP-19_0,2g_PUNTO | B73: =AA73 -> M-8307 | C73: Acreditado | D73: Masa | E73: Patron | F73: TEC-LAB-MP-19 | G73: Pesa | H73: Laboratorio de calibracion - Patrones | I73: Fuyue | J73: Láminas | K73: PUNTO | L73: 0,2g | M73: N.A | N73: 0,02mg | P73: 0,0067 mg | R73: 1 | T73: N.A | U73: OIML E2 | V73: 9 | W73: 9 | X73: 4 | Y73: Externa | Z73: Fuera de servicio | AA73: M-8307 | AB73: Union Metrologica | AC73: 44963 | AE73: 44977 | AF73: =EDATE(AE73,(V73)) -> 45250 | AH73: =DAYS360(TODAY(),AF73) -> -877 | AI73: =IF(Z73="Fuera de servicio","Fuera de servicio",IF(TODAY()-AF73>0,"OJO EQUIPO VENCIDO",DAYS360(TODAY(),AF73)&" DIAS RESTANTES")) -> Fuera de servicio | AK73: OS aprobada para Detecto, enviar para Calibracion | AL73: =VLOOKUP(A73,#REF!,21,FALSE) -> #REF! | AM73: =VLOOKUP(A73,#REF!,23,FALSE) -> #REF! | AN73: =AE73 -> 44977 | AO73: 45703 | AP73: =X73 -> 4 | AQ73: =EDATE(AE73,0) -> 44977 | AR73: =IF(COUNT(AQ73)<AP73,EDATE(AE73,X73),"N/A") -> 45097 | AS73: =IF(COUNT(AQ73:AR73)<AP73,EDATE(AR73,X73),"N/A") -> 45219 | AT73: =IF(COUNT(AQ73:AS73)<AP73,EDATE(AS73,X73),"N/A") -> 45342 | AU73: =IF(COUNT(AQ73:AT73)<AP73,EDATE(AT73,X73),"N/A") -> N/A | AW73: =X73 -> 4 | AX73: =EDATE(AO73,0) -> 45703 | AY73: =IF(COUNT(AX73)<AW73,EDATE(AO73,X73),"N/A") -> 45823 | AZ73: =IF(COUNT(AX73:AY73)<AW73,EDATE(AY73,X73),"N/A") -> 45945 | BA73: =IF(COUNT(AX73:AZ73)<AW73,EDATE(AZ73,X73),"N/A") -> 46068 | BB73: =IF(COUNT(AX73:BA73)<AW73,EDATE(BA73,X73),"N/A") -> N/A
A74: =IF(D74="Masa",CONCATENATE(F74,"_",L74,"_",K74),F74) -> TEC-LAB-MP-19_0,5g_N.I. | B74: =AA74 -> M-8307 | C74: Acreditado | D74: Masa | E74: Patron | F74: TEC-LAB-MP-19 | G74: Pesa | H74: Laboratorio de calibracion - Patrones | I74: Fuyue | J74: Láminas | K74: N.I. | L74: 0,5g | M74: N.A | N74: 0,025mg | P74: 0,0083 mg | R74: 1 | T74: N.A | U74: OIML E2 | V74: 9 | W74: 9 | X74: 4 | Y74: Externa | Z74: Fuera de servicio | AA74: M-8307 | AB74: Union Metrologica | AC74: 44963 | AE74: 44977 | AF74: =EDATE(AE74,(V74)) -> 45250 | AH74: =DAYS360(TODAY(),AF74) -> -877 | AI74: =IF(Z74="Fuera de servicio","Fuera de servicio",IF(TODAY()-AF74>0,"OJO EQUIPO VENCIDO",DAYS360(TODAY(),AF74)&" DIAS RESTANTES")) -> Fuera de servicio | AK74: OS aprobada para Detecto, enviar para Calibracion | AL74: =VLOOKUP(A74,#REF!,21,FALSE) -> #REF! | AM74: =VLOOKUP(A74,#REF!,23,FALSE) -> #REF! | AN74: =AE74 -> 44977 | AO74: 45703 | AP74: =X74 -> 4 | AQ74: =EDATE(AE74,0) -> 44977 | AR74: =IF(COUNT(AQ74)<AP74,EDATE(AE74,X74),"N/A") -> 45097 | AS74: =IF(COUNT(AQ74:AR74)<AP74,EDATE(AR74,X74),"N/A") -> 45219 | AT74: =IF(COUNT(AQ74:AS74)<AP74,EDATE(AS74,X74),"N/A") -> 45342 | AU74: =IF(COUNT(AQ74:AT74)<AP74,EDATE(AT74,X74),"N/A") -> N/A | AW74: =X74 -> 4 | AX74: =EDATE(AO74,0) -> 45703 | AY74: =IF(COUNT(AX74)<AW74,EDATE(AO74,X74),"N/A") -> 45823 | AZ74: =IF(COUNT(AX74:AY74)<AW74,EDATE(AY74,X74),"N/A") -> 45945 | BA74: =IF(COUNT(AX74:AZ74)<AW74,EDATE(AZ74,X74),"N/A") -> 46068 | BB74: =IF(COUNT(AX74:BA74)<AW74,EDATE(BA74,X74),"N/A") -> N/A
A75: =IF(D75="Masa",CONCATENATE(F75,"_",L75,"_",K75),F75) -> TEC-LAB-MP-19_1g_N.I. | B75: =AA75 -> CAP-362-25 | C75: Acreditado | D75: Masa | E75: Patron | F75: TEC-LAB-MP-19 | G75: Pesa | H75: Laboratorio de calibracion - Patrones | I75: Fuyue | J75: Láminas/Cilíndricas | K75: N.I. | L75: 1g | M75: N.A | N75: 0,03mg | P75: 0,010 mg | R75: 1 | T75: N.A | U75: OIML E2 | V75: 9 | W75: 9 | X75: 4 | Y75: Externa | Z75: Fuera de Servicio En calibración | AA75: CAP-362-25 | AB75: Union Metrologica | AC75: 45247 | AE75: 45783 | AF75: =EDATE(AE75,(V75)) -> 46059 | AG75: Se solicto compra cotizaciones detecto, Wr y Union Metrologica 2025-04-07 | AH75: =DAYS360(TODAY(),AF75) -> -81 | AI75: =IF(Z75="Fuera de servicio","Fuera de servicio",IF(TODAY()-AF75>0,"OJO EQUIPO VENCIDO",DAYS360(TODAY(),AF75)&" DIAS RESTANTES")) -> OJO EQUIPO VENCIDO | AJ75: Aprobado para WR falta OS | AK75: Entregadas a recepcion para despacho a calibracion en Union Metrologica 2024-07-31 | AL75: =VLOOKUP(A75,#REF!,21,FALSE) -> #REF! | AM75: =VLOOKUP(A75,#REF!,23,FALSE) -> #REF! | AN75: =AE75 -> 45783 | AO75: 45762 | AP75: =X75 -> 4 | AQ75: =EDATE(AE75,0) -> 45783 | AR75: =IF(COUNT(AQ75)<AP75,EDATE(AE75,X75),"N/A") -> 45906 | AS75: =IF(COUNT(AQ75:AR75)<AP75,EDATE(AR75,X75),"N/A") -> 46028 | AT75: =IF(COUNT(AQ75:AS75)<AP75,EDATE(AS75,X75),"N/A") -> 46148 | AU75: =IF(COUNT(AQ75:AT75)<AP75,EDATE(AT75,X75),"N/A") -> N/A | AW75: =X75 -> 4 | AX75: =EDATE(AO75,0) -> 45762 | AY75: =IF(COUNT(AX75)<AW75,EDATE(AO75,X75),"N/A") -> 45884 | AZ75: =IF(COUNT(AX75:AY75)<AW75,EDATE(AY75,X75),"N/A") -> 46006 | BA75: =IF(COUNT(AX75:AZ75)<AW75,EDATE(AZ75,X75),"N/A") -> 46127 | BB75: =IF(COUNT(AX75:BA75)<AW75,EDATE(BA75,X75),"N/A") -> N/A
A76: =IF(D76="Masa",CONCATENATE(F76,"_",L76,"_",K76),F76) -> TEC-LAB-MP-19_2g_N.I. | B76: =AA76 -> CAP-362-25 | C76: Acreditado | D76: Masa | E76: Patron | F76: TEC-LAB-MP-19 | G76: Pesa | H76: Laboratorio de calibracion - Patrones | I76: Fuyue | J76: Láminas/Cilíndricas | K76: N.I. | L76: 2g | M76: N.A | N76: 0,04mg | P76: 0,013 mg | R76: 1 | T76: N.A | U76: OIML E2 | V76: 9 | W76: 9 | X76: 4 | Y76: Externa | Z76: Fuera de Servicio En calibración | AA76: CAP-362-25 | AB76: Union Metrologica | AC76: 45247 | AE76: 45783 | AF76: =EDATE(AE76,(V76)) -> 46059 | AG76: Se solicto compra cotizaciones detecto, Wr y Union Metrologica 2025-04-07 | AH76: =DAYS360(TODAY(),AF76) -> -81 | AI76: =IF(Z76="Fuera de servicio","Fuera de servicio",IF(TODAY()-AF76>0,"OJO EQUIPO VENCIDO",DAYS360(TODAY(),AF76)&" DIAS RESTANTES")) -> OJO EQUIPO VENCIDO | AJ76: Aprobado para WR falta OS | AK76: Entregadas a recepcion para despacho a calibracion en Union Metrologica 2024-07-31 | AL76: =VLOOKUP(A76,#REF!,21,FALSE) -> #REF! | AM76: =VLOOKUP(A76,#REF!,23,FALSE) -> #REF! | AN76: =AE76 -> 45783 | AO76: 45762 | AP76: =X76 -> 4 | AQ76: =EDATE(AE76,0) -> 45783 | AR76: =IF(COUNT(AQ76)<AP76,EDATE(AE76,X76),"N/A") -> 45906 | AS76: =IF(COUNT(AQ76:AR76)<AP76,EDATE(AR76,X76),"N/A") -> 46028 | AT76: =IF(COUNT(AQ76:AS76)<AP76,EDATE(AS76,X76),"N/A") -> 46148 | AU76: =IF(COUNT(AQ76:AT76)<AP76,EDATE(AT76,X76),"N/A") -> N/A | AW76: =X76 -> 4 | AX76: =EDATE(AO76,0) -> 45762 | AY76: =IF(COUNT(AX76)<AW76,EDATE(AO76,X76),"N/A") -> 45884 | AZ76: =IF(COUNT(AX76:AY76)<AW76,EDATE(AY76,X76),"N/A") -> 46006 | BA76: =IF(COUNT(AX76:AZ76)<AW76,EDATE(AZ76,X76),"N/A") -> 46127 | BB76: =IF(COUNT(AX76:BA76)<AW76,EDATE(BA76,X76),"N/A") -> N/A
A77: =IF(D77="Masa",CONCATENATE(F77,"_",L77,"_",K77),F77) -> TEC-LAB-MP-19_2g_PUNTO | B77: =AA77 -> CAP-362-25 | C77: Acreditado | D77: Masa | E77: Patron | F77: TEC-LAB-MP-19 | G77: Pesa | H77: Laboratorio de calibracion - Patrones | I77: Fuyue | J77: Láminas/Cilíndricas | K77: PUNTO | L77: 2g | M77: N.A | N77: 0,04mg | P77: 0,013 mg | R77: 1 | T77: N.A | U77: OIML E2 | V77: 9 | W77: 9 | X77: 4 | Y77: Externa | Z77: Fuera de Servicio En calibración | AA77: CAP-362-25 | AB77: Union Metrologica | AC77: 45247 | AE77: 45783 | AF77: =EDATE(AE77,(V77)) -> 46059 | AG77: Se solicto compra cotizaciones detecto, Wr y Union Metrologica 2025-04-07 | AH77: =DAYS360(TODAY(),AF77) -> -81 | AI77: =IF(Z77="Fuera de servicio","Fuera de servicio",IF(TODAY()-AF77>0,"OJO EQUIPO VENCIDO",DAYS360(TODAY(),AF77)&" DIAS RESTANTES")) -> OJO EQUIPO VENCIDO | AJ77: Aprobado para WR falta OS | AK77: Entregadas a recepcion para despacho a calibracion en Union Metrologica 2024-07-31 | AL77: =VLOOKUP(A77,#REF!,21,FALSE) -> #REF! | AM77: =VLOOKUP(A77,#REF!,23,FALSE) -> #REF! | AN77: =AE77 -> 45783 | AO77: 45762 | AP77: =X77 -> 4 | AQ77: =EDATE(AE77,0) -> 45783 | AR77: =IF(COUNT(AQ77)<AP77,EDATE(AE77,X77),"N/A") -> 45906 | AS77: =IF(COUNT(AQ77:AR77)<AP77,EDATE(AR77,X77),"N/A") -> 46028 | AT77: =IF(COUNT(AQ77:AS77)<AP77,EDATE(AS77,X77),"N/A") -> 46148 | AU77: =IF(COUNT(AQ77:AT77)<AP77,EDATE(AT77,X77),"N/A") -> N/A | AW77: =X77 -> 4 | AX77: =EDATE(AO77,0) -> 45762 | AY77: =IF(COUNT(AX77)<AW77,EDATE(AO77,X77),"N/A") -> 45884 | AZ77: =IF(COUNT(AX77:AY77)<AW77,EDATE(AY77,X77),"N/A") -> 46006 | BA77: =IF(COUNT(AX77:AZ77)<AW77,EDATE(AZ77,X77),"N/A") -> 46127 | BB77: =IF(COUNT(AX77:BA77)<AW77,EDATE(BA77,X77),"N/A") -> N/A
A78: =IF(D78="Masa",CONCATENATE(F78,"_",L78,"_",K78),F78) -> TEC-LAB-MP-19_5g_N.I. | B78: =AA78 -> CAP-362-25 | C78: Acreditado | D78: Masa | E78: Patron | F78: TEC-LAB-MP-19 | G78: Pesa | H78: Laboratorio de calibracion - Patrones | I78: Fuyue | J78: Láminas/Cilíndricas | K78: N.I. | L78: 5g | M78: N.A | N78: 0,05mg | P78: 0,016 mg | R78: 1 | T78: N.A | U78: OIML E2 | V78: 9 | W78: 9 | X78: 4 | Y78: Externa | Z78: Fuera de Servicio En calibración | AA78: CAP-362-25 | AB78: Union Metrologica | AC78: 45247 | AE78: 45783 | AF78: =EDATE(AE78,(V78)) -> 46059 | AG78: Se solicto compra cotizaciones detecto, Wr y Union Metrologica 2025-04-07 | AH78: =DAYS360(TODAY(),AF78) -> -81 | AI78: =IF(Z78="Fuera de servicio","Fuera de servicio",IF(TODAY()-AF78>0,"OJO EQUIPO VENCIDO",DAYS360(TODAY(),AF78)&" DIAS RESTANTES")) -> OJO EQUIPO VENCIDO | AJ78: Aprobado para WR falta OS | AK78: Entregadas a recepcion para despacho a calibracion en Union Metrologica 2024-07-31 | AL78: =VLOOKUP(A78,#REF!,21,FALSE) -> #REF! | AM78: =VLOOKUP(A78,#REF!,23,FALSE) -> #REF! | AN78: =AE78 -> 45783 | AO78: 45762 | AP78: =X78 -> 4 | AQ78: =EDATE(AE78,0) -> 45783 | AR78: =IF(COUNT(AQ78)<AP78,EDATE(AE78,X78),"N/A") -> 45906 | AS78: =IF(COUNT(AQ78:AR78)<AP78,EDATE(AR78,X78),"N/A") -> 46028 | AT78: =IF(COUNT(AQ78:AS78)<AP78,EDATE(AS78,X78),"N/A") -> 46148 | AU78: =IF(COUNT(AQ78:AT78)<AP78,EDATE(AT78,X78),"N/A") -> N/A | AW78: =X78 -> 4 | AX78: =EDATE(AO78,0) -> 45762 | AY78: =IF(COUNT(AX78)<AW78,EDATE(AO78,X78),"N/A") -> 45884 | AZ78: =IF(COUNT(AX78:AY78)<AW78,EDATE(AY78,X78),"N/A") -> 46006 | BA78: =IF(COUNT(AX78:AZ78)<AW78,EDATE(AZ78,X78),"N/A") -> 46127 | BB78: =IF(COUNT(AX78:BA78)<AW78,EDATE(BA78,X78),"N/A") -> N/A
A79: =IF(D79="Masa",CONCATENATE(F79,"_",L79,"_",K79),F79) -> TEC-LAB-MP-19_10g_N.I. | B79: =AA79 -> CAP-362-25 | C79: Acreditado | D79: Masa | E79: Patron | F79: TEC-LAB-MP-19 | G79: Pesa | H79: Laboratorio de calibracion - Patrones | I79: Fuyue | J79: Láminas/Cilíndricas | K79: N.I. | L79: 10g | M79: N.A | N79: 0,06mg | P79: 0,020 mg | R79: 1 | T79: N.A | U79: OIML E2 | V79: 9 | W79: 9 | X79: 4 | Y79: Externa | Z79: Fuera de Servicio En calibración | AA79: CAP-362-25 | AB79: Union Metrologica | AC79: 45247 | AE79: 45783 | AF79: =EDATE(AE79,(V79)) -> 46059 | AG79: Se solicto compra cotizaciones detecto, Wr y Union Metrologica 2025-04-07 | AH79: =DAYS360(TODAY(),AF79) -> -81 | AI79: =IF(Z79="Fuera de servicio","Fuera de servicio",IF(TODAY()-AF79>0,"OJO EQUIPO VENCIDO",DAYS360(TODAY(),AF79)&" DIAS RESTANTES")) -> OJO EQUIPO VENCIDO | AJ79: Aprobado para WR falta OS | AK79: Entregadas a recepcion para despacho a calibracion en Union Metrologica 2024-07-31 | AL79: =VLOOKUP(A79,#REF!,21,FALSE) -> #REF! | AM79: =VLOOKUP(A79,#REF!,23,FALSE) -> #REF! | AN79: =AE79 -> 45783 | AO79: 45762 | AP79: =X79 -> 4 | AQ79: =EDATE(AE79,0) -> 45783 | AR79: =IF(COUNT(AQ79)<AP79,EDATE(AE79,X79),"N/A") -> 45906 | AS79: =IF(COUNT(AQ79:AR79)<AP79,EDATE(AR79,X79),"N/A") -> 46028 | AT79: =IF(COUNT(AQ79:AS79)<AP79,EDATE(AS79,X79),"N/A") -> 46148 | AU79: =IF(COUNT(AQ79:AT79)<AP79,EDATE(AT79,X79),"N/A") -> N/A | AW79: =X79 -> 4 | AX79: =EDATE(AO79,0) -> 45762 | AY79: =IF(COUNT(AX79)<AW79,EDATE(AO79,X79),"N/A") -> 45884 | AZ79: =IF(COUNT(AX79:AY79)<AW79,EDATE(AY79,X79),"N/A") -> 46006 | BA79: =IF(COUNT(AX79:AZ79)<AW79,EDATE(AZ79,X79),"N/A") -> 46127 | BB79: =IF(COUNT(AX79:BA79)<AW79,EDATE(BA79,X79),"N/A") -> N/A
A80: =IF(D80="Masa",CONCATENATE(F80,"_",L80,"_",K80),F80) -> TEC-LAB-MP-19_20g_N.I. | B80: =AA80 -> CAP-362-25 | C80: Acreditado | D80: Masa | E80: Patron | F80: TEC-LAB-MP-19 | G80: Pesa | H80: Laboratorio de calibracion - Patrones | I80: Fuyue | J80: Láminas/Cilíndricas | K80: N.I. | L80: 20g | M80: N.A | N80: 0,08mg | P80: 0,027 mg | R80: 1 | T80: N.A | U80: OIML E2 | V80: 9 | W80: 9 | X80: 4 | Y80: Externa | Z80: Fuera de Servicio En calibración | AA80: CAP-362-25 | AB80: Union Metrologica | AC80: 45247 | AE80: 45783 | AF80: =EDATE(AE80,(V80)) -> 46059 | AG80: Se solicto compra cotizaciones detecto, Wr y Union Metrologica 2025-04-07 | AH80: =DAYS360(TODAY(),AF80) -> -81 | AI80: =IF(Z80="Fuera de servicio","Fuera de servicio",IF(TODAY()-AF80>0,"OJO EQUIPO VENCIDO",DAYS360(TODAY(),AF80)&" DIAS RESTANTES")) -> OJO EQUIPO VENCIDO | AJ80: Aprobado para WR falta OS | AK80: Entregadas a recepcion para despacho a calibracion en Union Metrologica 2024-07-31 | AL80: =VLOOKUP(A80,#REF!,21,FALSE) -> #REF! | AM80: =VLOOKUP(A80,#REF!,23,FALSE) -> #REF! | AN80: =AE80 -> 45783 | AO80: 45762 | AP80: =X80 -> 4 | AQ80: =EDATE(AE80,0) -> 45783 | AR80: =IF(COUNT(AQ80)<AP80,EDATE(AE80,X80),"N/A") -> 45906 | AS80: =IF(COUNT(AQ80:AR80)<AP80,EDATE(AR80,X80),"N/A") -> 46028 | AT80: =IF(COUNT(AQ80:AS80)<AP80,EDATE(AS80,X80),"N/A") -> 46148 | AU80: =IF(COUNT(AQ80:AT80)<AP80,EDATE(AT80,X80),"N/A") -> N/A | AW80: =X80 -> 4 | AX80: =EDATE(AO80,0) -> 45762 | AY80: =IF(COUNT(AX80)<AW80,EDATE(AO80,X80),"N/A") -> 45884 | AZ80: =IF(COUNT(AX80:AY80)<AW80,EDATE(AY80,X80),"N/A") -> 46006 | BA80: =IF(COUNT(AX80:AZ80)<AW80,EDATE(AZ80,X80),"N/A") -> 46127 | BB80: =IF(COUNT(AX80:BA80)<AW80,EDATE(BA80,X80),"N/A") -> N/A
A81: =IF(D81="Masa",CONCATENATE(F81,"_",L81,"_",K81),F81) -> TEC-LAB-MP-19_20g_PUNTO | B81: =AA81 -> CAP-362-25 | C81: Acreditado | D81: Masa | E81: Patron | F81: TEC-LAB-MP-19 | G81: Pesa | H81: Laboratorio de calibracion - Patrones | I81: Fuyue | J81: Láminas/Cilíndricas | K81: PUNTO | L81: 20g | M81: N.A | N81: 0,08mg | P81: 0,027 mg | R81: 1 | T81: N.A | U81: OIML E2 | V81: 9 | W81: 9 | X81: 4 | Y81: Externa | Z81: Fuera de Servicio En calibración | AA81: CAP-362-25 | AB81: Union Metrologica | AC81: 45247 | AE81: 45783 | AF81: =EDATE(AE81,(V81)) -> 46059 | AG81: Se solicto compra cotizaciones detecto, Wr y Union Metrologica 2025-04-07 | AH81: =DAYS360(TODAY(),AF81) -> -81 | AI81: =IF(Z81="Fuera de servicio","Fuera de servicio",IF(TODAY()-AF81>0,"OJO EQUIPO VENCIDO",DAYS360(TODAY(),AF81)&" DIAS RESTANTES")) -> OJO EQUIPO VENCIDO | AJ81: Aprobado para WR falta OS | AK81: Entregadas a recepcion para despacho a calibracion en Union Metrologica 2024-07-31 | AL81: =VLOOKUP(A81,#REF!,21,FALSE) -> #REF! | AM81: =VLOOKUP(A81,#REF!,23,FALSE) -> #REF! | AN81: =AE81 -> 45783 | AO81: 45762 | AP81: =X81 -> 4 | AQ81: =EDATE(AE81,0) -> 45783 | AR81: =IF(COUNT(AQ81)<AP81,EDATE(AE81,X81),"N/A") -> 45906 | AS81: =IF(COUNT(AQ81:AR81)<AP81,EDATE(AR81,X81),"N/A") -> 46028 | AT81: =IF(COUNT(AQ81:AS81)<AP81,EDATE(AS81,X81),"N/A") -> 46148 | AU81: =IF(COUNT(AQ81:AT81)<AP81,EDATE(AT81,X81),"N/A") -> N/A | AW81: =X81 -> 4 | AX81: =EDATE(AO81,0) -> 45762 | AY81: =IF(COUNT(AX81)<AW81,EDATE(AO81,X81),"N/A") -> 45884 | AZ81: =IF(COUNT(AX81:AY81)<AW81,EDATE(AY81,X81),"N/A") -> 46006 | BA81: =IF(COUNT(AX81:AZ81)<AW81,EDATE(AZ81,X81),"N/A") -> 46127 | BB81: =IF(COUNT(AX81:BA81)<AW81,EDATE(BA81,X81),"N/A") -> N/A
A82: =IF(D82="Masa",CONCATENATE(F82,"_",L82,"_",K82),F82) -> TEC-LAB-MP-19_50g_N.I. | B82: =AA82 -> CAP-362-25 | C82: Acreditado | D82: Masa | E82: Patron | F82: TEC-LAB-MP-19 | G82: Pesa | H82: Laboratorio de calibracion - Patrones | I82: Fuyue | J82: Láminas/Cilíndricas | K82: N.I. | L82: 50g | M82: N.A | N82: 0,1mg | P82: 0,033 mg | R82: 1 | T82: N.A | U82: OIML E2 | V82: 9 | W82: 9 | X82: 4 | Y82: Externa | Z82: Fuera de Servicio En calibración | AA82: CAP-362-25 | AB82: Union Metrologica | AC82: 45247 | AE82: 45783 | AF82: =EDATE(AE82,(V82)) -> 46059 | AG82: Se solicto compra cotizaciones detecto, Wr y Union Metrologica 2025-04-07 | AH82: =DAYS360(TODAY(),AF82) -> -81 | AI82: =IF(Z82="Fuera de servicio","Fuera de servicio",IF(TODAY()-AF82>0,"OJO EQUIPO VENCIDO",DAYS360(TODAY(),AF82)&" DIAS RESTANTES")) -> OJO EQUIPO VENCIDO | AJ82: Aprobado para WR falta OS | AK82: Entregadas a recepcion para despacho a calibracion en Union Metrologica 2024-07-31 | AL82: =VLOOKUP(A82,#REF!,21,FALSE) -> #REF! | AM82: =VLOOKUP(A82,#REF!,23,FALSE) -> #REF! | AN82: =AE82 -> 45783 | AO82: 45762 | AP82: =X82 -> 4 | AQ82: =EDATE(AE82,0) -> 45783 | AR82: =IF(COUNT(AQ82)<AP82,EDATE(AE82,X82),"N/A") -> 45906 | AS82: =IF(COUNT(AQ82:AR82)<AP82,EDATE(AR82,X82),"N/A") -> 46028 | AT82: =IF(COUNT(AQ82:AS82)<AP82,EDATE(AS82,X82),"N/A") -> 46148 | AU82: =IF(COUNT(AQ82:AT82)<AP82,EDATE(AT82,X82),"N/A") -> N/A | AW82: =X82 -> 4 | AX82: =EDATE(AO82,0) -> 45762 | AY82: =IF(COUNT(AX82)<AW82,EDATE(AO82,X82),"N/A") -> 45884 | AZ82: =IF(COUNT(AX82:AY82)<AW82,EDATE(AY82,X82),"N/A") -> 46006 | BA82: =IF(COUNT(AX82:AZ82)<AW82,EDATE(AZ82,X82),"N/A") -> 46127 | BB82: =IF(COUNT(AX82:BA82)<AW82,EDATE(BA82,X82),"N/A") -> N/A
A83: =IF(D83="Masa",CONCATENATE(F83,"_",L83,"_",K83),F83) -> TEC-LAB-MP-19_100g_N.I. | B83: =AA83 -> CAP-362-25 | C83: Acreditado | D83: Masa | E83: Patron | F83: TEC-LAB-MP-19 | G83: Pesa | H83: Laboratorio de calibracion - Patrones | I83: Fuyue | J83: Láminas/Cilíndricas | K83: N.I. | L83: 100g | M83: N.A | N83: 0,16mg | P83: 0,053 mg | R83: 1 | T83: N.A | U83: OIML E2 | V83: 9 | W83: 9 | X83: 4 | Y83: Externa | Z83: Fuera de Servicio En calibración | AA83: CAP-362-25 | AB83: Union Metrologica | AC83: 45247 | AE83: 45783 | AF83: =EDATE(AE83,(V83)) -> 46059 | AG83: Se solicto compra cotizaciones detecto, Wr y Union Metrologica 2025-04-07 | AH83: =DAYS360(TODAY(),AF83) -> -81 | AI83: =IF(Z83="Fuera de servicio","Fuera de servicio",IF(TODAY()-AF83>0,"OJO EQUIPO VENCIDO",DAYS360(TODAY(),AF83)&" DIAS RESTANTES")) -> OJO EQUIPO VENCIDO | AJ83: Aprobado para WR falta OS | AK83: Entregadas a recepcion para despacho a calibracion en Union Metrologica 2024-07-31 | AL83: =VLOOKUP(A83,#REF!,21,FALSE) -> #REF! | AM83: =VLOOKUP(A83,#REF!,23,FALSE) -> #REF! | AN83: =AE83 -> 45783 | AO83: 45762 | AP83: =X83 -> 4 | AQ83: =EDATE(AE83,0) -> 45783 | AR83: =IF(COUNT(AQ83)<AP83,EDATE(AE83,X83),"N/A") -> 45906 | AS83: =IF(COUNT(AQ83:AR83)<AP83,EDATE(AR83,X83),"N/A") -> 46028 | AT83: =IF(COUNT(AQ83:AS83)<AP83,EDATE(AS83,X83),"N/A") -> 46148 | AU83: =IF(COUNT(AQ83:AT83)<AP83,EDATE(AT83,X83),"N/A") -> N/A | AW83: =X83 -> 4 | AX83: =EDATE(AO83,0) -> 45762 | AY83: =IF(COUNT(AX83)<AW83,EDATE(AO83,X83),"N/A") -> 45884 | AZ83: =IF(COUNT(AX83:AY83)<AW83,EDATE(AY83,X83),"N/A") -> 46006 | BA83: =IF(COUNT(AX83:AZ83)<AW83,EDATE(AZ83,X83),"N/A") -> 46127 | BB83: =IF(COUNT(AX83:BA83)<AW83,EDATE(BA83,X83),"N/A") -> N/A
A84: =IF(D84="Masa",CONCATENATE(F84,"_",L84,"_",K84),F84) -> TEC-LAB-MP-19_200g_N.I. | B84: =AA84 -> CAP-362-25 | C84: Acreditado | D84: Masa | E84: Patron | F84: TEC-LAB-MP-19 | G84: Pesa | H84: Laboratorio de calibracion - Patrones | I84: Fuyue | J84: Láminas/Cilíndricas | K84: N.I. | L84: 200g | M84: N.A | N84: 0,3mg | P84: 0,10 mg | R84: 1 | T84: N.A | U84: OIML E2 | V84: 9 | W84: 9 | X84: 4 | Y84: Externa | Z84: Fuera de Servicio En calibración | AA84: CAP-362-25 | AB84: Union Metrologica | AC84: 45247 | AE84: 45783 | AF84: =EDATE(AE84,(V84)) -> 46059 | AG84: Se solicto compra cotizaciones detecto, Wr y Union Metrologica 2025-04-07 | AH84: =DAYS360(TODAY(),AF84) -> -81 | AI84: =IF(Z84="Fuera de servicio","Fuera de servicio",IF(TODAY()-AF84>0,"OJO EQUIPO VENCIDO",DAYS360(TODAY(),AF84)&" DIAS RESTANTES")) -> OJO EQUIPO VENCIDO | AJ84: Aprobado para WR falta OS | AK84: Entregadas a recepcion para despacho a calibracion en Union Metrologica 2024-07-31 | AL84: =VLOOKUP(A84,#REF!,21,FALSE) -> #REF! | AM84: =VLOOKUP(A84,#REF!,23,FALSE) -> #REF! | AN84: =AE84 -> 45783 | AO84: 45762 | AP84: =X84 -> 4 | AQ84: =EDATE(AE84,0) -> 45783 | AR84: =IF(COUNT(AQ84)<AP84,EDATE(AE84,X84),"N/A") -> 45906 | AS84: =IF(COUNT(AQ84:AR84)<AP84,EDATE(AR84,X84),"N/A") -> 46028 | AT84: =IF(COUNT(AQ84:AS84)<AP84,EDATE(AS84,X84),"N/A") -> 46148 | AU84: =IF(COUNT(AQ84:AT84)<AP84,EDATE(AT84,X84),"N/A") -> N/A | AW84: =X84 -> 4 | AX84: =EDATE(AO84,0) -> 45762 | AY84: =IF(COUNT(AX84)<AW84,EDATE(AO84,X84),"N/A") -> 45884 | AZ84: =IF(COUNT(AX84:AY84)<AW84,EDATE(AY84,X84),"N/A") -> 46006 | BA84: =IF(COUNT(AX84:AZ84)<AW84,EDATE(AZ84,X84),"N/A") -> 46127 | BB84: =IF(COUNT(AX84:BA84)<AW84,EDATE(BA84,X84),"N/A") -> N/A
A85: =IF(D85="Masa",CONCATENATE(F85,"_",L85,"_",K85),F85) -> TEC-LAB-MP-19_200g_PUNTO | B85: =AA85 -> CAP-362-25 | C85: Acreditado | D85: Masa | E85: Patron | F85: TEC-LAB-MP-19 | G85: Pesa | H85: Laboratorio de calibracion - Patrones | I85: Fuyue | J85: Láminas/Cilíndricas | K85: PUNTO | L85: 200g | M85: N.A | N85: 0,3mg | P85: 0,10 mg | R85: 1 | T85: N.A | U85: OIML E2 | V85: 9 | W85: 9 | X85: 4 | Y85: Externa | Z85: Fuera de Servicio En calibración | AA85: CAP-362-25 | AB85: Union Metrologica | AC85: 45247 | AE85: 45783 | AF85: =EDATE(AE85,(V85)) -> 46059 | AG85: Se solicto compra cotizaciones detecto, Wr y Union Metrologica 2025-04-07 | AH85: =DAYS360(TODAY(),AF85) -> -81 | AI85: =IF(Z85="Fuera de servicio","Fuera de servicio",IF(TODAY()-AF85>0,"OJO EQUIPO VENCIDO",DAYS360(TODAY(),AF85)&" DIAS RESTANTES")) -> OJO EQUIPO VENCIDO | AJ85: Aprobado para WR falta OS | AK85: Entregadas a recepcion para despacho a calibracion en Union Metrologica 2024-07-31 | AL85: =VLOOKUP(A85,#REF!,21,FALSE) -> #REF! | AM85: =VLOOKUP(A85,#REF!,23,FALSE) -> #REF! | AN85: =AE85 -> 45783 | AO85: 45762 | AP85: =X85 -> 4 | AQ85: =EDATE(AE85,0) -> 45783 | AR85: =IF(COUNT(AQ85)<AP85,EDATE(AE85,X85),"N/A") -> 45906 | AS85: =IF(COUNT(AQ85:AR85)<AP85,EDATE(AR85,X85),"N/A") -> 46028 | AT85: =IF(COUNT(AQ85:AS85)<AP85,EDATE(AS85,X85),"N/A") -> 46148 | AU85: =IF(COUNT(AQ85:AT85)<AP85,EDATE(AT85,X85),"N/A") -> N/A | AW85: =X85 -> 4 | AX85: =EDATE(AO85,0) -> 45762 | AY85: =IF(COUNT(AX85)<AW85,EDATE(AO85,X85),"N/A") -> 45884 | AZ85: =IF(COUNT(AX85:AY85)<AW85,EDATE(AY85,X85),"N/A") -> 46006 | BA85: =IF(COUNT(AX85:AZ85)<AW85,EDATE(AZ85,X85),"N/A") -> 46127 | BB85: =IF(COUNT(AX85:BA85)<AW85,EDATE(BA85,X85),"N/A") -> N/A
A86: =IF(D86="Masa",CONCATENATE(F86,"_",L86,"_",K86),F86) -> TEC-LAB-MP-20a_1g a 2000g_No indica | B86: =AA86 -> M-10831-25 | C86: Acreditado | D86: Masa | E86: Patron | F86: TEC-LAB-MP-20a | G86: Juego de Pesas | H86: Laboratorio de calibracion - Patrones | I86: Fuyue | J86: Cilíndrica | K86: No indica | L86: 1g a 2000g | M86: N.A | N86: Según NTC 1848 | O86: N.A | P86: 0,03 mg | R86: 15 | T86: N.A | U86: OIML F1 | V86: 12 | W86: 12 | X86: 4 | Y86: Externa | Z86: En Servicio | AA86: M-10831-25 | AB86: ALPHA | AC86: 45339 | AE86: 45726 | AF86: =EDATE(AE86,(V86)) -> 46091 | AH86: =DAYS360(TODAY(),AF86) -> -47 | AI86: =IF(Z86="Fuera de servicio","Fuera de servicio",IF(TODAY()-AF86>0,"OJO EQUIPO VENCIDO",DAYS360(TODAY(),AF86)&" DIAS RESTANTES")) -> OJO EQUIPO VENCIDO | AL86: =VLOOKUP(A86,#REF!,21,FALSE) -> #REF! | AM86: =VLOOKUP(A86,#REF!,23,FALSE) -> #REF! | AN86: =AE86 -> 45726 | AO86: 45726 | AP86: =X86 -> 4 | AQ86: =EDATE(AE86,0) -> 45726 | AR86: =IF(COUNT(AQ86)<AP86,EDATE(AE86,X86),"N/A") -> 45848 | AS86: =IF(COUNT(AQ86:AR86)<AP86,EDATE(AR86,X86),"N/A") -> 45971 | AT86: =IF(COUNT(AQ86:AS86)<AP86,EDATE(AS86,X86),"N/A") -> 46091 | AU86: =IF(COUNT(AQ86:AT86)<AP86,EDATE(AT86,X86),"N/A") -> N/A | AW86: =X86 -> 4 | AX86: =EDATE(AO86,0) -> 45726 | AY86: =IF(COUNT(AX86)<AW86,EDATE(AO86,X86),"N/A") -> 45848 | AZ86: =IF(COUNT(AX86:AY86)<AW86,EDATE(AY86,X86),"N/A") -> 45971 | BA86: =IF(COUNT(AX86:AZ86)<AW86,EDATE(AZ86,X86),"N/A") -> 46091 | BB86: =IF(COUNT(AX86:BA86)<AW86,EDATE(BA86,X86),"N/A") -> N/A
A87: =IF(D87="Masa",CONCATENATE(F87,"_",L87,"_",K87),F87) -> TEC-LAB-MP-20_1g_No indica | B87: =AA87 -> M-10831-25 | C87: Acreditado | D87: Masa | E87: Patron | F87: TEC-LAB-MP-20 | G87: Pesa | H87: Laboratorio de calibracion - Patrones | I87: Fuyue | J87: Cilíndrica | K87: No indica | L87: 1g | M87: N.A | N87: 0,1mg | P87: 0,03 mg | R87: 1 | T87: N.A | U87: OIML F1 | V87: 12 | W87: 12 | X87: 4 | Y87: Externa | Z87: En Servicio | AA87: M-10831-25 | AB87: ALPHA | AC87: 45339 | AE87: 45726 | AF87: =EDATE(AE87,(V87)) -> 46091 | AH87: =DAYS360(TODAY(),AF87) -> -47 | AI87: =IF(Z87="Fuera de servicio","Fuera de servicio",IF(TODAY()-AF87>0,"OJO EQUIPO VENCIDO",DAYS360(TODAY(),AF87)&" DIAS RESTANTES")) -> OJO EQUIPO VENCIDO | AL87: =VLOOKUP(A87,#REF!,21,FALSE) -> #REF! | AM87: =VLOOKUP(A87,#REF!,23,FALSE) -> #REF! | AN87: =AE87 -> 45726 | AO87: 45726 | AP87: =X87 -> 4 | AQ87: =EDATE(AE87,0) -> 45726 | AR87: =IF(COUNT(AQ87)<AP87,EDATE(AE87,X87),"N/A") -> 45848 | AS87: =IF(COUNT(AQ87:AR87)<AP87,EDATE(AR87,X87),"N/A") -> 45971 | AT87: =IF(COUNT(AQ87:AS87)<AP87,EDATE(AS87,X87),"N/A") -> 46091 | AU87: =IF(COUNT(AQ87:AT87)<AP87,EDATE(AT87,X87),"N/A") -> N/A | AW87: =X87 -> 4 | AX87: =EDATE(AO87,0) -> 45726 | AY87: =IF(COUNT(AX87)<AW87,EDATE(AO87,X87),"N/A") -> 45848 | AZ87: =IF(COUNT(AX87:AY87)<AW87,EDATE(AY87,X87),"N/A") -> 45971 | BA87: =IF(COUNT(AX87:AZ87)<AW87,EDATE(AZ87,X87),"N/A") -> 46091 | BB87: =IF(COUNT(AX87:BA87)<AW87,EDATE(BA87,X87),"N/A") -> N/A
A88: =IF(D88="Masa",CONCATENATE(F88,"_",L88,"_",K88),F88) -> TEC-LAB-MP-20_2g_No indica | B88: =AA88 -> M-10831-25 | C88: Acreditado | D88: Masa | E88: Patron | F88: TEC-LAB-MP-20 | G88: Pesa | H88: Laboratorio de calibracion - Patrones | I88: Fuyue | J88: Cilíndrica | K88: No indica | L88: 2g | M88: N.A | N88: 0,12mg | P88: 0,04 mg | R88: 1 | T88: N.A | U88: OIML F1 | V88: 12 | W88: 12 | X88: 4 | Y88: Externa | Z88: En Servicio | AA88: M-10831-25 | AB88: ALPHA | AC88: 45339 | AE88: 45726 | AF88: =EDATE(AE88,(V88)) -> 46091 | AH88: =DAYS360(TODAY(),AF88) -> -47 | AI88: =IF(Z88="Fuera de servicio","Fuera de servicio",IF(TODAY()-AF88>0,"OJO EQUIPO VENCIDO",DAYS360(TODAY(),AF88)&" DIAS RESTANTES")) -> OJO EQUIPO VENCIDO | AL88: =VLOOKUP(A88,#REF!,21,FALSE) -> #REF! | AM88: =VLOOKUP(A88,#REF!,23,FALSE) -> #REF! | AN88: =AE88 -> 45726 | AO88: 45726 | AP88: =X88 -> 4 | AQ88: =EDATE(AE88,0) -> 45726 | AR88: =IF(COUNT(AQ88)<AP88,EDATE(AE88,X88),"N/A") -> 45848 | AS88: =IF(COUNT(AQ88:AR88)<AP88,EDATE(AR88,X88),"N/A") -> 45971 | AT88: =IF(COUNT(AQ88:AS88)<AP88,EDATE(AS88,X88),"N/A") -> 46091 | AU88: =IF(COUNT(AQ88:AT88)<AP88,EDATE(AT88,X88),"N/A") -> N/A | AW88: =X88 -> 4 | AX88: =EDATE(AO88,0) -> 45726 | AY88: =IF(COUNT(AX88)<AW88,EDATE(AO88,X88),"N/A") -> 45848 | AZ88: =IF(COUNT(AX88:AY88)<AW88,EDATE(AY88,X88),"N/A") -> 45971 | BA88: =IF(COUNT(AX88:AZ88)<AW88,EDATE(AZ88,X88),"N/A") -> 46091 | BB88: =IF(COUNT(AX88:BA88)<AW88,EDATE(BA88,X88),"N/A") -> N/A
A89: =IF(D89="Masa",CONCATENATE(F89,"_",L89,"_",K89),F89) -> TEC-LAB-MP-20_2g_PUNTO | B89: =AA89 -> M-10831-25 | C89: Acreditado | D89: Masa | E89: Patron | F89: TEC-LAB-MP-20 | G89: Pesa | H89: Laboratorio de calibracion - Patrones | I89: Fuyue | J89: Cilíndrica | K89: PUNTO | L89: 2g | M89: N.A | N89: 0,12mg | P89: 0,04 mg | R89: 1 | T89: N.A | U89: OIML F1 | V89: 12 | W89: 12 | X89: 4 | Y89: Externa | Z89: En Servicio | AA89: M-10831-25 | AB89: ALPHA | AC89: 45339 | AE89: 45726 | AF89: =EDATE(AE89,(V89)) -> 46091 | AH89: =DAYS360(TODAY(),AF89) -> -47 | AI89: =IF(Z89="Fuera de servicio","Fuera de servicio",IF(TODAY()-AF89>0,"OJO EQUIPO VENCIDO",DAYS360(TODAY(),AF89)&" DIAS RESTANTES")) -> OJO EQUIPO VENCIDO | AL89: =VLOOKUP(A89,#REF!,21,FALSE) -> #REF! | AM89: =VLOOKUP(A89,#REF!,23,FALSE) -> #REF! | AN89: =AE89 -> 45726 | AO89: 45726 | AP89: =X89 -> 4 | AQ89: =EDATE(AE89,0) -> 45726 | AR89: =IF(COUNT(AQ89)<AP89,EDATE(AE89,X89),"N/A") -> 45848 | AS89: =IF(COUNT(AQ89:AR89)<AP89,EDATE(AR89,X89),"N/A") -> 45971 | AT89: =IF(COUNT(AQ89:AS89)<AP89,EDATE(AS89,X89),"N/A") -> 46091 | AU89: =IF(COUNT(AQ89:AT89)<AP89,EDATE(AT89,X89),"N/A") -> N/A | AW89: =X89 -> 4 | AX89: =EDATE(AO89,0) -> 45726 | AY89: =IF(COUNT(AX89)<AW89,EDATE(AO89,X89),"N/A") -> 45848 | AZ89: =IF(COUNT(AX89:AY89)<AW89,EDATE(AY89,X89),"N/A") -> 45971 | BA89: =IF(COUNT(AX89:AZ89)<AW89,EDATE(AZ89,X89),"N/A") -> 46091 | BB89: =IF(COUNT(AX89:BA89)<AW89,EDATE(BA89,X89),"N/A") -> N/A
A90: =IF(D90="Masa",CONCATENATE(F90,"_",L90,"_",K90),F90) -> TEC-LAB-MP-20_5g_No indica | B90: =AA90 -> M-10831-25 | C90: Acreditado | D90: Masa | E90: Patron | F90: TEC-LAB-MP-20 | G90: Pesa | H90: Laboratorio de calibracion - Patrones | I90: Fuyue | J90: Cilíndrica | K90: No indica | L90: 5g | M90: N.A | N90: 0,16mg | P90: 0,05 mg | R90: 1 | T90: N.A | U90: OIML F1 | V90: 12 | W90: 12 | X90: 4 | Y90: Externa | Z90: En Servicio | AA90: M-10831-25 | AB90: ALPHA | AC90: 45339 | AE90: 45726 | AF90: =EDATE(AE90,(V90)) -> 46091 | AH90: =DAYS360(TODAY(),AF90) -> -47 | AI90: =IF(Z90="Fuera de servicio","Fuera de servicio",IF(TODAY()-AF90>0,"OJO EQUIPO VENCIDO",DAYS360(TODAY(),AF90)&" DIAS RESTANTES")) -> OJO EQUIPO VENCIDO | AL90: =VLOOKUP(A90,#REF!,21,FALSE) -> #REF! | AM90: =VLOOKUP(A90,#REF!,23,FALSE) -> #REF! | AN90: =AE90 -> 45726 | AO90: 45726 | AP90: =X90 -> 4 | AQ90: =EDATE(AE90,0) -> 45726 | AR90: =IF(COUNT(AQ90)<AP90,EDATE(AE90,X90),"N/A") -> 45848 | AS90: =IF(COUNT(AQ90:AR90)<AP90,EDATE(AR90,X90),"N/A") -> 45971 | AT90: =IF(COUNT(AQ90:AS90)<AP90,EDATE(AS90,X90),"N/A") -> 46091 | AU90: =IF(COUNT(AQ90:AT90)<AP90,EDATE(AT90,X90),"N/A") -> N/A | AW90: =X90 -> 4 | AX90: =EDATE(AO90,0) -> 45726 | AY90: =IF(COUNT(AX90)<AW90,EDATE(AO90,X90),"N/A") -> 45848 | AZ90: =IF(COUNT(AX90:AY90)<AW90,EDATE(AY90,X90),"N/A") -> 45971 | BA90: =IF(COUNT(AX90:AZ90)<AW90,EDATE(AZ90,X90),"N/A") -> 46091 | BB90: =IF(COUNT(AX90:BA90)<AW90,EDATE(BA90,X90),"N/A") -> N/A
A91: =IF(D91="Masa",CONCATENATE(F91,"_",L91,"_",K91),F91) -> TEC-LAB-MP-20_10g_No indica | B91: =AA91 -> M-10831-25 | C91: Acreditado | D91: Masa | E91: Patron | F91: TEC-LAB-MP-20 | G91: Pesa | H91: Laboratorio de calibracion - Patrones | I91: Fuyue | J91: Cilíndrica | K91: No indica | L91: 10g | M91: N.A | N91: 0,2mg | P91: 0,06 mg | R91: 1 | T91: N.A | U91: OIML F1 | V91: 12 | W91: 12 | X91: 4 | Y91: Externa | Z91: En Servicio | AA91: M-10831-25 | AB91: ALPHA | AC91: 45339 | AE91: 45726 | AF91: =EDATE(AE91,(V91)) -> 46091 | AH91: =DAYS360(TODAY(),AF91) -> -47 | AI91: =IF(Z91="Fuera de servicio","Fuera de servicio",IF(TODAY()-AF91>0,"OJO EQUIPO VENCIDO",DAYS360(TODAY(),AF91)&" DIAS RESTANTES")) -> OJO EQUIPO VENCIDO | AL91: =VLOOKUP(A91,#REF!,21,FALSE) -> #REF! | AM91: =VLOOKUP(A91,#REF!,23,FALSE) -> #REF! | AN91: =AE91 -> 45726 | AO91: 45726 | AP91: =X91 -> 4 | AQ91: =EDATE(AE91,0) -> 45726 | AR91: =IF(COUNT(AQ91)<AP91,EDATE(AE91,X91),"N/A") -> 45848 | AS91: =IF(COUNT(AQ91:AR91)<AP91,EDATE(AR91,X91),"N/A") -> 45971 | AT91: =IF(COUNT(AQ91:AS91)<AP91,EDATE(AS91,X91),"N/A") -> 46091 | AU91: =IF(COUNT(AQ91:AT91)<AP91,EDATE(AT91,X91),"N/A") -> N/A | AW91: =X91 -> 4 | AX91: =EDATE(AO91,0) -> 45726 | AY91: =IF(COUNT(AX91)<AW91,EDATE(AO91,X91),"N/A") -> 45848 | AZ91: =IF(COUNT(AX91:AY91)<AW91,EDATE(AY91,X91),"N/A") -> 45971 | BA91: =IF(COUNT(AX91:AZ91)<AW91,EDATE(AZ91,X91),"N/A") -> 46091 | BB91: =IF(COUNT(AX91:BA91)<AW91,EDATE(BA91,X91),"N/A") -> N/A
A92: =IF(D92="Masa",CONCATENATE(F92,"_",L92,"_",K92),F92) -> TEC-LAB-MP-20_20g_No indica | B92: =AA92 -> M-10831-25 | C92: Acreditado | D92: Masa | E92: Patron | F92: TEC-LAB-MP-20 | G92: Pesa | H92: Laboratorio de calibracion - Patrones | I92: Fuyue | J92: Cilíndrica | K92: No indica | L92: 20g | M92: N.A | N92: 0,25mg | P92: 0,08 mg | R92: 1 | T92: N.A | U92: OIML F1 | V92: 12 | W92: 12 | X92: 4 | Y92: Externa | Z92: En Servicio | AA92: M-10831-25 | AB92: ALPHA | AC92: 45339 | AE92: 45726 | AF92: =EDATE(AE92,(V92)) -> 46091 | AH92: =DAYS360(TODAY(),AF92) -> -47 | AI92: =IF(Z92="Fuera de servicio","Fuera de servicio",IF(TODAY()-AF92>0,"OJO EQUIPO VENCIDO",DAYS360(TODAY(),AF92)&" DIAS RESTANTES")) -> OJO EQUIPO VENCIDO | AL92: =VLOOKUP(A92,#REF!,21,FALSE) -> #REF! | AM92: =VLOOKUP(A92,#REF!,23,FALSE) -> #REF! | AN92: =AE92 -> 45726 | AO92: 45726 | AP92: =X92 -> 4 | AQ92: =EDATE(AE92,0) -> 45726 | AR92: =IF(COUNT(AQ92)<AP92,EDATE(AE92,X92),"N/A") -> 45848 | AS92: =IF(COUNT(AQ92:AR92)<AP92,EDATE(AR92,X92),"N/A") -> 45971 | AT92: =IF(COUNT(AQ92:AS92)<AP92,EDATE(AS92,X92),"N/A") -> 46091 | AU92: =IF(COUNT(AQ92:AT92)<AP92,EDATE(AT92,X92),"N/A") -> N/A | AW92: =X92 -> 4 | AX92: =EDATE(AO92,0) -> 45726 | AY92: =IF(COUNT(AX92)<AW92,EDATE(AO92,X92),"N/A") -> 45848 | AZ92: =IF(COUNT(AX92:AY92)<AW92,EDATE(AY92,X92),"N/A") -> 45971 | BA92: =IF(COUNT(AX92:AZ92)<AW92,EDATE(AZ92,X92),"N/A") -> 46091 | BB92: =IF(COUNT(AX92:BA92)<AW92,EDATE(BA92,X92),"N/A") -> N/A
A93: =IF(D93="Masa",CONCATENATE(F93,"_",L93,"_",K93),F93) -> TEC-LAB-MP-20_20g_PUNTO | B93: =AA93 -> M-10831-25 | C93: Acreditado | D93: Masa | E93: Patron | F93: TEC-LAB-MP-20 | G93: Pesa | H93: Laboratorio de calibracion - Patrones | I93: Fuyue | J93: Cilíndrica | K93: PUNTO | L93: 20g | M93: N.A | N93: 0,25mg | P93: 0,08 mg | R93: 1 | T93: N.A | U93: OIML F1 | V93: 12 | W93: 12 | X93: 4 | Y93: Externa | Z93: En Servicio | AA93: M-10831-25 | AB93: ALPHA | AC93: 45339 | AE93: 45726 | AF93: =EDATE(AE93,(V93)) -> 46091 | AH93: =DAYS360(TODAY(),AF93) -> -47 | AI93: =IF(Z93="Fuera de servicio","Fuera de servicio",IF(TODAY()-AF93>0,"OJO EQUIPO VENCIDO",DAYS360(TODAY(),AF93)&" DIAS RESTANTES")) -> OJO EQUIPO VENCIDO | AL93: =VLOOKUP(A93,#REF!,21,FALSE) -> #REF! | AM93: =VLOOKUP(A93,#REF!,23,FALSE) -> #REF! | AN93: =AE93 -> 45726 | AO93: 45726 | AP93: =X93 -> 4 | AQ93: =EDATE(AE93,0) -> 45726 | AR93: =IF(COUNT(AQ93)<AP93,EDATE(AE93,X93),"N/A") -> 45848 | AS93: =IF(COUNT(AQ93:AR93)<AP93,EDATE(AR93,X93),"N/A") -> 45971 | AT93: =IF(COUNT(AQ93:AS93)<AP93,EDATE(AS93,X93),"N/A") -> 46091 | AU93: =IF(COUNT(AQ93:AT93)<AP93,EDATE(AT93,X93),"N/A") -> N/A | AW93: =X93 -> 4 | AX93: =EDATE(AO93,0) -> 45726 | AY93: =IF(COUNT(AX93)<AW93,EDATE(AO93,X93),"N/A") -> 45848 | AZ93: =IF(COUNT(AX93:AY93)<AW93,EDATE(AY93,X93),"N/A") -> 45971 | BA93: =IF(COUNT(AX93:AZ93)<AW93,EDATE(AZ93,X93),"N/A") -> 46091 | BB93: =IF(COUNT(AX93:BA93)<AW93,EDATE(BA93,X93),"N/A") -> N/A
A94: =IF(D94="Masa",CONCATENATE(F94,"_",L94,"_",K94),F94) -> TEC-LAB-MP-20_50g_No indica | B94: =AA94 -> M-10831-25 | C94: Acreditado | D94: Masa | E94: Patron | F94: TEC-LAB-MP-20 | G94: Pesa | H94: Laboratorio de calibracion - Patrones | I94: Fuyue | J94: Cilíndrica | K94: No indica | L94: 50g | M94: N.A | N94: 0,3mg | P94: 0,1 mg | R94: 1 | T94: N.A | U94: OIML F1 | V94: 12 | W94: 12 | X94: 4 | Y94: Externa | Z94: En Servicio | AA94: M-10831-25 | AB94: ALPHA | AC94: 45339 | AE94: 45726 | AF94: =EDATE(AE94,(V94)) -> 46091 | AH94: =DAYS360(TODAY(),AF94) -> -47 | AI94: =IF(Z94="Fuera de servicio","Fuera de servicio",IF(TODAY()-AF94>0,"OJO EQUIPO VENCIDO",DAYS360(TODAY(),AF94)&" DIAS RESTANTES")) -> OJO EQUIPO VENCIDO | AL94: =VLOOKUP(A94,#REF!,21,FALSE) -> #REF! | AM94: =VLOOKUP(A94,#REF!,23,FALSE) -> #REF! | AN94: =AE94 -> 45726 | AO94: 45726 | AP94: =X94 -> 4 | AQ94: =EDATE(AE94,0) -> 45726 | AR94: =IF(COUNT(AQ94)<AP94,EDATE(AE94,X94),"N/A") -> 45848 | AS94: =IF(COUNT(AQ94:AR94)<AP94,EDATE(AR94,X94),"N/A") -> 45971 | AT94: =IF(COUNT(AQ94:AS94)<AP94,EDATE(AS94,X94),"N/A") -> 46091 | AU94: =IF(COUNT(AQ94:AT94)<AP94,EDATE(AT94,X94),"N/A") -> N/A | AW94: =X94 -> 4 | AX94: =EDATE(AO94,0) -> 45726 | AY94: =IF(COUNT(AX94)<AW94,EDATE(AO94,X94),"N/A") -> 45848 | AZ94: =IF(COUNT(AX94:AY94)<AW94,EDATE(AY94,X94),"N/A") -> 45971 | BA94: =IF(COUNT(AX94:AZ94)<AW94,EDATE(AZ94,X94),"N/A") -> 46091 | BB94: =IF(COUNT(AX94:BA94)<AW94,EDATE(BA94,X94),"N/A") -> N/A
A95: =IF(D95="Masa",CONCATENATE(F95,"_",L95,"_",K95),F95) -> TEC-LAB-MP-20_100g_No indica | B95: =AA95 -> M-10831-25 | C95: Acreditado | D95: Masa | E95: Patron | F95: TEC-LAB-MP-20 | G95: Pesa | H95: Laboratorio de calibracion - Patrones | I95: Fuyue | J95: Cilíndrica | K95: No indica | L95: 100g | M95: N.A | N95: 0,5mg | P95: 0,16 mg | R95: 1 | T95: N.A | U95: OIML F1 | V95: 12 | W95: 12 | X95: 4 | Y95: Externa | Z95: En Servicio | AA95: M-10831-25 | AB95: ALPHA | AC95: 45339 | AE95: 45726 | AF95: =EDATE(AE95,(V95)) -> 46091 | AH95: =DAYS360(TODAY(),AF95) -> -47 | AI95: =IF(Z95="Fuera de servicio","Fuera de servicio",IF(TODAY()-AF95>0,"OJO EQUIPO VENCIDO",DAYS360(TODAY(),AF95)&" DIAS RESTANTES")) -> OJO EQUIPO VENCIDO | AL95: =VLOOKUP(A95,#REF!,21,FALSE) -> #REF! | AM95: =VLOOKUP(A95,#REF!,23,FALSE) -> #REF! | AN95: =AE95 -> 45726 | AO95: 45726 | AP95: =X95 -> 4 | AQ95: =EDATE(AE95,0) -> 45726 | AR95: =IF(COUNT(AQ95)<AP95,EDATE(AE95,X95),"N/A") -> 45848 | AS95: =IF(COUNT(AQ95:AR95)<AP95,EDATE(AR95,X95),"N/A") -> 45971 | AT95: =IF(COUNT(AQ95:AS95)<AP95,EDATE(AS95,X95),"N/A") -> 46091 | AU95: =IF(COUNT(AQ95:AT95)<AP95,EDATE(AT95,X95),"N/A") -> N/A | AW95: =X95 -> 4 | AX95: =EDATE(AO95,0) -> 45726 | AY95: =IF(COUNT(AX95)<AW95,EDATE(AO95,X95),"N/A") -> 45848 | AZ95: =IF(COUNT(AX95:AY95)<AW95,EDATE(AY95,X95),"N/A") -> 45971 | BA95: =IF(COUNT(AX95:AZ95)<AW95,EDATE(AZ95,X95),"N/A") -> 46091 | BB95: =IF(COUNT(AX95:BA95)<AW95,EDATE(BA95,X95),"N/A") -> N/A
A96: =IF(D96="Masa",CONCATENATE(F96,"_",L96,"_",K96),F96) -> TEC-LAB-MP-20_200g_No indica | B96: =AA96 -> M-10831-25 | C96: Acreditado | D96: Masa | E96: Patron | F96: TEC-LAB-MP-20 | G96: Pesa | H96: Laboratorio de calibracion - Patrones | I96: Fuyue | J96: Cilíndrica | K96: No indica | L96: 200g | M96: N.A | N96: 1mg | P96: 0,3 mg | R96: 1 | T96: N.A | U96: OIML F1 | V96: 12 | W96: 12 | X96: 4 | Y96: Externa | Z96: En Servicio | AA96: M-10831-25 | AB96: ALPHA | AC96: 45339 | AE96: 45726 | AF96: =EDATE(AE96,(V96)) -> 46091 | AH96: =DAYS360(TODAY(),AF96) -> -47 | AI96: =IF(Z96="Fuera de servicio","Fuera de servicio",IF(TODAY()-AF96>0,"OJO EQUIPO VENCIDO",DAYS360(TODAY(),AF96)&" DIAS RESTANTES")) -> OJO EQUIPO VENCIDO | AL96: =VLOOKUP(A96,#REF!,21,FALSE) -> #REF! | AM96: =VLOOKUP(A96,#REF!,23,FALSE) -> #REF! | AN96: =AE96 -> 45726 | AO96: 45726 | AP96: =X96 -> 4 | AQ96: =EDATE(AE96,0) -> 45726 | AR96: =IF(COUNT(AQ96)<AP96,EDATE(AE96,X96),"N/A") -> 45848 | AS96: =IF(COUNT(AQ96:AR96)<AP96,EDATE(AR96,X96),"N/A") -> 45971 | AT96: =IF(COUNT(AQ96:AS96)<AP96,EDATE(AS96,X96),"N/A") -> 46091 | AU96: =IF(COUNT(AQ96:AT96)<AP96,EDATE(AT96,X96),"N/A") -> N/A | AW96: =X96 -> 4 | AX96: =EDATE(AO96,0) -> 45726 | AY96: =IF(COUNT(AX96)<AW96,EDATE(AO96,X96),"N/A") -> 45848 | AZ96: =IF(COUNT(AX96:AY96)<AW96,EDATE(AY96,X96),"N/A") -> 45971 | BA96: =IF(COUNT(AX96:AZ96)<AW96,EDATE(AZ96,X96),"N/A") -> 46091 | BB96: =IF(COUNT(AX96:BA96)<AW96,EDATE(BA96,X96),"N/A") -> N/A
A97: =IF(D97="Masa",CONCATENATE(F97,"_",L97,"_",K97),F97) -> TEC-LAB-MP-20_200g_PUNTO | B97: =AA97 -> M-10831-25 | C97: Acreditado | D97: Masa | E97: Patron | F97: TEC-LAB-MP-20 | G97: Pesa | H97: Laboratorio de calibracion - Patrones | I97: Fuyue | J97: Cilíndrica | K97: PUNTO | L97: 200g | M97: N.A | N97: 1mg | P97: 0,3 mg | R97: 1 | T97: N.A | U97: OIML F1 | V97: 12 | W97: 12 | X97: 4 | Y97: Externa | Z97: En Servicio | AA97: M-10831-25 | AB97: ALPHA | AC97: 45339 | AE97: 45726 | AF97: =EDATE(AE97,(V97)) -> 46091 | AH97: =DAYS360(TODAY(),AF97) -> -47 | AI97: =IF(Z97="Fuera de servicio","Fuera de servicio",IF(TODAY()-AF97>0,"OJO EQUIPO VENCIDO",DAYS360(TODAY(),AF97)&" DIAS RESTANTES")) -> OJO EQUIPO VENCIDO | AL97: =VLOOKUP(A97,#REF!,21,FALSE) -> #REF! | AM97: =VLOOKUP(A97,#REF!,23,FALSE) -> #REF! | AN97: =AE97 -> 45726 | AO97: 45726 | AP97: =X97 -> 4 | AQ97: =EDATE(AE97,0) -> 45726 | AR97: =IF(COUNT(AQ97)<AP97,EDATE(AE97,X97),"N/A") -> 45848 | AS97: =IF(COUNT(AQ97:AR97)<AP97,EDATE(AR97,X97),"N/A") -> 45971 | AT97: =IF(COUNT(AQ97:AS97)<AP97,EDATE(AS97,X97),"N/A") -> 46091 | AU97: =IF(COUNT(AQ97:AT97)<AP97,EDATE(AT97,X97),"N/A") -> N/A | AW97: =X97 -> 4 | AX97: =EDATE(AO97,0) -> 45726 | AY97: =IF(COUNT(AX97)<AW97,EDATE(AO97,X97),"N/A") -> 45848 | AZ97: =IF(COUNT(AX97:AY97)<AW97,EDATE(AY97,X97),"N/A") -> 45971 | BA97: =IF(COUNT(AX97:AZ97)<AW97,EDATE(AZ97,X97),"N/A") -> 46091 | BB97: =IF(COUNT(AX97:BA97)<AW97,EDATE(BA97,X97),"N/A") -> N/A
A98: =IF(D98="Masa",CONCATENATE(F98,"_",L98,"_",K98),F98) -> TEC-LAB-MP-20_500g_No indica | B98: =AA98 -> M-10831-25 | C98: Acreditado | D98: Masa | E98: Patron | F98: TEC-LAB-MP-20 | G98: Pesa | H98: Laboratorio de calibracion - Patrones | I98: Fuyue | J98: Cilíndrica | K98: No indica | L98: 500g | M98: N.A | N98: 2,5mg | P98: 0,8 mg | R98: 1 | T98: N.A | U98: OIML F1 | V98: 12 | W98: 12 | X98: 4 | Y98: Externa | Z98: En Servicio | AA98: M-10831-25 | AB98: ALPHA | AC98: 45339 | AE98: 45726 | AF98: =EDATE(AE98,(V98)) -> 46091 | AH98: =DAYS360(TODAY(),AF98) -> -47 | AI98: =IF(Z98="Fuera de servicio","Fuera de servicio",IF(TODAY()-AF98>0,"OJO EQUIPO VENCIDO",DAYS360(TODAY(),AF98)&" DIAS RESTANTES")) -> OJO EQUIPO VENCIDO | AL98: =VLOOKUP(A98,#REF!,21,FALSE) -> #REF! | AM98: =VLOOKUP(A98,#REF!,23,FALSE) -> #REF! | AN98: =AE98 -> 45726 | AO98: 45726 | AP98: =X98 -> 4 | AQ98: =EDATE(AE98,0) -> 45726 | AR98: =IF(COUNT(AQ98)<AP98,EDATE(AE98,X98),"N/A") -> 45848 | AS98: =IF(COUNT(AQ98:AR98)<AP98,EDATE(AR98,X98),"N/A") -> 45971 | AT98: =IF(COUNT(AQ98:AS98)<AP98,EDATE(AS98,X98),"N/A") -> 46091 | AU98: =IF(COUNT(AQ98:AT98)<AP98,EDATE(AT98,X98),"N/A") -> N/A | AW98: =X98 -> 4 | AX98: =EDATE(AO98,0) -> 45726 | AY98: =IF(COUNT(AX98)<AW98,EDATE(AO98,X98),"N/A") -> 45848 | AZ98: =IF(COUNT(AX98:AY98)<AW98,EDATE(AY98,X98),"N/A") -> 45971 | BA98: =IF(COUNT(AX98:AZ98)<AW98,EDATE(AZ98,X98),"N/A") -> 46091 | BB98: =IF(COUNT(AX98:BA98)<AW98,EDATE(BA98,X98),"N/A") -> N/A
... A101: =IF(D101="Masa",CONCATENATE(F101,"_",L101,"_",K101),F101) -> TEC-LAB-MP-20_2Kg_PUNTO | B101: =AA101 -> M-10831-25 | C101: Acreditado | D101: Masa | E101: Patron | F101: TEC-LAB-MP-20 | G101: Pesa | H101: Laboratorio de calibracion - Patrones | I101: Fuyue | J101: Cilíndrica | K101: PUNTO | L101: 2Kg | M101: N.A | N101: 0,01mg | P101: 3 mg | R101: 1 | T101: N.A | U101: OIML F1 | V101: 12 | W101: 12 | X101: 4 | Y101: Externa | Z101: En Servicio | AA101: M-10831-25 | AB101: ALPHA | AC101: 45339 | AE101: 45726 | AF101: =EDATE(AE101,(V101)) -> 46091 | AH101: =DAYS360(TODAY(),AF101) -> -47 | AI101: =IF(Z101="Fuera de servicio","Fuera de servicio",IF(TODAY()-AF101>0,"OJO EQUIPO VENCIDO",DAYS360(TODAY(),AF101)&" DIAS RESTANTES")) -> OJO EQUIPO VENCIDO | AL101: =VLOOKUP(A101,#REF!,21,FALSE) -> #REF! | AM101: =VLOOKUP(A101,#REF!,23,FALSE) -> #REF! | AN101: =AE101 -> 45726 | AO101: 45726 | AP101: =X101 -> 4 | AQ101: =EDATE(AE101,0) -> 45726 | AR101: =IF(COUNT(AQ101)<AP101,EDATE(AE101,X101),"N/A") -> 45848 | AS101: =IF(COUNT(AQ101:AR101)<AP101,EDATE(AR101,X101),"N/A") -> 45971 | AT101: =IF(COUNT(AQ101:AS101)<AP101,EDATE(AS101,X101),"N/A") -> 46091 | AU101: =IF(COUNT(AQ101:AT101)<AP101,EDATE(AT101,X101),"N/A") -> N/A | AW101: =X101 -> 4 | AX101: =EDATE(AO101,0) -> 45726 | AY101: =IF(COUNT(AX101)<AW101,EDATE(AO101,X101),"N/A") -> 45848 | AZ101: =IF(COUNT(AX101:AY101)<AW101,EDATE(AY101,X101),"N/A") -> 45971 | BA101: =IF(COUNT(AX101:AZ101)<AW101,EDATE(AZ101,X101),"N/A") -> 46091 | BB101: =IF(COUNT(AX101:BA101)<AW101,EDATE(BA101,X101),"N/A") -> N/A
A102: =IF(D102="Masa",CONCATENATE(F102,"_",L102,"_",K102),F102) -> TEC-LAB-BA-07 | B102: =AA102 -> TM463-25A_ TM464-25A | C102: Acreditado | D102: EPFNA | E102: Patron | F102: TEC-LAB-BA-07 | G102: Balanza semimicro | H102: Laboratorio de Volumen | I102: Ohaus | J102: EX225 D | K102: B749094701 | L102: 0,001 g hasta 220 g | M102: 0,01 mg/0,1 mg | N102: 0,1 mg | O102: Linealidad: 0,1mg_ Repetibilidad: 0,015 mg | P102: 0,015 mg _ 0,15 mg | R102: N.A | T102: N.A | U102: 1 | V102: 12 | W102: 12 | X102: 4 | Y102: Interna | Z102: En Servicio | AA102: TM463-25A_ TM464-25A | AB102: TECSERVICE S.A.S | AE102: 45832 | AF102: =EDATE(AE102,(V102)) -> 46197 | AH102: =DAYS360(TODAY(),AF102) -> 57 | AI102: =IF(Z102="Fuera de servicio","Fuera de servicio",IF(TODAY()-AF102>0,"OJO EQUIPO VENCIDO",DAYS360(TODAY(),AF102)&" DIAS RESTANTES")) -> 57 DIAS RESTANTES | AL102: =VLOOKUP(A102,#REF!,21,FALSE) -> #REF! | AM102: =VLOOKUP(A102,#REF!,23,FALSE) -> #REF! | AN102: =AE102 -> 45832 | AO102: 45672 | AP102: =X102 -> 4 | AQ102: =EDATE(AE102,0) -> 45832 | AR102: =IF(COUNT(AQ102)<AP102,EDATE(AE102,X102),"N/A") -> 45954 | AS102: =IF(COUNT(AQ102:AR102)<AP102,EDATE(AR102,X102),"N/A") -> 46077 | AT102: =IF(COUNT(AQ102:AS102)<AP102,EDATE(AS102,X102),"N/A") -> 46197 | AU102: =IF(COUNT(AQ102:AT102)<AP102,EDATE(AT102,X102),"N/A") -> N/A | AW102: =X102 -> 4 | AX102: =EDATE(AO102,0) -> 45672 | AY102: =IF(COUNT(AX102)<AW102,EDATE(AO102,X102),"N/A") -> 45792 | AZ102: =IF(COUNT(AX102:AY102)<AW102,EDATE(AY102,X102),"N/A") -> 45915 | BA102: =IF(COUNT(AX102:AZ102)<AW102,EDATE(AZ102,X102),"N/A") -> 46037 | BB102: =IF(COUNT(AX102:BA102)<AW102,EDATE(BA102,X102),"N/A") -> N/A
A103: =IF(D103="Masa",CONCATENATE(F103,"_",L103,"_",K103),F103) -> TEC-LAB-BA-04 | B103: =AA103 -> TM465-25A | C103: Acreditado | D103: EPFNA | E103: Patron | F103: TEC-LAB-BA-04 | G103: Balanza de precisión | H103: Laboratorio de Volumen | I103: Mettler Toledo | J103: PR1203 | K103: 1122070004 | L103: 0 g hasta 1200 g | M103: 0,001 g | N103: 0,002 g | O103: Linealidad: 0,002 g_ Repetibilidad: 0,001 g | P103: 0,0015 mg | R103: N.A | T103: N.A | U103: 1 | V103: 12 | W103: 12 | X103: 4 | Y103: Interna | Z103: En Servicio | AA103: TM465-25A | AB103: TECSERVICE S.A.S | AE103: 45832 | AF103: =EDATE(AE103,(V103)) -> 46197 | AH103: =DAYS360(TODAY(),AF103) -> 57 | AI103: =IF(Z103="Fuera de servicio","Fuera de servicio",IF(TODAY()-AF103>0,"OJO EQUIPO VENCIDO",DAYS360(TODAY(),AF103)&" DIAS RESTANTES")) -> 57 DIAS RESTANTES | AL103: =VLOOKUP(A103,#REF!,21,FALSE) -> #REF! | AM103: =VLOOKUP(A103,#REF!,23,FALSE) -> #REF! | AN103: =AE103 -> 45832 | AO103: 45672 | AP103: =X103 -> 4 | AQ103: =EDATE(AE103,0) -> 45832 | AR103: =IF(COUNT(AQ103)<AP103,EDATE(AE103,X103),"N/A") -> 45954 | AS103: =IF(COUNT(AQ103:AR103)<AP103,EDATE(AR103,X103),"N/A") -> 46077 | AT103: =IF(COUNT(AQ103:AS103)<AP103,EDATE(AS103,X103),"N/A") -> 46197 | AU103: =IF(COUNT(AQ103:AT103)<AP103,EDATE(AT103,X103),"N/A") -> N/A | AW103: =X103 -> 4 | AX103: =EDATE(AO103,0) -> 45672 | AY103: =IF(COUNT(AX103)<AW103,EDATE(AO103,X103),"N/A") -> 45792 | AZ103: =IF(COUNT(AX103:AY103)<AW103,EDATE(AY103,X103),"N/A") -> 45915 | BA103: =IF(COUNT(AX103:AZ103)<AW103,EDATE(AZ103,X103),"N/A") -> 46037 | BB103: =IF(COUNT(AX103:BA103)<AW103,EDATE(BA103,X103),"N/A") -> N/A
A104: =IF(D104="Masa",CONCATENATE(F104,"_",L104,"_",K104),F104) -> TEC-LAB-BA-05 | B104: =AA104 -> TM466-25A | C104: Acreditado | D104: EPFNA | E104: Patron | F104: TEC-LAB-BA-05 | G104: Balanza de precisión | H104: Laboratorio de Volumen | I104: Mettler Toledo | J104: PR8002 | K104: 1116031932 | L104: 0 g hasta 8102 g | M104: 0,01 g | N104: 0,02 g | O104: Linealidad: 0,02 g_ Repetibilidad: 0,01 g | P104: 0,015 g | R104: N.A | T104: N.A | U104: 2 | V104: 12 | W104: 12 | X104: 4 | Y104: Interna | Z104: En Servicio | AA104: TM466-25A | AB104: TECSERVICE S.A.S | AE104: 45832 | AF104: =EDATE(AE104,(V104)) -> 46197 | AH104: =DAYS360(TODAY(),AF104) -> 57 | AI104: =IF(Z104="Fuera de servicio","Fuera de servicio",IF(TODAY()-AF104>0,"OJO EQUIPO VENCIDO",DAYS360(TODAY(),AF104)&" DIAS RESTANTES")) -> 57 DIAS RESTANTES | AL104: =VLOOKUP(A104,#REF!,21,FALSE) -> #REF! | AM104: =VLOOKUP(A104,#REF!,23,FALSE) -> #REF! | AN104: =AE104 -> 45832 | AO104: 45672 | AP104: =X104 -> 4 | AQ104: =EDATE(AE104,0) -> 45832 | AR104: =IF(COUNT(AQ104)<AP104,EDATE(AE104,X104),"N/A") -> 45954 | AS104: =IF(COUNT(AQ104:AR104)<AP104,EDATE(AR104,X104),"N/A") -> 46077 | AT104: =IF(COUNT(AQ104:AS104)<AP104,EDATE(AS104,X104),"N/A") -> 46197 | AU104: =IF(COUNT(AQ104:AT104)<AP104,EDATE(AT104,X104),"N/A") -> N/A | AW104: =X104 -> 4 | AX104: =EDATE(AO104,0) -> 45672 | AY104: =IF(COUNT(AX104)<AW104,EDATE(AO104,X104),"N/A") -> 45792 | AZ104: =IF(COUNT(AX104:AY104)<AW104,EDATE(AY104,X104),"N/A") -> 45915 | BA104: =IF(COUNT(AX104:AZ104)<AW104,EDATE(AZ104,X104),"N/A") -> 46037 | BB104: =IF(COUNT(AX104:BA104)<AW104,EDATE(BA104,X104),"N/A") -> N/A
A105: =IF(D105="Masa",CONCATENATE(F105,"_",L105,"_",K105),F105) -> TEC-LAB-BA-08 | B105: =AA105 -> TM467-25A | C105: Acreditado | D105: EPFNA | E105: Patron | F105: TEC-LAB-BA-08 | G105: Balanza de precisión | H105: Laboratorio de Volumen | I105: Mettler Toledo | J105: PM30000-K | K105: N.I | L105: 0 A 30000 g | M105: 0,1 g | N105: 0,2 g | O105: Linealidad: 0,2 g_ Repetibilidad: 0,1 g | P105: 0,15 g | R105: N.A | T105: N.A | U105: 3 | V105: 12 | W105: 12 | X105: 4 | Y105: Interna | Z105: En Servicio | AA105: TM467-25A | AB105: TECSERVICE S.A.S | AE105: 45832 | AF105: =EDATE(AE105,(V105)) -> 46197 | AH105: =DAYS360(TODAY(),AF105) -> 57 | AI105: =IF(Z105="Fuera de servicio","Fuera de servicio",IF(TODAY()-AF105>0,"OJO EQUIPO VENCIDO",DAYS360(TODAY(),AF105)&" DIAS RESTANTES")) -> 57 DIAS RESTANTES | AL105: =VLOOKUP(A105,#REF!,21,FALSE) -> #REF! | AM105: =VLOOKUP(A105,#REF!,23,FALSE) -> #REF! | AN105: =AE105 -> 45832 | AO105: 45672 | AP105: =X105 -> 4 | AQ105: =EDATE(AE105,0) -> 45832 | AR105: =IF(COUNT(AQ105)<AP105,EDATE(AE105,X105),"N/A") -> 45954 | AS105: =IF(COUNT(AQ105:AR105)<AP105,EDATE(AR105,X105),"N/A") -> 46077 | AT105: =IF(COUNT(AQ105:AS105)<AP105,EDATE(AS105,X105),"N/A") -> 46197 | AU105: =IF(COUNT(AQ105:AT105)<AP105,EDATE(AT105,X105),"N/A") -> N/A | AW105: =X105 -> 4 | AX105: =EDATE(AO105,0) -> 45672 | AY105: =IF(COUNT(AX105)<AW105,EDATE(AO105,X105),"N/A") -> 45792 | AZ105: =IF(COUNT(AX105:AY105)<AW105,EDATE(AY105,X105),"N/A") -> 45915 | BA105: =IF(COUNT(AX105:AZ105)<AW105,EDATE(AZ105,X105),"N/A") -> 46037 | BB105: =IF(COUNT(AX105:BA105)<AW105,EDATE(BA105,X105),"N/A") -> N/A
A106: =IF(D106="Masa",CONCATENATE(F106,"_",L106,"_",K106),F106) -> TEC-LAB-TEM-03 | B106: =AA106 -> 33519 C | C106: No Acreditado | D106: Temperatura | E106: Patron | F106: TEC-LAB-TEM-03 | G106: Termómetro digital | H106: Laboratorio de Temperatura | I106: Fluke | J106: 51 II | K106: 19990206. | L106: -200 °C a 1372 °C | M106: 0,1 °C | N106: Tipo J, K, T, E y N: ±[0.05 % + 0.3 °C] | O106: Tipo J, K, T, E y N: ±[0.05 % + 0.3 °C] | P106: (0,019)-(0,047)-(0,13)-(2,4) | R106: 1 | T106: (100°C)-(400°C-600°C)-(900°C)-(1100°C) | U106: N.A | V106: 15 | W106: 15 | X106: 4 | Y106: Externa | Z106: En Servicio | AA106: 33519 C | AB106: Metrologic de Colombia S.A.S. | AC106: 45075 | AD106: =AC106+365 -> 45440 | AE106: 45819 | AF106: =EDATE(AE106,(V106)) -> 46276 | AG106: Se solicito cotizacion a proveedores Tesla y Metrologic 2025-04-08/ se envio solicitud de compra 2025-04-30, Aprobado para Metrologic, Enviar cuando llegue nuevo sensor de temperatura. | AH106: =DAYS360(TODAY(),AF106) -> 134 | AI106: =IF(Z106="Fuera de servicio","Fuera de servicio",IF(TODAY()-AF106>0,"OJO EQUIPO VENCIDO",DAYS360(TODAY(),AF106)&" DIAS RESTANTES")) -> 134 DIAS RESTANTES | AL106: =VLOOKUP(A106,#REF!,21,FALSE) -> #REF! | AM106: =VLOOKUP(A106,#REF!,23,FALSE) -> #REF! | AN106: =AE106 -> 45819 | AO106: 45703 | AP106: =X106 -> 4 | AQ106: =EDATE(AE106,0) -> 45819 | AR106: =IF(COUNT(AQ106)<AP106,EDATE(AE106,X106),"N/A") -> 45941 | AS106: =IF(COUNT(AQ106:AR106)<AP106,EDATE(AR106,X106),"N/A") -> 46064 | AT106: =IF(COUNT(AQ106:AS106)<AP106,EDATE(AS106,X106),"N/A") -> 46184 | AU106: =IF(COUNT(AQ106:AT106)<AP106,EDATE(AT106,X106),"N/A") -> N/A | AW106: =X106 -> 4 | AX106: =EDATE(AO106,0) -> 45703 | AY106: =IF(COUNT(AX106)<AW106,EDATE(AO106,X106),"N/A") -> 45823 | AZ106: =IF(COUNT(AX106:AY106)<AW106,EDATE(AY106,X106),"N/A") -> 45945 | BA106: =IF(COUNT(AX106:AZ106)<AW106,EDATE(AZ106,X106),"N/A") -> 46068 | BB106: =IF(COUNT(AX106:BA106)<AW106,EDATE(BA106,X106),"N/A") -> N/A
A107: =IF(D107="Masa",CONCATENATE(F107,"_",L107,"_",K107),F107) -> TEC-LAB-TEM-11 | B107: =AA107 -> TLM-T-3271 | C107: Acreditado | D107: Temperatura | E107: Auxiliar | F107: TEC-LAB-TEM-11 | G107: Termómetro digital | H107: Laboratorio de Temperatura | I107: OAKTON | J107: 360 | K107: 4004667 | L107: -201 to 1210°C | M107: 0,01 °C | N107: ± 1 hasta 200 °C y ± 1,5 hasta 300°C | O107: ±0,1 °C From -330,0 to -100 °C ±0,03 °C From -99,99 to 99,99 °C ±0,1 °C From 100,0 to 999,9 °C ±1 °C: Above 1000 °C | P107: TUR 3 | R107: 1 | T107: (-30°C,0°C)-(100°C)-(300°C) | U107: N.A | V107: 12 | W107: 12 | X107: 4 | Y107: Externa | Z107: En Servicio | AA107: TLM-T-3271 | AB107: TESLA | AC107: ? | AE107: 45735 | AF107: =EDATE(AE107,(V107)) -> 46100 | AH107: =DAYS360(TODAY(),AF107) -> -38 | AI107: =IF(Z107="Fuera de servicio","Fuera de servicio",IF(TODAY()-AF107>0,"OJO EQUIPO VENCIDO",DAYS360(TODAY(),AF107)&" DIAS RESTANTES")) -> OJO EQUIPO VENCIDO | AJ107: 2025-01-20_ Se solicito calibracion a Tesla | AL107: =VLOOKUP(A107,#REF!,21,FALSE) -> #REF! | AM107: =VLOOKUP(A107,#REF!,23,FALSE) -> #REF! | AN107: =AE107 -> 45735 | AO107: 45735 | AP107: =X107 -> 4 | AQ107: =EDATE(AE107,0) -> 45735 | AR107: =IF(COUNT(AQ107)<AP107,EDATE(AE107,X107),"N/A") -> 45857 | AS107: =IF(COUNT(AQ107:AR107)<AP107,EDATE(AR107,X107),"N/A") -> 45980 | AT107: =IF(COUNT(AQ107:AS107)<AP107,EDATE(AS107,X107),"N/A") -> 46100 | AU107: =IF(COUNT(AQ107:AT107)<AP107,EDATE(AT107,X107),"N/A") -> N/A | AW107: =X107 -> 4 | AX107: =EDATE(AO107,0) -> 45735 | AY107: =IF(COUNT(AX107)<AW107,EDATE(AO107,X107),"N/A") -> 45857 | AZ107: =IF(COUNT(AX107:AY107)<AW107,EDATE(AY107,X107),"N/A") -> 45980 | BA107: =IF(COUNT(AX107:AZ107)<AW107,EDATE(AZ107,X107),"N/A") -> 46100 | BB107: =IF(COUNT(AX107:BA107)<AW107,EDATE(BA107,X107),"N/A") -> N/A
A108: =IF(D108="Masa",CONCATENATE(F108,"_",L108,"_",K108),F108) -> TEC-LAB-TEM-18 | B108: =AA108 -> TLM-T-3863_ TLM-T-3864 | C108: No Acreditado | D108: Temperatura | E108: Patron | F108: TEC-LAB-TEM-18 | G108: Termómetro digital | H108: Laboratorio de Temperatura | I108: AccuMac | J108: AM8060 / AM1730 | K108: 60150700 / 1621175 | L108: -200°C A 850°C | M108: 0,001°C | N108: ± 0,6 hasta 200 °C y ± 1 hasta 420°C | O108: ±0,008 °C @ 0 °C ±0,009 °C @ 232 °C ±0,015 °C @ 420 °C | P108: TUR 3 | R108: 2 | T108: (30 °C)- (0 °C) -(100 °C)- (200 °C)-( 300 °C) Y( 405 °C) | U108: N.A | V108: 24 | W108: 24 | X108: 4 | Y108: Externa | Z108: En Servicio | AA108: TLM-T-3863_ TLM-T-3864 | AB108: Metrologic de Colombia S.A.S. | AC108: 45101 | AD108: 45467 | AE108: 45870 | AF108: =EDATE(AE108,(V108)) -> 46600 | AG108: Se solicito gestion de compra el 2025-06-19 | AH108: =DAYS360(TODAY(),AF108) -> 454 | AI108: =IF(Z108="Fuera de servicio","Fuera de servicio",IF(TODAY()-AF108>0,"OJO EQUIPO VENCIDO",DAYS360(TODAY(),AF108)&" DIAS RESTANTES")) -> 454 DIAS RESTANTES | AJ108: 2025-07-25, ENTREGADO PARA ENVIO A TESLA_2025-08-12 LLEGI EQUIPO CALIBRADO POR TESLA | AL108: =VLOOKUP(A108,#REF!,21,FALSE) -> #REF! | AM108: =VLOOKUP(A108,#REF!,23,FALSE) -> #REF! | AN108: =AE108 -> 45870 | AO108: 45731 | AP108: =X108 -> 4 | AQ108: =EDATE(AE108,0) -> 45870 | AR108: =IF(COUNT(AQ108)<AP108,EDATE(AE108,X108),"N/A") -> 45992 | AS108: =IF(COUNT(AQ108:AR108)<AP108,EDATE(AR108,X108),"N/A") -> 46113 | AT108: =IF(COUNT(AQ108:AS108)<AP108,EDATE(AS108,X108),"N/A") -> 46235 | AU108: =IF(COUNT(AQ108:AT108)<AP108,EDATE(AT108,X108),"N/A") -> N/A | AW108: =X108 -> 4 | AX108: =EDATE(AO108,0) -> 45731 | AY108: =IF(COUNT(AX108)<AW108,EDATE(AO108,X108),"N/A") -> 45853 | AZ108: =IF(COUNT(AX108:AY108)<AW108,EDATE(AY108,X108),"N/A") -> 45976 | BA108: =IF(COUNT(AX108:AZ108)<AW108,EDATE(AZ108,X108),"N/A") -> 46096 | BB108: =IF(COUNT(AX108:BA108)<AW108,EDATE(BA108,X108),"N/A") -> N/A
A109: =IF(D109="Masa",CONCATENATE(F109,"_",L109,"_",K109),F109) -> TEC-LAB-TEM-23 | B109: =AA109 -> TLM-T-2176 | C109: No Acreditado | D109: Temperatura | E109: Patron | F109: TEC-LAB-TEM-23 | G109: Termómetro digital | H109: Laboratorio de Temperatura | I109: DIGI-SENSE | J109: 91428-08 | K109: 4011328 | L109: -30°C A 400°C | M109: 0,01 °C / 0,1 °C | N109: ± 1 °C | O109: ±0,1 °C @ -330 °C hasta -100 °C ±0,03 °C @ -99,99 °C hasta 99,99 °C ±0.1 °C @ 100,0 °C hasta 999,9 °C | P109: TUR 3 | R109: 1 | T109: (-30 °C)- (0 °C) -(100 °C)- (200 °C)-( 340 °C) | U109: N.A | V109: 18 | W109: 18 | X109: 4 | Y109: Externa | Z109: Fuera de Servicio En calibración | AA109: TLM-T-2176 | AB109: TESLA | AC109: ? | AE109: 45330 | AF109: =EDATE(AE109,(V109)) -> 45877 | AG109: Se solicito gestion de compra el 2025-06-19 | AH109: =DAYS360(TODAY(),AF109) -> -259 | AI109: =IF(Z109="Fuera de servicio","Fuera de servicio",IF(TODAY()-AF109>0,"OJO EQUIPO VENCIDO",DAYS360(TODAY(),AF109)&" DIAS RESTANTES")) -> OJO EQUIPO VENCIDO | AJ109: Se enentrega a recepcion para envio a calibracion, | AL109: =VLOOKUP(A109,#REF!,21,FALSE) -> #REF! | AM109: =VLOOKUP(A109,#REF!,23,FALSE) -> #REF! | AN109: =AE109 -> 45330 | AO109: 45703 | AP109: =X109 -> 4 | AQ109: =EDATE(AE109,0) -> 45330 | AR109: =IF(COUNT(AQ109)<AP109,EDATE(AE109,X109),"N/A") -> 45451 | AS109: =IF(COUNT(AQ109:AR109)<AP109,EDATE(AR109,X109),"N/A") -> 45573 | AT109: =IF(COUNT(AQ109:AS109)<AP109,EDATE(AS109,X109),"N/A") -> 45696 | AU109: =IF(COUNT(AQ109:AT109)<AP109,EDATE(AT109,X109),"N/A") -> N/A | AW109: =X109 -> 4 | AX109: =EDATE(AO109,0) -> 45703 | AY109: =IF(COUNT(AX109)<AW109,EDATE(AO109,X109),"N/A") -> 45823 | AZ109: =IF(COUNT(AX109:AY109)<AW109,EDATE(AY109,X109),"N/A") -> 45945 | BA109: =IF(COUNT(AX109:AZ109)<AW109,EDATE(AZ109,X109),"N/A") -> 46068 | BB109: =IF(COUNT(AX109:BA109)<AW109,EDATE(BA109,X109),"N/A") -> N/A
A110: =IF(D110="Masa",CONCATENATE(F110,"_",L110,"_",K110),F110) -> TEC-LAB-HUM-01 | B110: =AA110 -> TLM-TH-2001 | C110: No Acreditado | D110: Humedad Relativa | E110: Patron | F110: TEC-LAB-HUM-01 | G110: Termohigrómetro Digital | H110: Laboratorio de Humedad y temperatura. | I110: Delta Ohm | J110: HD2101.1R | K110: 10025051 | L110: 0 % hr a 90 % hr / -25 °C a 65 °C | M110: 0,1 % HR / 0,1 °C | N110: ± 0,5 °C ±3 % HR | O110: N.I | P110: 0,90%Hr-0,80%Hr-1,2%Hr | R110: 1 | T110: 15(20) %HR, 30 %HR, 50 %HR, 80 %HR. | U110: N.A | V110: 18 | W110: 18 | X110: 4 | Y110: Externa | Z110: En Servicio | AA110: TLM-TH-2001 | AB110: TESLA | AC110: 45422 | AE110: 45428 | AF110: =EDATE(AE110,(V110)) -> 45977 | AH110: =DAYS360(TODAY(),AF110) -> -161 | AI110: =IF(Z110="Fuera de servicio","Fuera de servicio",IF(TODAY()-AF110>0,"OJO EQUIPO VENCIDO",DAYS360(TODAY(),AF110)&" DIAS RESTANTES")) -> OJO EQUIPO VENCIDO | AL110: =VLOOKUP(A110,#REF!,21,FALSE) -> #REF! | AM110: =VLOOKUP(A110,#REF!,23,FALSE) -> #REF! | AN110: =AE110 -> 45428 | AO110: 45672 | AP110: =X110 -> 4 | AQ110: =EDATE(AE110,0) -> 45428 | AR110: =IF(COUNT(AQ110)<AP110,EDATE(AE110,X110),"N/A") -> 45551 | AS110: =IF(COUNT(AQ110:AR110)<AP110,EDATE(AR110,X110),"N/A") -> 45673 | AT110: =IF(COUNT(AQ110:AS110)<AP110,EDATE(AS110,X110),"N/A") -> 45793 | AU110: =IF(COUNT(AQ110:AT110)<AP110,EDATE(AT110,X110),"N/A") -> N/A | AW110: =X110 -> 4 | AX110: =EDATE(AO110,0) -> 45672 | AY110: =IF(COUNT(AX110)<AW110,EDATE(AO110,X110),"N/A") -> 45792 | AZ110: =IF(COUNT(AX110:AY110)<AW110,EDATE(AY110,X110),"N/A") -> 45915 | BA110: =IF(COUNT(AX110:AZ110)<AW110,EDATE(AZ110,X110),"N/A") -> 46037 | BB110: =IF(COUNT(AX110:BA110)<AW110,EDATE(BA110,X110),"N/A") -> N/A
A111: =IF(D111="Masa",CONCATENATE(F111,"_",L111,"_",K111),F111) -> TEC-LAB-HUM-07 | B111: =AA111 -> 23651 CA | C111: No Acreditado | D111: Humedad Relativa | E111: Patron | F111: TEC-LAB-HUM-07 | G111: Termohigrómetro Digital | H111: Laboratorio de Humedad y temperatura. | I111: Vaisala | J111: HMT 338 | K111: E2020007 | L111: 0 % hr a 100 % hr / -70 °C a 180 °C | M111: 0,01 % hr / 0,01 °C | N111: ± 0,5 °C ±1,8 % HR | O111: N.I | P111: (1,5 %HR) | R111: 1 | T111: (10 %HR, 30 %HR, 50 %HR, 80 %HR) | U111: N.A | V111: 24 | W111: 12 | X111: 4 | Y111: Externa | Z111: Fuera de Servicio En calibración | AA111: 23651 CA | AB111: Metrologic de Colombia S.A.S. | AC111: ? | AE111: 45154 | AF111: =EDATE(AE111,(V111)) -> 45885 | AG111: Se solicito gestion de compra el 2025-06-19 | AH111: =DAYS360(TODAY(),AF111) -> -251 | AI111: =IF(Z111="Fuera de servicio","Fuera de servicio",IF(TODAY()-AF111>0,"OJO EQUIPO VENCIDO",DAYS360(TODAY(),AF111)&" DIAS RESTANTES")) -> OJO EQUIPO VENCIDO | AJ111: 2025-08-19Se entrega a recepcion para envio a calibracion proveedor Avanza | AL111: =VLOOKUP(A111,#REF!,21,FALSE) -> #REF! | AM111: =VLOOKUP(A111,#REF!,23,FALSE) -> #REF! | AN111: =AE111 -> 45154 | AO111: 45762 | AP111: =X111 -> 4 | AQ111: =EDATE(AE111,0) -> 45154 | AR111: =IF(COUNT(AQ111)<AP111,EDATE(AE111,X111),"N/A") -> 45276 | AS111: =IF(COUNT(AQ111:AR111)<AP111,EDATE(AR111,X111),"N/A") -> 45398 | AT111: =IF(COUNT(AQ111:AS111)<AP111,EDATE(AS111,X111),"N/A") -> 45520 | AU111: =IF(COUNT(AQ111:AT111)<AP111,EDATE(AT111,X111),"N/A") -> N/A | AW111: =X111 -> 4 | AX111: =EDATE(AO111,0) -> 45762 | AY111: =IF(COUNT(AX111)<AW111,EDATE(AO111,X111),"N/A") -> 45884 | AZ111: =IF(COUNT(AX111:AY111)<AW111,EDATE(AY111,X111),"N/A") -> 46006 | BA111: =IF(COUNT(AX111:AZ111)<AW111,EDATE(AZ111,X111),"N/A") -> 46127 | BB111: =IF(COUNT(AX111:BA111)<AW111,EDATE(BA111,X111),"N/A") -> N/A
A112: =IF(D112="Masa",CONCATENATE(F112,"_",L112,"_",K112),F112) -> TEC-LAB-HUM-23 | B112: =AA112 -> 23652 CA | C112: No Acreditado | D112: Humedad Relativa | E112: Patron | F112: TEC-LAB-HUM-23 | G112: Termohigrómetro Digital | H112: Laboratorio de Humedad y temperatura. | I112: Vaisala | J112: HMT 338 | K112: C2850040 | L112: 0 % hr a 100 % hr / -70 °C a 180 °C | M112: 0,01 % hr / 0,01 °C | N112: ± 0,5 °C ±1,8 % HR | O112: N.I | P112: (1,5 %HR) | R112: 1 | T112: (10 %HR, 30 %HR, 50 %HR, 80 %HR | U112: N.A | V112: 24 | W112: 12 | X112: 4 | Y112: Externa | Z112: Fuera de Servicio En calibración | AA112: 23652 CA | AB112: Metrologic de Colombia S.A.S. | AC112: ? | AE112: 45154 | AF112: =EDATE(AE112,(V112)) -> 45885 | AG112: Se solicito gestion de compra el 2025-06-19 | AH112: =DAYS360(TODAY(),AF112) -> -251 | AI112: =IF(Z112="Fuera de servicio","Fuera de servicio",IF(TODAY()-AF112>0,"OJO EQUIPO VENCIDO",DAYS360(TODAY(),AF112)&" DIAS RESTANTES")) -> OJO EQUIPO VENCIDO | AJ112: 2025-08-19Se entrega a recepcion para envio a calibracion proveedor Avanza | AL112: =VLOOKUP(A112,#REF!,21,FALSE) -> #REF! | AM112: =VLOOKUP(A112,#REF!,23,FALSE) -> #REF! | AN112: =AE112 -> 45154 | AO112: 45762 | AP112: =X112 -> 4 | AQ112: =EDATE(AE112,0) -> 45154 | AR112: =IF(COUNT(AQ112)<AP112,EDATE(AE112,X112),"N/A") -> 45276 | AS112: =IF(COUNT(AQ112:AR112)<AP112,EDATE(AR112,X112),"N/A") -> 45398 | AT112: =IF(COUNT(AQ112:AS112)<AP112,EDATE(AS112,X112),"N/A") -> 45520 | AU112: =IF(COUNT(AQ112:AT112)<AP112,EDATE(AT112,X112),"N/A") -> N/A | AW112: =X112 -> 4 | AX112: =EDATE(AO112,0) -> 45762 | AY112: =IF(COUNT(AX112)<AW112,EDATE(AO112,X112),"N/A") -> 45884 | AZ112: =IF(COUNT(AX112:AY112)<AW112,EDATE(AY112,X112),"N/A") -> 46006 | BA112: =IF(COUNT(AX112:AZ112)<AW112,EDATE(AZ112,X112),"N/A") -> 46127 | BB112: =IF(COUNT(AX112:BA112)<AW112,EDATE(BA112,X112),"N/A") -> N/A
A113: =IF(D113="Masa",CONCATENATE(F113,"_",L113,"_",K113),F113) -> TEC-LAB-PS-03 | B113: =AA113 -> 12349/12352 | C113: No Acreditado | D113: Presion | E113: Patron | F113: TEC-LAB-PS-03 | G113: Manómetro digital | H113: Laboratorio de presión | I113: Reed | J113: 8230 | K113: 9040305 | L113: -30 psi Hasta 0 psi / 0 psi Hasta 30 psi | M113: 0,01 psi | N113: 0.003 | R113: N.A | T113: N.A | U113: 0.3 | V113: 24 | W113: 24 | X113: 4 | Y113: Externa | Z113: En Servicio | AA113: 12349/12352 | AB113: Flexilatina de Colombia LTDA | AC113: 44911 | AE113: 45700 | AF113: =EDATE(AE113,(V113)) -> 46430 | AG113: Equipo enviado a calibracion 2025-01-23 | AH113: =DAYS360(TODAY(),AF113) -> 285 | AI113: =IF(Z113="Fuera de servicio","Fuera de servicio",IF(TODAY()-AF113>0,"OJO EQUIPO VENCIDO",DAYS360(TODAY(),AF113)&" DIAS RESTANTES")) -> 285 DIAS RESTANTES | AJ113: Se solicito cotizacion a flexilatina | AK113: Enviado a Flexilatina | AL113: =VLOOKUP(A113,#REF!,21,FALSE) -> #REF! | AM113: =VLOOKUP(A113,#REF!,23,FALSE) -> #REF! | AN113: =AE113 -> 45700 | AO113: 45700 | AP113: =X113 -> 4 | AQ113: =EDATE(AE113,0) -> 45700 | AR113: =IF(COUNT(AQ113)<AP113,EDATE(AE113,X113),"N/A") -> 45820 | AS113: =IF(COUNT(AQ113:AR113)<AP113,EDATE(AR113,X113),"N/A") -> 45942 | AT113: =IF(COUNT(AQ113:AS113)<AP113,EDATE(AS113,X113),"N/A") -> 46065 | AU113: =IF(COUNT(AQ113:AT113)<AP113,EDATE(AT113,X113),"N/A") -> N/A | AW113: =X113 -> 4 | AX113: =EDATE(AO113,0) -> 45700 | AY113: =IF(COUNT(AX113)<AW113,EDATE(AO113,X113),"N/A") -> 45820 | AZ113: =IF(COUNT(AX113:AY113)<AW113,EDATE(AY113,X113),"N/A") -> 45942 | BA113: =IF(COUNT(AX113:AZ113)<AW113,EDATE(AZ113,X113),"N/A") -> 46065 | BB113: =IF(COUNT(AX113:BA113)<AW113,EDATE(BA113,X113),"N/A") -> N/A
...

Sheet Hoja1
F1: INVENTARIO INSTRUMENTOS DE MEDICIÓN, LC-FR-10 V5
F2: CD389-25
A4: Revisado Director Técnico, 2025-01-23 - Aprobado Gerente General, 2025-01-25
A5: 1+ 4 | B5: 1 | C5: 2 | D5: 3 | E5: 4 | F5: 1 | G5: 2 | H5: 3 | I5: 4 | J5: 5 | K5: 6 | L5: 7 | M5: 8 | N5: 9 | O5: 10 | P5: 11 | Q5: 12 | R5: 13 | S5: 14 | T5: 15 | U5: 16 | V5: 17 | W5: 18 | X5: 19 | Y5: 20 | Z5: 21 | AA5: 22 | AB5: 23 | AC5: 24 | AD5: 25 | AE5: 26 | AF5: 27 | AG5: 28 | AH5: 29
F6: Código | G6: Instrumento / patrón /material de referencia | H6: Ubicación | I6: Fabricante | J6: Modelo | K6: Serie/Lote/ Distintivo | L6: Intervalo de medición / Valor nominal | M6: División de escala | N6: Error maximo permitido | O6: Accuracy | P6: INCERTIDUMBRE (mg) | Q6: Estabilidad | R6: NUMERO DE MASAS / # SENSORES | S6: Uniformidad | T6: Escalón de verificación/Puntos a Calibrar/Intervalo de Calibracion | U6: Clase | V6: Frecuencia de calibración (meses) | W6: Frecuencia de Mtto (meses) | X6: Frecuencia de Verificacion (meses) | Y6: Tipo de calibración | Z6: Estado | AA6: Número del último certificado de calibración | AB6: Calibrado por | AC6: Fecha de la último mantenimiento/ Inicio uso para MRC | AD6: Fecha de la proximo mantenimiento / Inicio uso para MRC | AE6: Fecha de la última calibración | AF6: Fecha próxima calibración /Vencimiento | AG6: Observaciones | AH6: Dias Vigencia | AJ6: Observaciones 2 | AK6: Observaciones 3 | AL6: Frecuencia Inicial | AM6: Frcuencia actual Calculada | AN6: Fcal | AO6: F_Inicio | AP6: Frec Vintermedia en Meses | AQ6: Verif 1 | AR6: Verif 2 | AS6: Verif 3 | AT6: Verif 4 | AU6: Verif 5 | AW6: Frec Vintermedia en Meses | AX6: Verif 1 | AY6: Verif 2 | AZ6: Verif 3 | BA6: Verif 4 | BB6: Verif 5 | BC6: Magnitud
A7: =IF(D7="Masa",CONCATENATE(F7,"_",L7,"_",K7),F7) -> TEC-LAB-BA-03 | B7: =AA7 -> TM461-25A_ TM462-25A | C7: Acreditado | D7: EPFNA | E7: Patron | F7: TEC-LAB-BA-03 | G7: Balanza de precisión | H7: Laboratorio de Volumen | I7: Mettler Toledo | J7: XS205DU | K7: 1128153844 | L7: 0 g a 81 g _ 81 g a 220 g | M7: 0,01 mg_0,1 mg | N7: 0,2 mg | O7: Linealidad: 0,2 mg _ Repetibilidad: 0,01 mg | P7: 0,015 mg | R7: N.A | T7: N.A | U7: 1 | V7: 12 | W7: 12 | X7: 4 | Y7: Interna | Z7: En Servicio | AA7: TM461-25A_ TM462-25A | AB7: TECSERVICE S.A.S | AE7: 45832 | AF7: =EDATE(AE7,(V7)) -> 46197 | AG7: TDNR 9.6.3.411.203 | AH7: =DAYS360(TODAY(),AF7) -> 57 | AI7: =IF(Z7="Fuera de servicio","Fuera de servicio",IF(TODAY()-AF7>0,"OJO EQUIPO VENCIDO",DAYS360(TODAY(),AF7)&" DIAS RESTANTES")) -> 57 DIAS RESTANTES | AJ7: Pendiente Calibracion | AL7: =VLOOKUP(A7,#REF!,21,FALSE) -> #REF! | AM7: =VLOOKUP(A7,#REF!,23,FALSE) -> #REF! | AN7: =AE7 -> 45832 | AO7: 45832 | AP7: =X7 -> 4 | AQ7: =EDATE(AE7,0) -> 45832 | AR7: =IF(COUNT(AQ7)<AP7,EDATE(AE7,X7),"N/A") -> 45954 | AS7: =IF(COUNT(AQ7:AR7)<AP7,EDATE(AR7,X7),"N/A") -> 46077 | AT7: =IF(COUNT(AQ7:AS7)<AP7,EDATE(AS7,X7),"N/A") -> 46197 | AU7: =IF(COUNT(AQ7:AT7)<AP7,EDATE(AT7,X7),"N/A") -> N/A | AW7: =X7 -> 4 | AX7: =EDATE(AO7,0) -> 45832 | AY7: =IF(COUNT(AX7)<AW7,EDATE(AO7,X7),"N/A") -> 45954 | AZ7: =IF(COUNT(AX7:AY7)<AW7,EDATE(AY7,X7),"N/A") -> 46077 | BA7: =IF(COUNT(AX7:AZ7)<AW7,EDATE(AZ7,X7),"N/A") -> 46197 | BB7: =IF(COUNT(AX7:BA7)<AW7,EDATE(BA7,X7),"N/A") -> N/A | BC7: Volumen
A8: =IF(D8="Masa",CONCATENATE(F8,"_",L8,"_",K8),F8) -> TEC-LAB-BA-04 | B8: =AA8 -> TM465-25A | C8: Acreditado | D8: EPFNA | E8: Patron | F8: TEC-LAB-BA-04 | G8: Balanza de precisión | H8: Laboratorio de Volumen | I8: Mettler Toledo | J8: PR1203 | K8: 1122070004 | L8: 0 g hasta 1200 g | M8: 0,001 g | N8: 0,002 g | O8: Linealidad: 0,002 g_ Repetibilidad: 0,001 g | P8: 0,0015 mg | R8: N.A | T8: N.A | U8: 1 | V8: 12 | W8: 12 | X8: 4 | Y8: Interna | Z8: En Servicio | AA8: TM465-25A | AB8: TECSERVICE S.A.S | AE8: 45832 | AF8: =EDATE(AE8,(V8)) -> 46197 | AH8: =DAYS360(TODAY(),AF8) -> 57 | AI8: =IF(Z8="Fuera de servicio","Fuera de servicio",IF(TODAY()-AF8>0,"OJO EQUIPO VENCIDO",DAYS360(TODAY(),AF8)&" DIAS RESTANTES")) -> 57 DIAS RESTANTES | AL8: =VLOOKUP(A8,#REF!,21,FALSE) -> #REF! | AM8: =VLOOKUP(A8,#REF!,23,FALSE) -> #REF! | AN8: =AE8 -> 45832 | AO8: 45672 | AP8: =X8 -> 4 | AQ8: =EDATE(AE8,0) -> 45832 | AR8: =IF(COUNT(AQ8)<AP8,EDATE(AE8,X8),"N/A") -> 45954 | AS8: =IF(COUNT(AQ8:AR8)<AP8,EDATE(AR8,X8),"N/A") -> 46077 | AT8: =IF(COUNT(AQ8:AS8)<AP8,EDATE(AS8,X8),"N/A") -> 46197 | AU8: =IF(COUNT(AQ8:AT8)<AP8,EDATE(AT8,X8),"N/A") -> N/A | AW8: =X8 -> 4 | AX8: =EDATE(AO8,0) -> 45672 | AY8: =IF(COUNT(AX8)<AW8,EDATE(AO8,X8),"N/A") -> 45792 | AZ8: =IF(COUNT(AX8:AY8)<AW8,EDATE(AY8,X8),"N/A") -> 45915 | BA8: =IF(COUNT(AX8:AZ8)<AW8,EDATE(AZ8,X8),"N/A") -> 46037 | BB8: =IF(COUNT(AX8:BA8)<AW8,EDATE(BA8,X8),"N/A") -> N/A | BC8: Volumen
A9: =IF(D9="Masa",CONCATENATE(F9,"_",L9,"_",K9),F9) -> TEC-LAB-BA-05 | B9: =AA9 -> TM466-25A | C9: Acreditado | D9: EPFNA | E9: Patron | F9: TEC-LAB-BA-05 | G9: Balanza de precisión | H9: Laboratorio de Volumen | I9: Mettler Toledo | J9: PR8002 | K9: 1116031932 | L9: 0 g hasta 8102 g | M9: 0,01 g | N9: 0,02 g | O9: Linealidad: 0,02 g_ Repetibilidad: 0,01 g | P9: 0,015 g | R9: N.A | T9: N.A | U9: 2 | V9: 12 | W9: 12 | X9: 4 | Y9: Interna | Z9: En Servicio | AA9: TM466-25A | AB9: TECSERVICE S.A.S | AE9: 45832 | AF9: =EDATE(AE9,(V9)) -> 46197 | AH9: =DAYS360(TODAY(),AF9) -> 57 | AI9: =IF(Z9="Fuera de servicio","Fuera de servicio",IF(TODAY()-AF9>0,"OJO EQUIPO VENCIDO",DAYS360(TODAY(),AF9)&" DIAS RESTANTES")) -> 57 DIAS RESTANTES | AL9: =VLOOKUP(A9,#REF!,21,FALSE) -> #REF! | AM9: =VLOOKUP(A9,#REF!,23,FALSE) -> #REF! | AN9: =AE9 -> 45832 | AO9: 45672 | AP9: =X9 -> 4 | AQ9: =EDATE(AE9,0) -> 45832 | AR9: =IF(COUNT(AQ9)<AP9,EDATE(AE9,X9),"N/A") -> 45954 | AS9: =IF(COUNT(AQ9:AR9)<AP9,EDATE(AR9,X9),"N/A") -> 46077 | AT9: =IF(COUNT(AQ9:AS9)<AP9,EDATE(AS9,X9),"N/A") -> 46197 | AU9: =IF(COUNT(AQ9:AT9)<AP9,EDATE(AT9,X9),"N/A") -> N/A | AW9: =X9 -> 4 | AX9: =EDATE(AO9,0) -> 45672 | AY9: =IF(COUNT(AX9)<AW9,EDATE(AO9,X9),"N/A") -> 45792 | AZ9: =IF(COUNT(AX9:AY9)<AW9,EDATE(AY9,X9),"N/A") -> 45915 | BA9: =IF(COUNT(AX9:AZ9)<AW9,EDATE(AZ9,X9),"N/A") -> 46037 | BB9: =IF(COUNT(AX9:BA9)<AW9,EDATE(BA9,X9),"N/A") -> N/A | BC9: Volumen
A10: =IF(D10="Masa",CONCATENATE(F10,"_",L10,"_",K10),F10) -> TEC-LAB-BA-07 | B10: =AA10 -> TM463-25A_ TM464-25A | C10: Acreditado | D10: EPFNA | E10: Patron | F10: TEC-LAB-BA-07 | G10: Balanza semimicro | H10: Laboratorio de Volumen | I10: Ohaus | J10: EX225 D | K10: B749094701 | L10: 0,001 g hasta 220 g | M10: 0,01 mg/0,1 mg | N10: 0,1 mg | O10: Linealidad: 0,1mg_ Repetibilidad: 0,015 mg | P10: 0,015 mg _ 0,15 mg | R10: N.A | T10: N.A | U10: 1 | V10: 12 | W10: 12 | X10: 4 | Y10: Interna | Z10: En Servicio | AA10: TM463-25A_ TM464-25A | AB10: TECSERVICE S.A.S | AE10: 45832 | AF10: =EDATE(AE10,(V10)) -> 46197 | AH10: =DAYS360(TODAY(),AF10) -> 57 | AI10: =IF(Z10="Fuera de servicio","Fuera de servicio",IF(TODAY()-AF10>0,"OJO EQUIPO VENCIDO",DAYS360(TODAY(),AF10)&" DIAS RESTANTES")) -> 57 DIAS RESTANTES | AL10: =VLOOKUP(A10,#REF!,21,FALSE) -> #REF! | AM10: =VLOOKUP(A10,#REF!,23,FALSE) -> #REF! | AN10: =AE10 -> 45832 | AO10: 45672 | AP10: =X10 -> 4 | AQ10: =EDATE(AE10,0) -> 45832 | AR10: =IF(COUNT(AQ10)<AP10,EDATE(AE10,X10),"N/A") -> 45954 | AS10: =IF(COUNT(AQ10:AR10)<AP10,EDATE(AR10,X10),"N/A") -> 46077 | AT10: =IF(COUNT(AQ10:AS10)<AP10,EDATE(AS10,X10),"N/A") -> 46197 | AU10: =IF(COUNT(AQ10:AT10)<AP10,EDATE(AT10,X10),"N/A") -> N/A | AW10: =X10 -> 4 | AX10: =EDATE(AO10,0) -> 45672 | AY10: =IF(COUNT(AX10)<AW10,EDATE(AO10,X10),"N/A") -> 45792 | AZ10: =IF(COUNT(AX10:AY10)<AW10,EDATE(AY10,X10),"N/A") -> 45915 | BA10: =IF(COUNT(AX10:AZ10)<AW10,EDATE(AZ10,X10),"N/A") -> 46037 | BB10: =IF(COUNT(AX10:BA10)<AW10,EDATE(BA10,X10),"N/A") -> N/A | BC10: Volumen
A11: =IF(D11="Masa",CONCATENATE(F11,"_",L11,"_",K11),F11) -> TEC-LAB-BA-08 | B11: =AA11 -> TM467-25A | C11: Acreditado | D11: EPFNA | E11: Patron | F11: TEC-LAB-BA-08 | G11: Balanza de precisión | H11: Laboratorio de Volumen | I11: Mettler Toledo | J11: PM30000-K | K11: N.I | L11: 0 A 30000 g | M11: 0,1 g | N11: 0,2 g | O11: Linealidad: 0,2 g_ Repetibilidad: 0,1 g | P11: 0,15 g | R11: N.A | T11: N.A | U11: 3 | V11: 12 | W11: 12 | X11: 4 | Y11: Interna | Z11: En Servicio | AA11: TM467-25A | AB11: TECSERVICE S.A.S | AE11: 45832 | AF11: =EDATE(AE11,(V11)) -> 46197 | AH11: =DAYS360(TODAY(),AF11) -> 57 | AI11: =IF(Z11="Fuera de servicio","Fuera de servicio",IF(TODAY()-AF11>0,"OJO EQUIPO VENCIDO",DAYS360(TODAY(),AF11)&" DIAS RESTANTES")) -> 57 DIAS RESTANTES | AL11: =VLOOKUP(A11,#REF!,21,FALSE) -> #REF! | AM11: =VLOOKUP(A11,#REF!,23,FALSE) -> #REF! | AN11: =AE11 -> 45832 | AO11: 45672 | AP11: =X11 -> 4 | AQ11: =EDATE(AE11,0) -> 45832 | AR11: =IF(COUNT(AQ11)<AP11,EDATE(AE11,X11),"N/A") -> 45954 | AS11: =IF(COUNT(AQ11:AR11)<AP11,EDATE(AR11,X11),"N/A") -> 46077 | AT11: =IF(COUNT(AQ11:AS11)<AP11,EDATE(AS11,X11),"N/A") -> 46197 | AU11: =IF(COUNT(AQ11:AT11)<AP11,EDATE(AT11,X11),"N/A") -> N/A | AW11: =X11 -> 4 | AX11: =EDATE(AO11,0) -> 45672 | AY11: =IF(COUNT(AX11)<AW11,EDATE(AO11,X11),"N/A") -> 45792 | AZ11: =IF(COUNT(AX11:AY11)<AW11,EDATE(AY11,X11),"N/A") -> 45915 | BA11: =IF(COUNT(AX11:AZ11)<AW11,EDATE(AZ11,X11),"N/A") -> 46037 | BB11: =IF(COUNT(AX11:BA11)<AW11,EDATE(BA11,X11),"N/A") -> N/A | BC11: Volumen
A12: =IF(D12="Masa",CONCATENATE(F12,"_",L12,"_",K12),F12) -> TEC-LAB-CDT-01 | B12: =AA12 -> TCD1-24 | C12: Acreditado | D12: Condutividad | E12: Auxiliar | F12: TEC-LAB-CDT-01 | G12: Conductivimetro | H12: Laboratorio de Volumen | I12: Ohaus | J12: ST20C-A | K12: 1326061622 | L12: 0,0 a 199,90 us | M12: 0,10 us | N12: ±0,3 uS | O12: ±1,5 % /± 0,5 °C | P12: ? | R12: N.A | T12: N.A | U12: N.A | V12: 12 | W12: 12 | X12: 4 | Y12: Interna | Z12: Fuera de Servicio Daño | AA12: TCD1-24 | AB12: TecService' | AC12: 45302 | AD12: 45301 | AE12: 45302 | AF12: =EDATE(AE12,(V12)) -> 45668 | AG12: Fue reemplzadao por TEC-LAB-CDT-02 en 2024-12-19, presento daño en pantalla por caida accidental. | AH12: =DAYS360(TODAY(),AF12) -> -466 | AI12: =IF(Z12="Fuera de servicio","Fuera de servicio",IF(TODAY()-AF12>0,"OJO EQUIPO VENCIDO",DAYS360(TODAY(),AF12)&" DIAS RESTANTES")) -> OJO EQUIPO VENCIDO | AL12: =VLOOKUP(A12,#REF!,21,FALSE) -> #REF! | AM12: =VLOOKUP(A12,#REF!,23,FALSE) -> #REF! | AN12: =AE12 -> 45302 | AO12: 45672 | AP12: =X12 -> 4 | AQ12: =EDATE(AE12,0) -> 45302 | AR12: =IF(COUNT(AQ12)<AP12,EDATE(AE12,X12),"N/A") -> 45423 | AS12: =IF(COUNT(AQ12:AR12)<AP12,EDATE(AR12,X12),"N/A") -> 45546 | AT12: =IF(COUNT(AQ12:AS12)<AP12,EDATE(AS12,X12),"N/A") -> 45668 | AU12: =IF(COUNT(AQ12:AT12)<AP12,EDATE(AT12,X12),"N/A") -> N/A | AW12: =X12 -> 4 | AX12: =EDATE(AO12,0) -> 45672 | AY12: =IF(COUNT(AX12)<AW12,EDATE(AO12,X12),"N/A") -> 45792 | AZ12: =IF(COUNT(AX12:AY12)<AW12,EDATE(AY12,X12),"N/A") -> 45915 | BA12: =IF(COUNT(AX12:AZ12)<AW12,EDATE(AZ12,X12),"N/A") -> 46037 | BB12: =IF(COUNT(AX12:BA12)<AW12,EDATE(BA12,X12),"N/A") -> N/A
A13: =IF(D13="Masa",CONCATENATE(F13,"_",L13,"_",K13),F13) -> TEC-LAB-CDT-02 | B13: =AA13 -> TCD64-25 | C13: Acreditado | D13: Condutividad | E13: Auxiliar | F13: TEC-LAB-CDT-02 | G13: Conductivimetro | H13: Laboratorio de Volumen | I13: HANNA | J13: HI98308 | K13: 7450095101 | L13: 0,0 a 99,9 us | M13: 0,1 us | N13: ±0,3 uS | O13: ±2 % | P13: ? | R13: N.A | T13: N.A | U13: N.A | V13: 12 | W13: 12 | X13: 4 | Y13: Interna | Z13: En Servicio | AA13: TCD64-25 | AB13: TECSERVICE S.A.S | AC13: 45302 | AD13: 45301 | AE13: 46007 | AF13: =EDATE(AE13,(V13)) -> 46372 | AH13: =DAYS360(TODAY(),AF13) -> 229 | AI13: =IF(Z13="Fuera de servicio","Fuera de servicio",IF(TODAY()-AF13>0,"OJO EQUIPO VENCIDO",DAYS360(TODAY(),AF13)&" DIAS RESTANTES")) -> 229 DIAS RESTANTES | AJ13: No aplica | AL13: =VLOOKUP(A13,#REF!,21,FALSE) -> #REF! | AM13: =VLOOKUP(A13,#REF!,23,FALSE) -> #REF! | AN13: =AE13 -> 46007 | AO13: 45762 | AP13: =X13 -> 4 | AQ13: =EDATE(AE13,0) -> 46007 | AR13: =IF(COUNT(AQ13)<AP13,EDATE(AE13,X13),"N/A") -> 46128 | AS13: =IF(COUNT(AQ13:AR13)<AP13,EDATE(AR13,X13),"N/A") -> 46250 | AT13: =IF(COUNT(AQ13:AS13)<AP13,EDATE(AS13,X13),"N/A") -> 46372 | AU13: =IF(COUNT(AQ13:AT13)<AP13,EDATE(AT13,X13),"N/A") -> N/A | AW13: =X13 -> 4 | AX13: =EDATE(AO13,0) -> 45762 | AY13: =IF(COUNT(AX13)<AW13,EDATE(AO13,X13),"N/A") -> 45884 | AZ13: =IF(COUNT(AX13:AY13)<AW13,EDATE(AY13,X13),"N/A") -> 46006 | BA13: =IF(COUNT(AX13:AZ13)<AW13,EDATE(AZ13,X13),"N/A") -> 46127 | BB13: =IF(COUNT(AX13:BA13)<AW13,EDATE(BA13,X13),"N/A") -> N/A | BC13: Volumen
A14: =IF(D14="Masa",CONCATENATE(F14,"_",L14,"_",K14),F14) -> TEC-LAB-CMF-01 | B14: =AA14 -> ME-0041-22 | C14: No Acreditado | D14: Multifuncion | E14: Patron | F14: TEC-LAB-CMF-01 | G14: Calibrador de procesos multifunción | H14: Laboratorio de calibracion - patrones | I14: Extech Instruments | J14: 422123 | K14: 09120189 | L14: 4 mA a 20,000 mA -200 °C a 1370 °C / -100 °C a 760 °C | M14: 0,001 mA | N14: ? | P14: ? | R14: N.A | T14: N.A | U14: N.A | V14: 24 | W14: 24 | X14: 4 | Y14: Externa | Z14: Fuera de servicio | AA14: ME-0041-22 | AB14: Metrocal | AC14: ? | AE14: 44655 | AF14: =EDATE(AE14,(V14)) -> 45386 | AG14: El equipo pertenece a mtto | AH14: =DAYS360(TODAY(),AF14) -> -743 | AI14: =IF(Z14="Fuera de servicio","Fuera de servicio",IF(TODAY()-AF14>0,"OJO EQUIPO VENCIDO",DAYS360(TODAY(),AF14)&" DIAS RESTANTES")) -> Fuera de servicio | AJ14: Pertenece a Mtto | AL14: =VLOOKUP(A14,#REF!,21,FALSE) -> #REF! | AM14: =VLOOKUP(A14,#REF!,23,FALSE) -> #REF! | AN14: =AE14 -> 44655 | AO14: 45762 | AP14: =X14 -> 4 | AQ14: =EDATE(AE14,0) -> 44655 | AR14: =IF(COUNT(AQ14)<AP14,EDATE(AE14,X14),"N/A") -> 44777 | AS14: =IF(COUNT(AQ14:AR14)<AP14,EDATE(AR14,X14),"N/A") -> 44899 | AT14: =IF(COUNT(AQ14:AS14)<AP14,EDATE(AS14,X14),"N/A") -> 45020 | AU14: =IF(COUNT(AQ14:AT14)<AP14,EDATE(AT14,X14),"N/A") -> N/A | AW14: =X14 -> 4 | AX14: =EDATE(AO14,0) -> 45762 | AY14: =IF(COUNT(AX14)<AW14,EDATE(AO14,X14),"N/A") -> 45884 | AZ14: =IF(COUNT(AX14:AY14)<AW14,EDATE(AY14,X14),"N/A") -> 46006 | BA14: =IF(COUNT(AX14:AZ14)<AW14,EDATE(AZ14,X14),"N/A") -> 46127 | BB14: =IF(COUNT(AX14:BA14)<AW14,EDATE(BA14,X14),"N/A") -> N/A
A15: =IF(D15="Masa",CONCATENATE(F15,"_",L15,"_",K15),F15) -> TEC-LAB-HUM-01 | B15: =AA15 -> TLM-TH-3537 | C15: No Acreditado | D15: Humedad Relativa | E15: Patron | F15: TEC-LAB-HUM-01 | G15: Termohigrómetro Digital | H15: Laboratorio de Humedad y temperatura. | I15: Delta Ohm | J15: HD2101.1R | K15: 10025051 | L15: 0 % hr a 90 % hr / -25 °C a 65 °C | M15: 0,1 % HR / 0,1 °C | N15: ± 0,5 °C ±3 % HR | O15: N.I | P15: 0,90%Hr-0,80%Hr-1,2%Hr | R15: 1 | T15: 15(20) %HR, 30 %HR, 50 %HR, 80 %HR. | U15: N.A | V15: 18 | W15: 18 | X15: 4 | Y15: Externa | Z15: En Servicio | AA15: TLM-TH-3537 | AB15: TESLA | AC15: 45422 | AE15: 46002 | AF15: =EDATE(AE15,(V15)) -> 46549 | AH15: =DAYS360(TODAY(),AF15) -> 404 | AI15: =IF(Z15="Fuera de servicio","Fuera de servicio",IF(TODAY()-AF15>0,"OJO EQUIPO VENCIDO",DAYS360(TODAY(),AF15)&" DIAS RESTANTES")) -> 404 DIAS RESTANTES | AJ15: Se solicito gestion de compra para envio a calibracion , Enviado a Tesla | AL15: =VLOOKUP(A15,#REF!,21,FALSE) -> #REF! | AM15: =VLOOKUP(A15,#REF!,23,FALSE) -> #REF! | AN15: =AE15 -> 46002 | AO15: 45672 | AP15: =X15 -> 4 | AQ15: =EDATE(AE15,0) -> 46002 | AR15: =IF(COUNT(AQ15)<AP15,EDATE(AE15,X15),"N/A") -> 46123 | AS15: =IF(COUNT(AQ15:AR15)<AP15,EDATE(AR15,X15),"N/A") -> 46245 | AT15: =IF(COUNT(AQ15:AS15)<AP15,EDATE(AS15,X15),"N/A") -> 46367 | AU15: =IF(COUNT(AQ15:AT15)<AP15,EDATE(AT15,X15),"N/A") -> N/A | AW15: =X15 -> 4 | AX15: =EDATE(AO15,0) -> 45672 | AY15: =IF(COUNT(AX15)<AW15,EDATE(AO15,X15),"N/A") -> 45792 | AZ15: =IF(COUNT(AX15:AY15)<AW15,EDATE(AY15,X15),"N/A") -> 45915 | BA15: =IF(COUNT(AX15:AZ15)<AW15,EDATE(AZ15,X15),"N/A") -> 46037 | BB15: =IF(COUNT(AX15:BA15)<AW15,EDATE(BA15,X15),"N/A") -> N/A | BC15: Humedad Relativa
A16: =IF(D16="Masa",CONCATENATE(F16,"_",L16,"_",K16),F16) -> TEC-LAB-HUM-03 | B16: =AA16 -> 34798 C_34799 C | C16: No Acreditado | D16: Humedad Relativa | E16: Auxiliar | F16: TEC-LAB-HUM-03 | G16: Cámara de Estabilidad | H16: Laboratorio de Humedad y temperatura de Aire | I16: Binder | J16: KBF 240-UL | K16: 10-15017 | L16: 10 % hr a 80 % hr / 0 °C a 70 °C | M16: 0,1 % HR / 0,1 °C | N16: N.A | O16: ±1,8 % hr/±0,5 °C | P16: 0.086 | Q16: 0,3 °C y 1,5 % HR | R16: N.A | S16: 0,3 °C y 0,5 % HR | T16: 0°C, 10°C, 20 °C, 30°C 40 °C y 50°C 10 %HR, 30 %HR, 50 % HR 70 %HR 80 % HR | U16: N.A. | V16: 36 | W16: 12 | X16: 4 | Y16: Externa | Z16: En Servicio | AA16: 34798 C_34799 C | AB16: METROLOGIC DE COLOMBIA S.A.S. | AC16: ? | AE16: 45980 | AF16: =EDATE(AE16,(V16)) -> 47076 | AH16: =DAYS360(TODAY(),AF16) -> 922 | AI16: =IF(Z16="Fuera de servicio","Fuera de servicio",IF(TODAY()-AF16>0,"OJO EQUIPO VENCIDO",DAYS360(TODAY(),AF16)&" DIAS RESTANTES")) -> 922 DIAS RESTANTES | AJ16: Se envio cotizacion 2024-03-15/ se envia cotizaciones nuevamente 2025-03-10 | AK16: Se envio cotizacion para aprobacion 2024-03-18 | AL16: =VLOOKUP(A16,#REF!,21,FALSE) -> #REF! | AM16: =VLOOKUP(A16,#REF!,23,FALSE) -> #REF! | AN16: =AE16 -> 45980 | AO16: 45731 | AP16: =X16 -> 4 | AQ16: =EDATE(AE16,0) -> 45980 | AR16: =IF(COUNT(AQ16)<AP16,EDATE(AE16,X16),"N/A") -> 46100 | AS16: =IF(COUNT(AQ16:AR16)<AP16,EDATE(AR16,X16),"N/A") -> 46222 | AT16: =IF(COUNT(AQ16:AS16)<AP16,EDATE(AS16,X16),"N/A") -> 46345 | AU16: =IF(COUNT(AQ16:AT16)<AP16,EDATE(AT16,X16),"N/A") -> N/A | AW16: =X16 -> 4 | AX16: =EDATE(AO16,0) -> 45731 | AY16: =IF(COUNT(AX16)<AW16,EDATE(AO16,X16),"N/A") -> 45853 | AZ16: =IF(COUNT(AX16:AY16)<AW16,EDATE(AY16,X16),"N/A") -> 45976 | BA16: =IF(COUNT(AX16:AZ16)<AW16,EDATE(AZ16,X16),"N/A") -> 46096 | BB16: =IF(COUNT(AX16:BA16)<AW16,EDATE(BA16,X16),"N/A") -> N/A | BC16: Humedad Relativa
A17: =IF(D17="Masa",CONCATENATE(F17,"_",L17,"_",K17),F17) -> TEC-LAB-HUM-05 | B17: =AA17 -> K008-H01458, K008-H00731, K008-H01590, K008-H01378 | C17: No Acreditado | D17: Humedad Relativa | E17: Patron | F17: TEC-LAB-HUM-05 | G17: Kit sales de calibración humedad relativa | H17: Laboratorio de Humedad y temperatura de Aire | I17: Vaisala | J17: HMK15 19728HM | K17: 6601 | L17: 0 °C hasta 50 °C | M17: N.A | P17: N.A. | Q17: N.A. | R17: 1 | S17: N.A. | T17: 11 %HR, 33 %HR, 75 %HR, 97 % HR | U17: N.A. | V17: 36 | W17: 36 | X17: 4 | Y17: Externa | Z17: En Servicio | AA17: K008-H01458, K008-H00731, K008-H01590, K008-H01378 | AB17: Vaisala | AE17: 45338 | AF17: =EDATE(AE17,(V17)) -> 46434 | AH17: =DAYS360(TODAY(),AF17) -> 289 | AI17: =IF(Z17="Fuera de servicio","Fuera de servicio",IF(TODAY()-AF17>0,"OJO EQUIPO VENCIDO",DAYS360(TODAY(),AF17)&" DIAS RESTANTES")) -> 289 DIAS RESTANTES | AL17: =VLOOKUP(A17,#REF!,21,FALSE) -> #REF! | AM17: =VLOOKUP(A17,#REF!,23,FALSE) -> #REF! | AN17: =AE17 -> 45338 | AO17: 45703 | AP17: =X17 -> 4 | AQ17: =EDATE(AE17,0) -> 45338 | AR17: =IF(COUNT(AQ17)<AP17,EDATE(AE17,X17),"N/A") -> 45459 | AS17: =IF(COUNT(AQ17:AR17)<AP17,EDATE(AR17,X17),"N/A") -> 45581 | AT17: =IF(COUNT(AQ17:AS17)<AP17,EDATE(AS17,X17),"N/A") -> 45704 | AU17: =IF(COUNT(AQ17:AT17)<AP17,EDATE(AT17,X17),"N/A") -> N/A | AW17: =X17 -> 4 | AX17: =EDATE(AO17,0) -> 45703 | AY17: =IF(COUNT(AX17)<AW17,EDATE(AO17,X17),"N/A") -> 45823 | AZ17: =IF(COUNT(AX17:AY17)<AW17,EDATE(AY17,X17),"N/A") -> 45945 | BA17: =IF(COUNT(AX17:AZ17)<AW17,EDATE(AZ17,X17),"N/A") -> 46068 | BB17: =IF(COUNT(AX17:BA17)<AW17,EDATE(BA17,X17),"N/A") -> N/A | BC17: Humedad Relativa
A18: =IF(D18="Masa",CONCATENATE(F18,"_",L18,"_",K18),F18) -> TEC-LAB-HUM-06 | B18: =AA18 -> SAN/25/671/TH/1 | C18: No Acreditado | D18: Humedad Relativa | E18: Auxiliar | F18: TEC-LAB-HUM-06 | G18: Cámara generador de temperatura y humedad | H18: Binder | I18: SANSEL | J18: HCAL 1104U | K18: HCALC0320250008 | L18: 3 % hr a 95 % hr / 5 °C a 60 °C | M18: 0,01 % HR / 0,01 °C | N18: Estabilidad:0,2 %Hr_ 0,05°C / Uniformidad:0,3 %Hr_ 0,2°C uniformidad:0,3 %Hr_ 0,2°C | O18: 0,8 %Hr_ 0,2 °C | Q18: Estabilidad:0,2 %Hr_ 0,05°C uniformidad:0,3 %Hr_ 0,2°C | R18: 0,3 °C y 0,5 % HR | S18: Uniformidad:0,3 %Hr_ 0,2°C uniformidad:0,3 %Hr_ 0,2°C | T18: N.A. | U18: N.A | V18: 24 | W18: 12 | X18: 4 | Y18: externa | Z18: En Servicio | AA18: SAN/25/671/TH/1 | AB18: SANSEL | AD18: -152 | AE18: 45805 | AF18: =EDATE(AE18,(V18)) -> 46535 | AG18: Equipo Nuevo | AH18: =DAYS360(TODAY(),AF18) -> 391 | AI18: =IF(Z18="Fuera de servicio","Fuera de servicio",IF(TODAY()-AF18>0,"OJO EQUIPO VENCIDO",DAYS360(TODAY(),AF18)&" DIAS RESTANTES")) -> 391 DIAS RESTANTES | AJ18: Pendiente Calibracion | AK18: Se envio a calibracion Enero 2025 | AL18: =VLOOKUP(A18,#REF!,21,FALSE) -> #REF! | AM18: =VLOOKUP(A18,#REF!,23,FALSE) -> #REF! | AN18: =AE18 -> 45805 | AO18: 45805 | AP18: =X18 -> 4 | AQ18: =EDATE(AE18,0) -> 45805 | AR18: =IF(COUNT(AQ18)<AP18,EDATE(AE18,X18),"N/A") -> 45928 | AS18: =IF(COUNT(AQ18:AR18)<AP18,EDATE(AR18,X18),"N/A") -> 46050 | AT18: =IF(COUNT(AQ18:AS18)<AP18,EDATE(AS18,X18),"N/A") -> 46170 | AU18: =IF(COUNT(AQ18:AT18)<AP18,EDATE(AT18,X18),"N/A") -> N/A | AW18: =X18 -> 4 | AX18: =EDATE(AO18,0) -> 45805 | AY18: =IF(COUNT(AX18)<AW18,EDATE(AO18,X18),"N/A") -> 45928 | AZ18: =IF(COUNT(AX18:AY18)<AW18,EDATE(AY18,X18),"N/A") -> 46050 | BA18: =IF(COUNT(AX18:AZ18)<AW18,EDATE(AZ18,X18),"N/A") -> 46170 | BB18: =IF(COUNT(AX18:BA18)<AW18,EDATE(BA18,X18),"N/A") -> N/A | BC18: Humedad Relativa
A19: =IF(D19="Masa",CONCATENATE(F19,"_",L19,"_",K19),F19) -> TEC-LAB-HUM-07 | B19: =AA19 -> ALH-528-25_ ALT-830-25 | C19: No Acreditado | D19: Humedad Relativa | E19: Patron | F19: TEC-LAB-HUM-07 | G19: Termohigrómetro Digital | H19: Laboratorio de Humedad y temperatura. | I19: Vaisala | J19: HMT 338 | K19: E2020007 | L19: 0 % hr a 100 % hr / -70 °C a 180 °C | M19: 0,01 % hr / 0,01 °C | N19: ± 0,5 °C ±1,8 % HR | O19: Humedad at +15 … +25 °C (59 … +77 °F) ±1 %RH (0 … 90 %) ±1.7 %RH (90 … 100 %RH) at −20 … +40 °C (−4 … +104 °F) ±(1.0 + 0.008 × reading) %RH at −40 … +180 °C (−40 … +356 °F) ±(1.5 + 0.015 × reading) %RH Factory calibration uncertainty 3) (+20 °C) ±0.6 %RH (0 … 40 %RH) ±1.0 %RH (40 … 97 %RH) Temperatura ± 0.2 °C (± 0.36 °F) | P19: (1,5 %HR) | R19: 1 | T19: (10 %HR, 30 %HR, 50 %HR, 80 %HR) | U19: N.A | V19: 24 | W19: 12 | X19: 4 | Y19: Externa | Z19: En Servicio | AA19: ALH-528-25_ ALT-830-25 | AB19: ALPHA | AC19: ? | AE19: 45910 | AF19: =EDATE(AE19,(V19)) -> 46640 | AG19: Se solicito gestion de compra el 2025-06-19 | AH19: =DAYS360(TODAY(),AF19) -> 493 | AI19: =IF(Z19="Fuera de servicio","Fuera de servicio",IF(TODAY()-AF19>0,"OJO EQUIPO VENCIDO",DAYS360(TODAY(),AF19)&" DIAS RESTANTES")) -> 493 DIAS RESTANTES | AJ19: 2025-08-19Se entrega a recepcion para envio a calibracion proveedor Avanza | AL19: =VLOOKUP(A19,#REF!,21,FALSE) -> #REF! | AM19: =VLOOKUP(A19,#REF!,23,FALSE) -> #REF! | AN19: =AE19 -> 45910 | AO19: 45762 | AP19: =X19 -> 4 | AQ19: =EDATE(AE19,0) -> 45910 | AR19: =IF(COUNT(AQ19)<AP19,EDATE(AE19,X19),"N/A") -> 46032 | AS19: =IF(COUNT(AQ19:AR19)<AP19,EDATE(AR19,X19),"N/A") -> 46152 | AT19: =IF(COUNT(AQ19:AS19)<AP19,EDATE(AS19,X19),"N/A") -> 46275 | AU19: =IF(COUNT(AQ19:AT19)<AP19,EDATE(AT19,X19),"N/A") -> N/A | AW19: =X19 -> 4 | AX19: =EDATE(AO19,0) -> 45762 | AY19: =IF(COUNT(AX19)<AW19,EDATE(AO19,X19),"N/A") -> 45884 | AZ19: =IF(COUNT(AX19:AY19)<AW19,EDATE(AY19,X19),"N/A") -> 46006 | BA19: =IF(COUNT(AX19:AZ19)<AW19,EDATE(AZ19,X19),"N/A") -> 46127 | BB19: =IF(COUNT(AX19:BA19)<AW19,EDATE(BA19,X19),"N/A") -> N/A | BC19: Humedad Relativa
A20: =IF(D20="Masa",CONCATENATE(F20,"_",L20,"_",K20),F20) -> TEC-LAB-HUM-23 | B20: =AA20 -> ALH-529-25_ALT-831-25 | C20: No Acreditado | D20: Humedad Relativa | E20: Patron | F20: TEC-LAB-HUM-23 | G20: Termohigrómetro Digital | H20: Laboratorio de Humedad y temperatura. | I20: Vaisala | J20: HMT 338 | K20: C2850040 | L20: 0 % hr a 100 % hr / -70 °C a 180 °C | M20: 0,01 % hr / 0,01 °C | N20: ± 0,5 °C ±1,8 % HR | O20: Humedad at +15 … +25 °C (59 … +77 °F) ±1 %RH (0 … 90 %) ±1.7 %RH (90 … 100 %RH) at −20 … +40 °C (−4 … +104 °F) ±(1.0 + 0.008 × reading) %RH at −40 … +180 °C (−40 … +356 °F) ±(1.5 + 0.015 × reading) %RH Factory calibration uncertainty 3) (+20 °C) ±0.6 %RH (0 … 40 %RH) ±1.0 %RH (40 … 97 %RH) Temperatura ± 0.2 °C (± 0.36 °F) | P20: (1,5 %HR) | R20: 1 | T20: (10 %HR, 30 %HR, 50 %HR, 80 %HR | U20: N.A | V20: 24 | W20: 12 | X20: 4 | Y20: Externa | Z20: En Servicio | AA20: ALH-529-25_ALT-831-25 | AB20: ALPHA | AC20: ? | AE20: 45910 | AF20: =EDATE(AE20,(V20)) -> 46640 | AG20: Se solicito gestion de compra el 2025-06-19 | AH20: =DAYS360(TODAY(),AF20) -> 493 | AI20: =IF(Z20="Fuera de servicio","Fuera de servicio",IF(TODAY()-AF20>0,"OJO EQUIPO VENCIDO",DAYS360(TODAY(),AF20)&" DIAS RESTANTES")) -> 493 DIAS RESTANTES | AJ20: 2025-08-19Se entrega a recepcion para envio a calibracion proveedor Avanza | AL20: =VLOOKUP(A20,#REF!,21,FALSE) -> #REF! | AM20: =VLOOKUP(A20,#REF!,23,FALSE) -> #REF! | AN20: =AE20 -> 45910 | AO20: 45762 | AP20: =X20 -> 4 | AQ20: =EDATE(AE20,0) -> 45910 | AR20: =IF(COUNT(AQ20)<AP20,EDATE(AE20,X20),"N/A") -> 46032 | AS20: =IF(COUNT(AQ20:AR20)<AP20,EDATE(AR20,X20),"N/A") -> 46152 | AT20: =IF(COUNT(AQ20:AS20)<AP20,EDATE(AS20,X20),"N/A") -> 46275 | AU20: =IF(COUNT(AQ20:AT20)<AP20,EDATE(AT20,X20),"N/A") -> N/A | AW20: =X20 -> 4 | AX20: =EDATE(AO20,0) -> 45762 | AY20: =IF(COUNT(AX20)<AW20,EDATE(AO20,X20),"N/A") -> 45884 | AZ20: =IF(COUNT(AX20:AY20)<AW20,EDATE(AY20,X20),"N/A") -> 46006 | BA20: =IF(COUNT(AX20:AZ20)<AW20,EDATE(AZ20,X20),"N/A") -> 46127 | BB20: =IF(COUNT(AX20:BA20)<AW20,EDATE(BA20,X20),"N/A") -> N/A | BC20: Humedad Relativa
A21: =IF(D21="Masa",CONCATENATE(F21,"_",L21,"_",K21),F21) -> TEC-LAB-HUM-24 | B21: Patron | C21: TEC-LAB-HUM-23 | D21: Termohigrómetro Digital | E21: Patron | F21: TEC-LAB-HUM-24 | G21: Termohigrómetro Digital | H21: 0 % hr a 100 % hr / -70 °C a 180 °C | I21: Vaisala | J21: HMP3 | K21: X4851139 | L21: 0 % hr a 100 % hr / -40 °C a 120 °C | M21: 0,01 % hr / 0,01 °C | N21: ± 0,1 °C ± 0,8 % HR | O21: ±0.1 °C_ ± 0.8 %RH (0–90 %RH) @ 23 °Cc | P21: ±0.1 °C (±0.18 °F) at +23 °C _ ±0.5 %RH (0–40 %RH) ± 0.8 %RH (40–95 %RH) | R21: 1 | T21: (10 %HR, 30 %HR, 50 %HR, 90 %HR | U21: N.A | V21: 12 | W21: 12 | X21: 4 | Y21: Externa | Z21: Fuera de Servicio Eq Nuevo | AA21: HEL254940115 | AB21: Vaisala | AC21: 568 DIAS RESTANTES | AD21: 2025-08-19Se entrega a recepcion para envio a calibracion proveedor Avanza | AF21: =EDATE(AE21,(V21)) -> 366 | AH21: =DAYS360(TODAY(),AF21) -> -45116 | AI21: =IF(Z21="Fuera de servicio","Fuera de servicio",IF(TODAY()-AF21>0,"OJO EQUIPO VENCIDO",DAYS360(TODAY(),AF21)&" DIAS RESTANTES")) -> OJO EQUIPO VENCIDO | AL21: =VLOOKUP(A21,#REF!,21,FALSE) -> #REF! | AM21: =VLOOKUP(A21,#REF!,23,FALSE) -> #REF! | AN21: =AE21 -> 0 | AO21: 45762 | AP21: =X21 -> 4 | AQ21: =EDATE(AE21,0) -> 0 | AR21: =IF(COUNT(AQ21)<AP21,EDATE(AE21,X21),"N/A") -> 121 | AS21: =IF(COUNT(AQ21:AR21)<AP21,EDATE(AR21,X21),"N/A") -> 243 | AT21: =IF(COUNT(AQ21:AS21)<AP21,EDATE(AS21,X21),"N/A") -> 365 | AU21: =IF(COUNT(AQ21:AT21)<AP21,EDATE(AT21,X21),"N/A") -> N/A | AW21: =X21 -> 4 | AX21: =EDATE(AO21,0) -> 45762 | AY21: =IF(COUNT(AX21)<AW21,EDATE(AO21,X21),"N/A") -> 45884 | AZ21: =IF(COUNT(AX21:AY21)<AW21,EDATE(AY21,X21),"N/A") -> 46006 | BA21: =IF(COUNT(AX21:AZ21)<AW21,EDATE(AZ21,X21),"N/A") -> 46127 | BB21: =IF(COUNT(AX21:BA21)<AW21,EDATE(BA21,X21),"N/A") -> N/A | BC21: Humedad Relativa
A22: =IF(D22="Masa",CONCATENATE(F22,"_",L22,"_",K22),F22) -> TEC-LAB-L-01 | B22: =AA22 -> LML-0243-25 | C22: No Acreditado | D22: Longitud | E22: Auxiliar | F22: TEC-LAB-L-01 | G22: Set de bloques patron de longitud | H22: Laboratorios de calibración. | I22: Mitutoyo | J22: 516-947-22/ BM1-87-3F/PA | K22: 0300805 | L22: 0,5mm a 100 mm | M22: N.A. | N22: Según NTC-ISO 3650 | O22: 0,03 mm | P22: 0,01 mm | Q22: N.A. | R22: 1 | S22: N.A. | T22: Externa | U22: N.A | V22: 24 | W22: 12 | X22: 4 | Y22: Externa | Z22: En Servicio | AA22: LML-0243-25 | AB22: Equipos y Controles Industriales S.A. | AC22: 44856 | AD22: =AC22+W22 -> 44868 | AE22: 45700 | AF22: =EDATE(AE22,(V22)) -> 46430 | AG22: Envidas a Calibracion 2025-01-16; Recibidada en 2025-02-19 | AH22: =DAYS360(TODAY(),AF22) -> 285 | AI22: =IF(Z22="Fuera de servicio","Fuera de servicio",IF(TODAY()-AF22>0,"OJO EQUIPO VENCIDO",DAYS360(TODAY(),AF22)&" DIAS RESTANTES")) -> 285 DIAS RESTANTES | AJ22: 2024-11-24 Se solicita cotizacion a sumicol | AK22: Enviado a SUMINCOL | AL22: =VLOOKUP(A22,#REF!,21,FALSE) -> #REF! | AM22: =VLOOKUP(A22,#REF!,23,FALSE) -> #REF! | AN22: =AE22 -> 45700 | AO22: 45700 | AP22: =X22 -> 4 | AQ22: =EDATE(AE22,0) -> 45700 | AR22: =IF(COUNT(AQ22)<AP22,EDATE(AE22,X22),"N/A") -> 45820 | AS22: =IF(COUNT(AQ22:AR22)<AP22,EDATE(AR22,X22),"N/A") -> 45942 | AT22: =IF(COUNT(AQ22:AS22)<AP22,EDATE(AS22,X22),"N/A") -> 46065 | AU22: =IF(COUNT(AQ22:AT22)<AP22,EDATE(AT22,X22),"N/A") -> N/A | AW22: =X22 -> 4 | AX22: =EDATE(AO22,0) -> 45700 | AY22: =IF(COUNT(AX22)<AW22,EDATE(AO22,X22),"N/A") -> 45820 | AZ22: =IF(COUNT(AX22:AY22)<AW22,EDATE(AY22,X22),"N/A") -> 45942 | BA22: =IF(COUNT(AX22:AZ22)<AW22,EDATE(AZ22,X22),"N/A") -> 46065 | BB22: =IF(COUNT(AX22:BA22)<AW22,EDATE(BA22,X22),"N/A") -> N/A | BC22: Longitud
A23: =IF(D23="Masa",CONCATENATE(F23,"_",L23,"_",K23),F23) -> TEC-LAB-LI-01 | B23: =AA23 -> L32338 | C23: Acreditado | D23: Volumen | E23: Auxiliar | F23: TEC-LAB-LI-01 | G23: Pie de rey | H23: Laboratorio de volumen | I23: Mitutoyo | J23: 500-172-30B | K23: 17933767 | L23: 0 a 200 mm | M23: 0,01 mm | N23: Según NTC 4303 | O23: 0,03 mm | P23: 0,01 mm | Q23: N.A. | R23: 1 | S23: N.A. | T23: Externa | U23: - | V23: 19 | W23: 12 | X23: 6 | Y23: Externa | Z23: En Servicio | AA23: L32338 | AB23: SUMINCOL | AC23: 45343 | AD23: 45709 | AE23: 45861 | AF23: =EDATE(AE23,(V23)) -> 46441 | AG23: Se solicto compra y cotizaciona a sumincol 2025-04-07/ se envio solictud de compra 7 de abril, esta emn calibracion | AH23: =DAYS360(TODAY(),AF23) -> 296 | AI23: =IF(Z23="Fuera de servicio","Fuera de servicio",IF(TODAY()-AF23>0,"OJO EQUIPO VENCIDO",DAYS360(TODAY(),AF23)&" DIAS RESTANTES")) -> 296 DIAS RESTANTES | AL23: =VLOOKUP(A23,#REF!,21,FALSE) -> #REF! | AM23: =VLOOKUP(A23,#REF!,23,FALSE) -> #REF! | AN23: =AE23 -> 45861 | AO23: 45861 | AP23: =X23 -> 6 | AQ23: =EDATE(AE23,0) -> 45861 | AR23: =IF(COUNT(AQ23)<AP23,EDATE(AE23,X23),"N/A") -> 46045 | AS23: =IF(COUNT(AQ23:AR23)<AP23,EDATE(AR23,X23),"N/A") -> 46226 | AT23: =IF(COUNT(AQ23:AS23)<AP23,EDATE(AS23,X23),"N/A") -> 46410 | AU23: =IF(COUNT(AQ23:AT23)<AP23,EDATE(AT23,X23),"N/A") -> 46591 | AW23: =X23 -> 6 | AX23: =EDATE(AO23,0) -> 45861 | AY23: =IF(COUNT(AX23)<AW23,EDATE(AO23,X23),"N/A") -> 46045 | AZ23: =IF(COUNT(AX23:AY23)<AW23,EDATE(AY23,X23),"N/A") -> 46226 | BA23: =IF(COUNT(AX23:AZ23)<AW23,EDATE(AZ23,X23),"N/A") -> 46410 | BB23: =IF(COUNT(AX23:BA23)<AW23,EDATE(BA23,X23),"N/A") -> 46591 | BC23: volumen Auxiliar
A24: =IF(D24="Masa",CONCATENATE(F24,"_",L24,"_",K24),F24) -> TEC-LAB-LI-02 | B24: =AA24 -> L28887 | C24: Acreditado | D24: Volumen | E24: Auxiliar | F24: TEC-LAB-LI-02 | G24: Pie de rey | H24: Laboratorio de volumen | I24: Shahe | J24: 5130-150A | K24: WD2401A04517 | L24: 8 a 150 mm | M24: 0,01 mm | N24: Según Fabricante | O24: 0,04 mm | P24: 0,01 mm | Q24: N.A. | R24: 1 | S24: N.A. | T24: Externa | U24: - | V24: 24 | W24: 12 | X24: 4 | Y24: Externa | Z24: En Servicio | AA24: L28887 | AB24: SUMINCOL | AE24: 45505 | AF24: =EDATE(AE24,(V24)) -> 46235 | AH24: =DAYS360(TODAY(),AF24) -> 94 | AI24: =IF(Z24="Fuera de servicio","Fuera de servicio",IF(TODAY()-AF24>0,"OJO EQUIPO VENCIDO",DAYS360(TODAY(),AF24)&" DIAS RESTANTES")) -> 94 DIAS RESTANTES | AJ24: Cotizar con SENA CALI | AK24: Se realiza solicitud de compra 2024-01-11 | AL24: =VLOOKUP(A24,#REF!,21,FALSE) -> #REF! | AM24: =VLOOKUP(A24,#REF!,23,FALSE) -> #REF! | AN24: =AE24 -> 45505 | AO24: 45762 | AP24: =X24 -> 4 | AQ24: =EDATE(AE24,0) -> 45505 | AR24: =IF(COUNT(AQ24)<AP24,EDATE(AE24,X24),"N/A") -> 45627 | AS24: =IF(COUNT(AQ24:AR24)<AP24,EDATE(AR24,X24),"N/A") -> 45748 | AT24: =IF(COUNT(AQ24:AS24)<AP24,EDATE(AS24,X24),"N/A") -> 45870 | AU24: =IF(COUNT(AQ24:AT24)<AP24,EDATE(AT24,X24),"N/A") -> N/A | AW24: =X24 -> 4 | AX24: =EDATE(AO24,0) -> 45762 | AY24: =IF(COUNT(AX24)<AW24,EDATE(AO24,X24),"N/A") -> 45884 | AZ24: =IF(COUNT(AX24:AY24)<AW24,EDATE(AY24,X24),"N/A") -> 46006 | BA24: =IF(COUNT(AX24:AZ24)<AW24,EDATE(AZ24,X24),"N/A") -> 46127 | BB24: =IF(COUNT(AX24:BA24)<AW24,EDATE(BA24,X24),"N/A") -> N/A | BC24: volumen Auxiliar
A25: =IF(D25="Masa",CONCATENATE(F25,"_",L25,"_",K25),F25) -> TEC-LAB-MP-01_5Kg_01 | B25: =AA25 -> 65290 C | C25: Acreditado | D25: Masa | E25: Patron | F25: TEC-LAB-MP-01 | G25: Pesa | H25: Extension Laboratorio calibracion | I25: Lexus. | J25: Paralelépipedo | K25: 01 | L25: 5Kg | M25: N.A | N25: Según NTC 1848 | O25: N.A | P25: 8 mg | R25: 1 | T25: N.A | U25: OIML M1 | V25: 12 | W25: 12 | X25: 4 | Y25: Externa | Z25: En Servicio | AA25: 65290 C | AB25: Detecto de Colombia S.A. | AC25: 45254 | AE25: 46039 | AF25: =EDATE(AE25,(V25)) -> 46404 | AG25: Enviadas a Calibracion a Detecto | AH25: =DAYS360(TODAY(),AF25) -> 260 | AI25: =IF(Z25="Fuera de servicio","Fuera de servicio",IF(TODAY()-AF25>0,"OJO EQUIPO VENCIDO",DAYS360(TODAY(),AF25)&" DIAS RESTANTES")) -> 260 DIAS RESTANTES | AK25: =AK24 -> Se realiza solicitud de compra 2024-01-11 | AL25: =VLOOKUP(A25,#REF!,21,FALSE) -> #REF! | AM25: =VLOOKUP(A25,#REF!,23,FALSE) -> #REF! | AN25: =AE25 -> 46039 | AO25: 45671 | AP25: =X25 -> 4 | AQ25: =EDATE(AE25,0) -> 46039 | AR25: =IF(COUNT(AQ25)<AP25,EDATE(AE25,X25),"N/A") -> 46159 | AS25: =IF(COUNT(AQ25:AR25)<AP25,EDATE(AR25,X25),"N/A") -> 46282 | AT25: =IF(COUNT(AQ25:AS25)<AP25,EDATE(AS25,X25),"N/A") -> 46404 | AU25: =IF(COUNT(AQ25:AT25)<AP25,EDATE(AT25,X25),"N/A") -> N/A | AW25: =X25 -> 4 | AX25: =EDATE(AO25,0) -> 45671 | AY25: =IF(COUNT(AX25)<AW25,EDATE(AO25,X25),"N/A") -> 45791 | AZ25: =IF(COUNT(AX25:AY25)<AW25,EDATE(AY25,X25),"N/A") -> 45914 | BA25: =IF(COUNT(AX25:AZ25)<AW25,EDATE(AZ25,X25),"N/A") -> 46036 | BB25: =IF(COUNT(AX25:BA25)<AW25,EDATE(BA25,X25),"N/A") -> N/A | BC25: Masa
A26: =IF(D26="Masa",CONCATENATE(F26,"_",L26,"_",K26),F26) -> TEC-LAB-MP-01_10Kg_02 | B26: =AA26 -> 65290 C | C26: Acreditado | D26: Masa | E26: Patron | F26: TEC-LAB-MP-01 | G26: Pesa | H26: Extension Laboratorio calibracion | I26: Lexus. | J26: Paralelépipedo | K26: 02 | L26: 10Kg | M26: N.A | N26: Según NTC 1848 | O26: N.A | P26: 16 mg | R26: 1 | T26: N.A | U26: OIML M1 | V26: 12 | W26: 12 | X26: 4 | Y26: Externa | Z26: En Servicio | AA26: 65290 C | AB26: Detecto de Colombia S.A. | AC26: 45254 | AE26: 46039 | AF26: =EDATE(AE26,(V26)) -> 46404 | AG26: Enviadas a Calibracion a Detecto | AH26: =DAYS360(TODAY(),AF26) -> 260 | AI26: =IF(Z26="Fuera de servicio","Fuera de servicio",IF(TODAY()-AF26>0,"OJO EQUIPO VENCIDO",DAYS360(TODAY(),AF26)&" DIAS RESTANTES")) -> 260 DIAS RESTANTES | AK26: =AK25 -> Se realiza solicitud de compra 2024-01-11 | AL26: =VLOOKUP(A26,#REF!,21,FALSE) -> #REF! | AM26: =VLOOKUP(A26,#REF!,23,FALSE) -> #REF! | AN26: =AE26 -> 46039 | AO26: 45671 | AP26: =X26 -> 4 | AQ26: =EDATE(AE26,0) -> 46039 | AR26: =IF(COUNT(AQ26)<AP26,EDATE(AE26,X26),"N/A") -> 46159 | AS26: =IF(COUNT(AQ26:AR26)<AP26,EDATE(AR26,X26),"N/A") -> 46282 | AT26: =IF(COUNT(AQ26:AS26)<AP26,EDATE(AS26,X26),"N/A") -> 46404 | AU26: =IF(COUNT(AQ26:AT26)<AP26,EDATE(AT26,X26),"N/A") -> N/A | AW26: =X26 -> 4 | AX26: =EDATE(AO26,0) -> 45671 | AY26: =IF(COUNT(AX26)<AW26,EDATE(AO26,X26),"N/A") -> 45791 | AZ26: =IF(COUNT(AX26:AY26)<AW26,EDATE(AY26,X26),"N/A") -> 45914 | BA26: =IF(COUNT(AX26:AZ26)<AW26,EDATE(AZ26,X26),"N/A") -> 46036 | BB26: =IF(COUNT(AX26:BA26)<AW26,EDATE(BA26,X26),"N/A") -> N/A | BC26: Masa
A27: =IF(D27="Masa",CONCATENATE(F27,"_",L27,"_",K27),F27) -> TEC-LAB-MP-01_20Kg_03 HASTA 32 | B27: =AA27 -> 65290 C | C27: Acreditado | D27: Masa | E27: Patron | F27: TEC-LAB-MP-01 | G27: Pesa | H27: Extension Laboratorio calibracion | I27: Lexus. | J27: Paralelépipedo | K27: 03 HASTA 32 | L27: 20Kg | M27: N.A | N27: Según NTC 1848 | O27: N.A | P27: 33 mg | R27: 30 | T27: N.A | U27: OIML M1 | V27: 12 | W27: 12 | X27: 4 | Y27: Externa | Z27: En Servicio | AA27: 65290 C | AB27: Detecto de Colombia S.A. | AC27: 45254 | AE27: 46039 | AF27: =EDATE(AE27,(V27)) -> 46404 | AG27: Enviadas a Calibracion a Detecto | AH27: =DAYS360(TODAY(),AF27) -> 260 | AI27: =IF(Z27="Fuera de servicio","Fuera de servicio",IF(TODAY()-AF27>0,"OJO EQUIPO VENCIDO",DAYS360(TODAY(),AF27)&" DIAS RESTANTES")) -> 260 DIAS RESTANTES | AK27: =AK26 -> Se realiza solicitud de compra 2024-01-11 | AL27: =VLOOKUP(A27,#REF!,21,FALSE) -> #REF! | AM27: =VLOOKUP(A27,#REF!,23,FALSE) -> #REF! | AN27: =AE27 -> 46039 | AO27: 45671 | AP27: =X27 -> 4 | AQ27: =EDATE(AE27,0) -> 46039 | AR27: =IF(COUNT(AQ27)<AP27,EDATE(AE27,X27),"N/A") -> 46159 | AS27: =IF(COUNT(AQ27:AR27)<AP27,EDATE(AR27,X27),"N/A") -> 46282 | AT27: =IF(COUNT(AQ27:AS27)<AP27,EDATE(AS27,X27),"N/A") -> 46404 | AU27: =IF(COUNT(AQ27:AT27)<AP27,EDATE(AT27,X27),"N/A") -> N/A | AW27: =X27 -> 4 | AX27: =EDATE(AO27,0) -> 45671 | AY27: =IF(COUNT(AX27)<AW27,EDATE(AO27,X27),"N/A") -> 45791 | AZ27: =IF(COUNT(AX27:AY27)<AW27,EDATE(AY27,X27),"N/A") -> 45914 | BA27: =IF(COUNT(AX27:AZ27)<AW27,EDATE(AZ27,X27),"N/A") -> 46036 | BB27: =IF(COUNT(AX27:BA27)<AW27,EDATE(BA27,X27),"N/A") -> N/A | BC27: Masa
A28: =IF(D28="Masa",CONCATENATE(F28,"_",L28,"_",K28),F28) -> TEC-LAB-MP-01a_5kg, 10kg,20Kg (615 kg)_01 Hasta 32 | B28: =AA28 -> 65290 C | C28: Acreditado | D28: Masa | E28: Patron | F28: TEC-LAB-MP-01a | G28: Juego de Pesas | H28: Extension Laboratorio calibracion | I28: Lexus. | J28: Paralelépipedo | K28: 01 Hasta 32 | L28: 5kg, 10kg,20Kg (615 kg) | M28: N.A | N28: Según NTC 1848 | O28: N.A | P28: 8 mg a 36 mg | R28: 32 | T28: N.A | U28: OIML M1 | V28: 12 | W28: 12 | X28: 4 | Y28: Externa | Z28: En Servicio | AA28: 65290 C | AB28: Detecto de Colombia S.A. | AC28: 45254 | AE28: 46039 | AF28: =EDATE(AE28,(V28)) -> 46404 | AG28: Enviadas a Calibracion a Detecto | AH28: =DAYS360(TODAY(),AF28) -> 260 | AI28: =IF(Z28="Fuera de servicio","Fuera de servicio",IF(TODAY()-AF28>0,"OJO EQUIPO VENCIDO",DAYS360(TODAY(),AF28)&" DIAS RESTANTES")) -> 260 DIAS RESTANTES | AK28: Cambiar color a Negro, autorizado por Don Hector | AL28: =VLOOKUP(A28,#REF!,21,FALSE) -> #REF! | AM28: =VLOOKUP(A28,#REF!,23,FALSE) -> #REF! | AN28: =AE28 -> 46039 | AO28: 45671 | AP28: =X28 -> 4 | AQ28: =EDATE(AE28,0) -> 46039 | AR28: =IF(COUNT(AQ28)<AP28,EDATE(AE28,X28),"N/A") -> 46159 | AS28: =IF(COUNT(AQ28:AR28)<AP28,EDATE(AR28,X28),"N/A") -> 46282 | AT28: =IF(COUNT(AQ28:AS28)<AP28,EDATE(AS28,X28),"N/A") -> 46404 | AU28: =IF(COUNT(AQ28:AT28)<AP28,EDATE(AT28,X28),"N/A") -> N/A | AW28: =X28 -> 4 | AX28: =EDATE(AO28,0) -> 45671 | AY28: =IF(COUNT(AX28)<AW28,EDATE(AO28,X28),"N/A") -> 45791 | AZ28: =IF(COUNT(AX28:AY28)<AW28,EDATE(AY28,X28),"N/A") -> 45914 | BA28: =IF(COUNT(AX28:AZ28)<AW28,EDATE(AZ28,X28),"N/A") -> 46036 | BB28: =IF(COUNT(AX28:BA28)<AW28,EDATE(BA28,X28),"N/A") -> N/A | BC28: Masa
A29: =IF(D29="Masa",CONCATENATE(F29,"_",L29,"_",K29),F29) -> TEC-LAB-MP-02_5Kg_33 | B29: =AA29 -> 65291 C | C29: Acreditado | D29: Masa | E29: Patron | F29: TEC-LAB-MP-02 | G29: Pesa | H29: Extension Laboratorio calibracion | I29: Lexus. | J29: Paralelépipedo | K29: 33 | L29: 5Kg | M29: N.A | N29: Según NTC 1848 | O29: N.A | P29: 8 mg | R29: 1 | T29: N.A | U29: OIML M1 | V29: 12 | W29: 12 | X29: 4 | Y29: Externa | Z29: En Servicio | AA29: 65291 C | AB29: Detecto de Colombia S.A. | AC29: 45281 | AE29: 46039 | AF29: =EDATE(AE29,(V29)) -> 46404 | AG29: Enviadas a Calibracion a Detecto | AH29: =DAYS360(TODAY(),AF29) -> 260 | AI29: =IF(Z29="Fuera de servicio","Fuera de servicio",IF(TODAY()-AF29>0,"OJO EQUIPO VENCIDO",DAYS360(TODAY(),AF29)&" DIAS RESTANTES")) -> 260 DIAS RESTANTES | AK29: Cambiar color a Negro, autorizado por Don Hector | AL29: =VLOOKUP(A29,#REF!,21,FALSE) -> #REF! | AM29: =VLOOKUP(A29,#REF!,23,FALSE) -> #REF! | AN29: =AE29 -> 46039 | AO29: 45665 | AP29: =X29 -> 4 | AQ29: =EDATE(AE29,0) -> 46039 | AR29: =IF(COUNT(AQ29)<AP29,EDATE(AE29,X29),"N/A") -> 46159 | AS29: =IF(COUNT(AQ29:AR29)<AP29,EDATE(AR29,X29),"N/A") -> 46282 | AT29: =IF(COUNT(AQ29:AS29)<AP29,EDATE(AS29,X29),"N/A") -> 46404 | AU29: =IF(COUNT(AQ29:AT29)<AP29,EDATE(AT29,X29),"N/A") -> N/A | AW29: =X29 -> 4 | AX29: =EDATE(AO29,0) -> 45665 | AY29: =IF(COUNT(AX29)<AW29,EDATE(AO29,X29),"N/A") -> 45785 | AZ29: =IF(COUNT(AX29:AY29)<AW29,EDATE(AY29,X29),"N/A") -> 45908 | BA29: =IF(COUNT(AX29:AZ29)<AW29,EDATE(AZ29,X29),"N/A") -> 46030 | BB29: =IF(COUNT(AX29:BA29)<AW29,EDATE(BA29,X29),"N/A") -> N/A | BC29: Masa
A30: =IF(D30="Masa",CONCATENATE(F30,"_",L30,"_",K30),F30) -> TEC-LAB-MP-02_10Kg_35 | B30: =AA30 -> 65291 C | C30: Acreditado | D30: Masa | E30: Patron | F30: TEC-LAB-MP-02 | G30: Pesa | H30: Extension Laboratorio calibracion | I30: Lexus. | J30: Paralelépipedo | K30: 35 | L30: 10Kg | M30: N.A | N30: Según NTC 1848 | O30: N.A | P30: 16 mg | R30: 1 | T30: N.A | U30: OIML M1 | V30: 12 | W30: 12 | X30: 4 | Y30: Externa | Z30: En Servicio | AA30: 65291 C | AB30: Detecto de Colombia S.A. | AC30: 45281 | AE30: 46039 | AF30: =EDATE(AE30,(V30)) -> 46404 | AG30: Enviadas a Calibracion a Detecto | AH30: =DAYS360(TODAY(),AF30) -> 260 | AI30: =IF(Z30="Fuera de servicio","Fuera de servicio",IF(TODAY()-AF30>0,"OJO EQUIPO VENCIDO",DAYS360(TODAY(),AF30)&" DIAS RESTANTES")) -> 260 DIAS RESTANTES | AK30: Cambiar color a Negro, autorizado por Don Hector | AL30: =VLOOKUP(A30,#REF!,21,FALSE) -> #REF! | AM30: =VLOOKUP(A30,#REF!,23,FALSE) -> #REF! | AN30: =AE30 -> 46039 | AO30: 45665 | AP30: =X30 -> 4 | AQ30: =EDATE(AE30,0) -> 46039 | AR30: =IF(COUNT(AQ30)<AP30,EDATE(AE30,X30),"N/A") -> 46159 | AS30: =IF(COUNT(AQ30:AR30)<AP30,EDATE(AR30,X30),"N/A") -> 46282 | AT30: =IF(COUNT(AQ30:AS30)<AP30,EDATE(AS30,X30),"N/A") -> 46404 | AU30: =IF(COUNT(AQ30:AT30)<AP30,EDATE(AT30,X30),"N/A") -> N/A | AW30: =X30 -> 4 | AX30: =EDATE(AO30,0) -> 45665 | AY30: =IF(COUNT(AX30)<AW30,EDATE(AO30,X30),"N/A") -> 45785 | AZ30: =IF(COUNT(AX30:AY30)<AW30,EDATE(AY30,X30),"N/A") -> 45908 | BA30: =IF(COUNT(AX30:AZ30)<AW30,EDATE(AZ30,X30),"N/A") -> 46030 | BB30: =IF(COUNT(AX30:BA30)<AW30,EDATE(BA30,X30),"N/A") -> N/A | BC30: Masa
A31: =IF(D31="Masa",CONCATENATE(F31,"_",L31,"_",K31),F31) -> TEC-LAB-MP-02_20Kg_37 HASTA 66 | B31: =AA31 -> 65291 C | C31: Acreditado | D31: Masa | E31: Patron | F31: TEC-LAB-MP-02 | G31: Pesa | H31: Extension Laboratorio calibracion | I31: Lexus. | J31: Paralelépipedo | K31: 37 HASTA 66 | L31: 20Kg | M31: N.A | N31: Según NTC 1848 | O31: N.A | P31: 33 mg | R31: 30 | T31: N.A | U31: OIML M1 | V31: 12 | W31: 12 | X31: 4 | Y31: Externa | Z31: En Servicio | AA31: 65291 C | AB31: Detecto de Colombia S.A. | AC31: 45281 | AE31: 46039 | AF31: =EDATE(AE31,(V31)) -> 46404 | AG31: Enviadas a Calibracion a Detecto | AH31: =DAYS360(TODAY(),AF31) -> 260 | AI31: =IF(Z31="Fuera de servicio","Fuera de servicio",IF(TODAY()-AF31>0,"OJO EQUIPO VENCIDO",DAYS360(TODAY(),AF31)&" DIAS RESTANTES")) -> 260 DIAS RESTANTES | AK31: Cambiar color a Negro, autorizado por Don Hector | AL31: =VLOOKUP(A31,#REF!,21,FALSE) -> #REF! | AM31: =VLOOKUP(A31,#REF!,23,FALSE) -> #REF! | AN31: =AE31 -> 46039 | AO31: 45665 | AP31: =X31 -> 4 | AQ31: =EDATE(AE31,0) -> 46039 | AR31: =IF(COUNT(AQ31)<AP31,EDATE(AE31,X31),"N/A") -> 46159 | AS31: =IF(COUNT(AQ31:AR31)<AP31,EDATE(AR31,X31),"N/A") -> 46282 | AT31: =IF(COUNT(AQ31:AS31)<AP31,EDATE(AS31,X31),"N/A") -> 46404 | AU31: =IF(COUNT(AQ31:AT31)<AP31,EDATE(AT31,X31),"N/A") -> N/A | AW31: =X31 -> 4 | AX31: =EDATE(AO31,0) -> 45665 | AY31: =IF(COUNT(AX31)<AW31,EDATE(AO31,X31),"N/A") -> 45785 | AZ31: =IF(COUNT(AX31:AY31)<AW31,EDATE(AY31,X31),"N/A") -> 45908 | BA31: =IF(COUNT(AX31:AZ31)<AW31,EDATE(AZ31,X31),"N/A") -> 46030 | BB31: =IF(COUNT(AX31:BA31)<AW31,EDATE(BA31,X31),"N/A") -> N/A | BC31: Masa
A32: =IF(D32="Masa",CONCATENATE(F32,"_",L32,"_",K32),F32) -> TEC-LAB-MP-02a_5Kg, 10 kg,20kg (615 kg)_33_35 y 37 hasta 66 | B32: =AA32 -> 65291 C | C32: Acreditado | D32: Masa | E32: Patron | F32: TEC-LAB-MP-02a | G32: Juego de Pesas | H32: Extension Laboratorio calibracion | I32: Lexus. | J32: Paralelépipedo | K32: 33_35 y 37 hasta 66 | L32: 5Kg, 10 kg,20kg (615 kg) | M32: N.A | N32: Según NTC 1848 | O32: N.A | P32: 8 mg a 36 mg | R32: 32 | T32: N.A | U32: OIML M1 | V32: 12 | W32: 12 | X32: 4 | Y32: Externa | Z32: En Servicio | AA32: 65291 C | AB32: Detecto de Colombia S.A. | AC32: 45275 | AE32: 46039 | AF32: =EDATE(AE32,(V32)) -> 46404 | AG32: Enviadas a Calibracion a Detecto | AH32: =DAYS360(TODAY(),AF32) -> 260 | AI32: =IF(Z32="Fuera de servicio","Fuera de servicio",IF(TODAY()-AF32>0,"OJO EQUIPO VENCIDO",DAYS360(TODAY(),AF32)&" DIAS RESTANTES")) -> 260 DIAS RESTANTES | AK32: =AK31 -> Cambiar color a Negro, autorizado por Don Hector | AL32: =VLOOKUP(A32,#REF!,21,FALSE) -> #REF! | AM32: =VLOOKUP(A32,#REF!,23,FALSE) -> #REF! | AN32: =AE32 -> 46039 | AO32: 45665 | AP32: =X32 -> 4 | AQ32: =EDATE(AE32,0) -> 46039 | AR32: =IF(COUNT(AQ32)<AP32,EDATE(AE32,X32),"N/A") -> 46159 | AS32: =IF(COUNT(AQ32:AR32)<AP32,EDATE(AR32,X32),"N/A") -> 46282 | AT32: =IF(COUNT(AQ32:AS32)<AP32,EDATE(AS32,X32),"N/A") -> 46404 | AU32: =IF(COUNT(AQ32:AT32)<AP32,EDATE(AT32,X32),"N/A") -> N/A | AW32: =X32 -> 4 | AX32: =EDATE(AO32,0) -> 45665 | AY32: =IF(COUNT(AX32)<AW32,EDATE(AO32,X32),"N/A") -> 45785 | AZ32: =IF(COUNT(AX32:AY32)<AW32,EDATE(AY32,X32),"N/A") -> 45908 | BA32: =IF(COUNT(AX32:AZ32)<AW32,EDATE(AZ32,X32),"N/A") -> 46030 | BB32: =IF(COUNT(AX32:BA32)<AW32,EDATE(BA32,X32),"N/A") -> N/A | BC32: Masa
